{"type":"FeatureCollection","features":[{"type":"Feature","properties":{"Label":"OPAH RU CENTRES VILLES DE BEGARD CALLAC GUINGAMP ET PAIMPOL","Type":"OPAH-RU","Date_debut":"2024-01-01","Date_fin":"2028-12-31","Maitre_ouvrage":"LE PRÉSIDENT DE GUINGAMP-PAIMPOL AGGLOMÉRATION","Code":"022OPA017","Operateur":"CABINET URBANIS","Departement":"22","Territoire":"DL"},"geometry":{"type":"MultiPolygon","coordinates":[[[[-3.42938090783655,48.40230905394211],[-3.428501143279669,48.402154652148795],[-3.427952218273468,48.403070918118516],[-3.427508759689053,48.40294739844098],[-3.42616407895749,48.40235592540572],[-3.42567055249875,48.40247232031386],[-3.425452399389731,48.4027169859958],[-3.425459518420498,48.402965256878865],[-3.425395145404138,48.40316835138392],[-3.425289645073744,48.40341360773867],[-3.424839033795535,48.403361349760424],[-3.424735321822764,48.40328058747306],[-3.424577965669693,48.40324020622691],[-3.423904317234611,48.40333589445663],[-3.42259539923535,48.40406512536248],[-3.422142105911832,48.40459363301312],[-3.422078627074284,48.404574036704986],[-3.422019618475959,48.40467261168668],[-3.421762125755702,48.40492201750553],[-3.421813981742086,48.40517618129006],[-3.42161192205087,48.405323448159486],[-3.421511786302211,48.40542439697114],[-3.421565430482511,48.40546240120271],[-3.421522515138271,48.40548971667732],[-3.421481387824237,48.405475465108275],[-3.421266811430464,48.405793749235265],[-3.419791237890041,48.40678873177275],[-3.419272677698778,48.406895615683325],[-3.41930844026736,48.407114133237584],[-3.42003453776221,48.407109772572],[-3.421407828450414,48.406083681861325],[-3.421500811587125,48.40613356184777],[-3.422040829777925,48.40605755446808],[-3.422484288444186,48.40549699596376],[-3.423102090696423,48.40577668215812],[-3.423389981076119,48.40585387761589],[-3.423459718510504,48.4058265623369],[-3.423273752073374,48.405599725873024],[-3.423293421551579,48.405534406308156],[-3.423372099300701,48.405507090748806],[-3.424044439912041,48.40526956408527],[-3.42475969586763,48.40551184119685],[-3.424988577485282,48.40572561416035],[-3.425854037145701,48.40620541228423],[-3.425978318381506,48.40624522763207],[-3.426171437430586,48.40636873919218],[-3.426550722971565,48.40656393640203],[-3.427181936268879,48.40694159360422],[-3.42727491940559,48.40696534555046],[-3.427316046719624,48.40695821997321],[-3.427403665520155,48.40696178276193],[-3.42743942833431,48.4069985982131],[-3.427483237529934,48.40701166177843],[-3.427812255387373,48.40679314367514],[-3.427168524896384,48.4062848486329],[-3.427290118153445,48.40620409087892],[-3.427411711737925,48.40604257520368],[-3.427590525563116,48.40539650693847],[-3.427988792398708,48.405458779749424],[-3.428874409748001,48.40551527022119],[-3.4291045913489,48.40510723959427],[-3.429297710234261,48.40462124923007],[-3.42907598106484,48.40460605339287],[-3.429126048857311,48.40439321975238],[-3.4291761169772,48.40417469039863],[-3.428372397410658,48.40407870357673],[-3.428454651875017,48.40369389913544],[-3.428626313251977,48.403720027960446],[-3.428819432301048,48.40328058741871],[-3.42952395909315,48.403480117523614],[-3.429695620470109,48.40313331457989],[-3.429870858071179,48.40316181902659],[-3.43003894322401,48.402546594431556],[-3.42938090783655,48.40230905394211]]],[[[-3.15746476798633,48.56130231898926],[-3.157416488224056,48.56120523185978],[-3.157407547418202,48.56106907288966],[-3.157353903074193,48.56090804940452],[-3.157096411008763,48.56075176155432],[-3.156956935976283,48.560697297456926],[-3.156860376451744,48.56066414546321],[-3.156849647615684,48.56063809736],[-3.156656528566613,48.560586001221715],[-3.156620205039078,48.56057649273537],[-3.156630933875138,48.560540972579],[-3.156627357487309,48.56050782048281],[-3.156663120383318,48.56045335612278],[-3.156681001831318,48.56037047537282],[-3.156498611618307,48.56027101835864],[-3.156377018033828,48.560207081673106],[-3.156065881788098,48.560571756571456],[-3.15557300969243,48.56034973177265],[-3.1555781694679,48.56035234868665],[-3.155329147087664,48.56061157370981],[-3.15529367425961,48.56065149339053],[-3.155128896663088,48.56094590099148],[-3.155432880296878,48.561102188133425],[-3.155397117564578,48.56114481184517],[-3.155014455526848,48.56157696664147],[-3.154267013390497,48.561357929973525],[-3.153892779765369,48.56117433830441],[-3.153792643853,48.56119328208144],[-3.153635287699939,48.56118381030221],[-3.153513694115459,48.561250113586766],[-3.153084540673069,48.56112224260998],[-3.152803755024202,48.56102513477559],[-3.152682161603432,48.560513646220365],[-3.152601687389193,48.560242859974174],[-3.152204995228724,48.559839394689206],[-3.152004723403996,48.55924264427286],[-3.151976113283646,48.5587358744633],[-3.151582722409847,48.55819594574874],[-3.150910381798498,48.55791177042638],[-3.150223735963269,48.55756602148698],[-3.149336818958156,48.55778389057684],[-3.149014953876366,48.557935451619656],[-3.148886207843656,48.558039649302145],[-3.148968462144298,48.55853932177209],[-3.147015813654038,48.55855353061665],[-3.146922830517327,48.558018336142545],[-3.146100286528565,48.5568958303774],[-3.146407846386467,48.55666374809154],[-3.147073034222166,48.55641745551725],[-3.146186116889628,48.55576856309147],[-3.145907167152077,48.555763826911004],[-3.145549539501705,48.55558384045036],[-3.145127538180137,48.55579224572165],[-3.143775705164044,48.55605748704008],[-3.142205719038941,48.55634877761848],[-3.141697887356321,48.55654770665774],[-3.14118290322546,48.5567395303476],[-3.14083958047155,48.556933721562665],[-3.14067149531872,48.55705213035786],[-3.140535596837769,48.557239215876],[-3.14045691859753,48.557386041871624],[-3.142477516164552,48.557997023190694],[-3.14131164942188,48.55897741965404],[-3.141476158023182,48.5597304649046],[-3.142255786340294,48.55994358888359],[-3.141969683827086,48.56112285866982],[-3.143793585957218,48.5613928081273],[-3.144732165951497,48.560666163119215],[-3.144996810465167,48.5606898432399],[-3.14508979360187,48.5603488494732],[-3.146604541332238,48.56052138700932],[-3.14769888261032,48.56062557958214],[-3.148228171637642,48.560753451814456],[-3.148435595583183,48.56082922772735],[-3.148778917027422,48.56112285910343],[-3.149036409092852,48.5615301505698],[-3.149476749344012,48.5624825129924],[-3.149952394518462,48.56320235562433],[-3.150145513567532,48.563413097134486],[-3.150524598890024,48.563621469827275],[-3.150982362780183,48.563718552318974],[-3.151485508542366,48.563788638929715],[-3.151403254241715,48.563821788875615],[-3.151396101793475,48.56396859598226],[-3.151403254241715,48.56431193314541],[-3.151374643957646,48.56456765864831],[-3.151367491345706,48.56465763586871],[-3.151386968240727,48.56501810795296],[-3.150986424918698,48.56505125709301],[-3.151148900724687,48.565524409371015],[-3.151181087069158,48.565749347812385],[-3.151030883528037,48.565789599878634],[-3.151209697516936,48.56618027968314],[-3.150877103762795,48.56641705403403],[-3.150977239347737,48.56669881377991],[-3.150737628566607,48.56675090383899],[-3.150787696359078,48.56684324485534],[-3.150884255883617,48.56691427629167],[-3.151737855328026,48.566978709336084],[-3.151829715542802,48.566293201662994],[-3.151877809626469,48.566038468009396],[-3.152049471003419,48.5660432034447],[-3.152063776554726,48.56595322879771],[-3.151884962402118,48.56591534458524],[-3.151977945866247,48.56550335272821],[-3.152235437931677,48.565545972947895],[-3.152264048379446,48.56545126170928],[-3.152099539123308,48.56537549250391],[-3.152178217690966,48.56521921845757],[-3.152414252084276,48.56524763195643],[-3.152528692565689,48.56503453032554],[-3.152035166761793,48.56493034705154],[-3.152077602348943,48.56434811519029],[-3.152120517693174,48.56409475627777],[-3.152363704862142,48.56411133126146],[-3.152460264386673,48.56390532840451],[-3.153915809702954,48.56413619361855],[-3.153838700027228,48.56439954291793],[-3.154071158196428,48.56445637082078],[-3.153996056344008,48.564678946339356],[-3.154296463753679,48.56480917609998],[-3.15417129378137,48.56488021050156],[-3.154067581808599,48.565024646554015],[-3.154443091070689,48.56516671443542],[-3.15492588869337,48.565360873300264],[-3.15485793945289,48.56542953896402],[-3.15506178733802,48.56550767572267],[-3.15511543151832,48.565441377910744],[-3.155208414818739,48.56547452688175],[-3.15515834686256,48.56551477905839],[-3.155633991873301,48.56570893647855],[-3.15560538175294,48.5657397175425],[-3.155641144567095,48.565751556416586],[-3.15625268830434,48.56603568769653],[-3.156370705501,48.566087778221906],[-3.156477993861591,48.56599543582616],[-3.156570976998301,48.56602621660734],[-3.157243317445941,48.5655716057081],[-3.156746214763081,48.56535140208467],[-3.156942910118126,48.565119358699945],[-3.156796282801115,48.565067267177106],[-3.156656807932344,48.56503175006593],[-3.156703299500696,48.56495361257198],[-3.156570977243865,48.5649038886494],[-3.156256264610315,48.56482101530021],[-3.155977315036474,48.5646765787746],[-3.155747693673199,48.56454349103565],[-3.155501669698315,48.56461501533389],[-3.155387228889485,48.564622118794944],[-3.155297821813185,48.564598440623605],[-3.155161184077748,48.5645340197754],[-3.155089658449448,48.564489031129476],[-3.155195158616133,48.564411484718434],[-3.155373972605024,48.564307300052555],[-3.155306023364552,48.56420311528041],[-3.155012768403114,48.564390174243435],[-3.154905480042523,48.5643025644547],[-3.155084294031413,48.56420785088756],[-3.155005615954883,48.564124976506264],[-3.154622953917144,48.564264679005774],[-3.154440563704133,48.56405157323319],[-3.154894751370172,48.56380531651934],[-3.15462538311488,48.56361210471517],[-3.154559798134272,48.56353055878376],[-3.15431661129273,48.563355335859654],[-3.155211544563096,48.56291537496163],[-3.155401087388055,48.56278040447593],[-3.155354595655986,48.5626904240243],[-3.155712223633785,48.562657273228474],[-3.155697918409896,48.56236838708117],[-3.156173563584345,48.56241100972593],[-3.156421381286524,48.56228556130636],[-3.156936365417384,48.56201088080106],[-3.157007891373101,48.56183565282903],[-3.157143789854052,48.561603592988824],[-3.157508570280073,48.56142836360579],[-3.157516623972716,48.56137217423973],[-3.15746476798633,48.56130231898926]]],[[[-3.301579493227666,48.6341357630518],[-3.301651019019675,48.634201970656676],[-3.303653734974988,48.634301282117576],[-3.303682345095339,48.63406955514352],[-3.304082888417368,48.633989159508516],[-3.304190176777968,48.63410738805903],[-3.304484462947753,48.63400368783898],[-3.304391479483625,48.63385708434491],[-3.304634666652593,48.63375304291807],[-3.304663276772944,48.63354968831536],[-3.305486968524259,48.633577304519235],[-3.305801680175564,48.63159810327259],[-3.306023409672403,48.631574456581845],[-3.306838801212934,48.632643282385274],[-3.306409647770544,48.632761513873135],[-3.306466868338672,48.632860828169456],[-3.306545546578913,48.63296960081805],[-3.307081988381892,48.632799347985994],[-3.307411005911914,48.63320606220388],[-3.307511141824274,48.63317768690476],[-3.307332327671674,48.632955413103986],[-3.308419516501515,48.63259598975584],[-3.308383753605506,48.63252032119678],[-3.308584025102816,48.63245884059843],[-3.308305075365266,48.631872405894036],[-3.308719923911176,48.63188659391264],[-3.308834364720007,48.63203320313239],[-3.309263518162387,48.63203793238513],[-3.309242060490276,48.63235479628825],[-3.309621146140186,48.63235479628825],[-3.309571078020297,48.63208522575412],[-3.309921553549847,48.63208522575412],[-3.310064604479029,48.63198590971462],[-3.309985926566208,48.631721066492084],[-3.310057452030798,48.631489327450815],[-3.309892943102078,48.6315413508498],[-3.310179045615277,48.631290693479954],[-3.310186198063509,48.63097487996666],[-3.310121825047158,48.63082353830568],[-3.310064604479029,48.630643819250125],[-3.309900095877728,48.63052085318894],[-3.309764197069359,48.630426263907026],[-3.309506705003928,48.63027019096607],[-3.30897026287353,48.62994385464209],[-3.309270670283201,48.62987291177781],[-3.309642603484879,48.62986345264954],[-3.309779432990571,48.62934662271577],[-3.309185770783178,48.6292993269964],[-3.309085635034525,48.62928513825029],[-3.309040524248246,48.62927550369999],[-3.308376600829848,48.629272258268585],[-3.308312227813488,48.628955375007436],[-3.308303810947962,48.628603898647704],[-3.307924725298051,48.62858025055373],[-3.307416893288008,48.62854714307366],[-3.307202316566816,48.62849511680409],[-3.30711648587834,48.62848092783185],[-3.307080723309753,48.62846673885563],[-3.306820923098464,48.62841305318358],[-3.306631485461934,48.628340317679026],[-3.306748889789964,48.62790204374436],[-3.30556156504776,48.6278594763154],[-3.305368445998687,48.62698920086351],[-3.3038020360977,48.62711690524495],[-3.303580952669149,48.626884642375714],[-3.303513003428676,48.6267829512275],[-3.303477240614525,48.62654172997277],[-3.30339856245614,48.62655355460704],[-3.303176833204861,48.62632888673166],[-3.303044510845711,48.626380915126305],[-3.302676154113714,48.62624611408161],[-3.302615357403328,48.62632652183782],[-3.302397204376165,48.626248479087494],[-3.302511645307777,48.625936306879375],[-3.301832152248198,48.62578494988998],[-3.301832152248199,48.62567852678576],[-3.301435185313996,48.62564305236785],[-3.301435185313996,48.625437300252045],[-3.301521015920618,48.62523545862482],[-3.301521015920618,48.6250982895691],[-3.301535321226358,48.6249942301898],[-3.301478100658234,48.624954025374606],[-3.301310015669107,48.624826315519975],[-3.301102103367838,48.62466624583896],[-3.300980509783357,48.6245290751279],[-3.300937594439118,48.62455982037569],[-3.30071944149381,48.624441569561654],[-3.300930441990884,48.624292573186956],[-3.300762356838048,48.624148306364596],[-3.300519169832795,48.62386450160974],[-3.30030816949943,48.623937818035174],[-3.300082863942178,48.624053705029134],[-3.299954117909464,48.62408208545922],[-3.299778880144685,48.62411519586863],[-3.299596489931672,48.624193241917865],[-3.299381913292335,48.624235812655854],[-3.299088658494616,48.62378172524261],[-3.298720301844474,48.62384794643381],[-3.298484267451164,48.62395200850135],[-3.297983588380481,48.6236492821665],[-3.297625960566402,48.62393781803523],[-3.297439994129274,48.623833755938456],[-3.297007264299065,48.62401113413765],[-3.297164620615842,48.62417432163859],[-3.296767653681638,48.62433750850363],[-3.297021569522951,48.62462604054609],[-3.296853484370114,48.624751385939845],[-3.296660365321042,48.62480105099545],[-3.296581687080799,48.62480105099545],[-3.296485127392555,48.62480341596079],[-3.296263398223129,48.624789225950565],[-3.295984448485581,48.624817605967046],[-3.295852126065042,48.625240939246225],[-3.295798481884745,48.62526458912156],[-3.295787753048684,48.6253331734159],[-3.295709074808442,48.62534026834504],[-3.295612515283906,48.625356823248026],[-3.2955552950432,48.62538520294533],[-3.295219125064947,48.62556021054563],[-3.294961632999518,48.62569264849887],[-3.294754208726559,48.62581799124357],[-3.294711293382321,48.62588184506483],[-3.29473275105444,48.62598353770403],[-3.295029582076282,48.626201112417974],[-3.294797124070797,48.626191652601406],[-3.294811429294683,48.62623658633538],[-3.294911565207045,48.626413956089706],[-3.294832886966802,48.62643997019574],[-3.29455751361708,48.62651564765669],[-3.294593276185664,48.62683727608676],[-3.294725598606205,48.62689166882475],[-3.294371547016238,48.62708559072083],[-3.294457377377297,48.627106874766206],[-3.294457377377297,48.62724876817254],[-3.294321478568931,48.627447418271146],[-3.293634833061118,48.628383901060445],[-3.2933620185695,48.62861573271085],[-3.293358617684564,48.62861582464339],[-3.293122582636418,48.62881919913152],[-3.292722039641806,48.62920702693151],[-3.292242818079536,48.62971782028511],[-3.291949563445515,48.63008672322404],[-3.291490652498448,48.630517865906256],[-3.292928316530429,48.63084892744917],[-3.293042757666678,48.630929327654975],[-3.292978384650327,48.63155833788152],[-3.293656770581541,48.632339554081504],[-3.294599295441134,48.63276877587284],[-3.294728041473854,48.63266473220178],[-3.29509927624768,48.6335635351687],[-3.294806020958832,48.63367703540145],[-3.294655817253992,48.63372432723408],[-3.294717312310377,48.6343837909376],[-3.295117855959824,48.634416894804644],[-3.295170801384852,48.63431074063043],[-3.295793073876312,48.63427290765091],[-3.295704365227858,48.63398654457065],[-3.296534062319686,48.63392979483433],[-3.297678471062819,48.63349471154617],[-3.297893047784009,48.63422300119042],[-3.299073219750561,48.63437906190475],[-3.29961681432919,48.63440270749758],[-3.301579493227666,48.6341357630518]]],[[[-3.054758726765094,48.7806971673635],[-3.053980886150778,48.78022387240938],[-3.053240596462659,48.77973644458291],[-3.052993833233288,48.77973997668562],[-3.052784620930123,48.779789426097665],[-3.052661239315447,48.77970465564718],[-3.053176223446307,48.77901942258336],[-3.052913366962842,48.77885903314067],[-3.052832900692398,48.77867536024595],[-3.052210628200937,48.77788767848008],[-3.051845847774916,48.77754151845829],[-3.050912439037735,48.7764182480698],[-3.050151057105757,48.77569082213916],[-3.044159994299339,48.7782090980394],[-3.043929324324054,48.77806780942761],[-3.044074935172688,48.777825945416026],[-3.043871087287559,48.77790365457616],[-3.043570679877888,48.77765639773997],[-3.043162212545798,48.77732250541857],[-3.042936906988548,48.777096439456024],[-3.042392482781033,48.776359267442],[-3.04185067656001,48.77602016160968],[-3.041223039650524,48.775847075458145],[-3.040847530388443,48.77595657901113],[-3.041040649437514,48.77638046148039],[-3.040573945068937,48.77649702853212],[-3.039232840561486,48.77683259883612],[-3.03909873011074,48.776931503339796],[-3.038795600840668,48.777317470928395],[-3.038323532054048,48.77752234234807],[-3.038441549250707,48.77778372880756],[-3.038913618037328,48.77807337167295],[-3.039610992381199,48.77827824000763],[-3.039943586299048,48.778483107506204],[-3.04059804529868,48.778822196701036],[-3.041803764812877,48.779310004149536],[-3.041991519443922,48.77942656439849],[-3.042361664287978,48.779666748300365],[-3.042515394523411,48.779832636078126],[-3.042896268203527,48.77984323236523],[-3.042923090293672,48.77936639723024],[-3.044520810938391,48.77937064030379],[-3.044457313850193,48.78029533853196],[-3.043582913711338,48.781460905960145],[-3.043421981170447,48.781432650100214],[-3.043223497703342,48.78202601981872],[-3.043486354186798,48.78206487116274],[-3.044580695464878,48.78049666574886],[-3.044778303003821,48.7804938446282],[-3.045411304331332,48.781193185567346],[-3.044925622957013,48.78194396482903],[-3.043842010515001,48.78330021434669],[-3.045504747455002,48.784458188946815],[-3.046666068566864,48.78409279826878],[-3.046676797402924,48.783965653441285],[-3.046869916451994,48.7836407263077],[-3.047460002435275,48.783061503156475],[-3.047830027793543,48.7830251294247],[-3.048414868844576,48.783245160001336],[-3.049122972024506,48.78323809628897],[-3.049906177056857,48.7840645438905],[-3.052958411430018,48.782700196201965],[-3.053162259315148,48.78263662206444],[-3.053323191856039,48.78260130306436],[-3.053537768577229,48.78260130306436],[-3.053816718314779,48.78262955826643],[-3.054256600593229,48.78275670647872],[-3.054235142921109,48.78225517554845],[-3.05409566805233,48.78181721486247],[-3.055855197166101,48.781485209860385],[-3.054758726765094,48.7806971673635]]]]}},{"type":"Feature","properties":{"Label":"OPAH RU MULTI SITES CENTRES ANCIENS DE QUINTIN ET SAINT BRIEUC","Type":"OPAH-RU","Date_debut":"2025-04-01","Date_fin":"2030-03-31","Maitre_ouvrage":"M. LE PRÉSIDENT DE SAINT-BRIEUC AGGLOMÉRATION","Code":"022OPA019","Operateur":"URBANIS","Departement":"22","Territoire":"CA"},"geometry":{"type":"Polygon","coordinates":[]}},{"type":"Feature","properties":{"Label":"OPAH RU MULTI SITES LANVOLLON CHATELAUDREN PLOUAGAT PLOUHA LANNEBERT BRINGOLO GOUDELIN LE MERZER POMMERIT LE VICOMTE","Type":"OPAH-RU","Date_debut":"2026-01-01","Date_fin":"2030-12-31","Maitre_ouvrage":"M. LE PRÉSIDENT DE LEFF ARMOR COMMUNAUTÉ","Code":"022OPA020","Operateur":"URBANIS","Departement":"22","Territoire":"DL"},"geometry":{"type":"Polygon","coordinates":[]}},{"type":"Feature","properties":{"Label":"OPAH RU MULTI SITES PETITES VILLES DE DEMAIN LAMBALLE ARMOR ET JUGON LES LACS","Type":"OPAH-RU","Date_debut":"2024-09-01","Date_fin":"2029-09-01","Maitre_ouvrage":"M. LE PRÉSIDENT DE LAMBALLE TERRE & MER","Code":"022OPA018","Operateur":"SOLIHA BRETAGNE","Departement":"22","Territoire":"DL"},"geometry":{"type":"MultiPolygon","coordinates":[[[[-2.329617012389195,48.3858270173022],[-2.329906690962803,48.38496504885742],[-2.330089081175816,48.384972172623385],[-2.330518234618199,48.38465160216717],[-2.330174911864292,48.38407457025783],[-2.330196369536412,48.382899114651046],[-2.32948826635648,48.382763757414025],[-2.329402435668003,48.382849246237186],[-2.329069841750157,48.38299172729004],[-2.328694332488072,48.38269964070243],[-2.327578533537877,48.38329806020314],[-2.327406872160923,48.3838252334581],[-2.327192295439732,48.38406744636621],[-2.32697771871854,48.384744211617466],[-2.327707279570591,48.38479407817476],[-2.328211534865391,48.38523575126371],[-2.329295147307408,48.38581277000855],[-2.329617012389195,48.3858270173022]]],[[[-2.52390236422489,48.47182969462771],[-2.52393455073307,48.47148833666924],[-2.523269362897377,48.47013710554766],[-2.523076243848304,48.469686702093746],[-2.522486157865028,48.4679300322511],[-2.520394034833411,48.468370983433935],[-2.51992196604679,48.46711212878377],[-2.520211644620398,48.46724014932707],[-2.520490594357947,48.46705523066086],[-2.521488376111487,48.466806300623105],[-2.521112866849403,48.466386672938356],[-2.520748086423378,48.46619463877286],[-2.520254559964637,48.46598126662565],[-2.519600100965004,48.46587458021563],[-2.517904944867591,48.46583901802913],[-2.517958589047889,48.46557585707451],[-2.518495030850868,48.46550473225794],[-2.51942843958805,48.465454944827044],[-2.520318932980995,48.46551895722923],[-2.521305985898475,48.46549761977081],[-2.523044057340126,48.465355369818724],[-2.522808022946815,48.46429559512608],[-2.522400327176553,48.46426968467923],[-2.522314496488076,48.46398517749308],[-2.522078462094765,48.46372911966199],[-2.521938987225991,48.463764683326886],[-2.521552749127846,48.46365799225743],[-2.520919747800332,48.46413454396467],[-2.520297475308877,48.464241234032386],[-2.519868321866494,48.46414876931998],[-2.519267507047158,48.46449017665157],[-2.5181946234412,48.46417722001867],[-2.517754741162759,48.46422700870298],[-2.517432876080971,48.464618203808854],[-2.517347045392495,48.46502362100967],[-2.517068095654945,48.46553572231864],[-2.515501685590249,48.46559262214513],[-2.514793582410317,48.465635296973126],[-2.514697022885781,48.46508052141028],[-2.514457793689198,48.463795631600036],[-2.514404149508902,48.463681827854025],[-2.514125199771352,48.46371027881446],[-2.51396426723046,48.463610700383185],[-2.512666078067252,48.46366048962323],[-2.512075992083976,48.463681827854025],[-2.511614652133414,48.464129928628225],[-2.511314244723746,48.46436464650251],[-2.509200664020012,48.46479851607909],[-2.507956119037102,48.46484119157481],[-2.507559152102899,48.46442154764186],[-2.50726947352929,48.46422239337489],[-2.506475539660882,48.464926542458585],[-2.505960555530024,48.46518970677999],[-2.505198808169794,48.465459982230286],[-2.50505933330102,48.4651541441136],[-2.504254670596552,48.46586539270703],[-2.50482329890771,48.465915179735276],[-2.506711574054194,48.465893842443435],[-2.506389708972408,48.46620678849142],[-2.506625743365719,48.466512620264815],[-2.506722302890255,48.46676866405309],[-2.507559152102901,48.46708871697186],[-2.50859984920068,48.467664807139286],[-2.507999034381343,48.46839022979792],[-2.50835308597131,48.46885251303898],[-2.50759133861108,48.469649052743954],[-2.507412721452315,48.46999253282057],[-2.506221820649703,48.470746384136724],[-2.50529914074858,48.47119984597226],[-2.504172612962324,48.47107183541797],[-2.50404386692961,48.472053241414564],[-2.504086782273848,48.4728355079615],[-2.507187415895064,48.47294217973802],[-2.508464147386154,48.47292084540066],[-2.509086419877607,48.47338308736846],[-2.509687234696943,48.473404421511475],[-2.510073472795087,48.4736462078386],[-2.50922589474638,48.47489067805964],[-2.507526046850584,48.4759831117513],[-2.508116132833861,48.47662482587948],[-2.508899337866209,48.47635460989088],[-2.509328491308592,48.476020393387756],[-2.509779102423094,48.47577861837473],[-2.510165340521238,48.475501286793936],[-2.51137769899597,48.47503906412373],[-2.512268192388914,48.47545150917024],[-2.512740261175535,48.4749395079205],[-2.51311577043762,48.47468350535805],[-2.513223058798216,48.47469061655778],[-2.514049179174803,48.475046175273626],[-2.513648917379362,48.475299992159464],[-2.514786174001676,48.47610354165812],[-2.51665299147604,48.475627102340894],[-2.518326689901334,48.474979991028256],[-2.519382242310576,48.474368427696334],[-2.520551685441069,48.474837767655416],[-2.520658973801665,48.47472398867008],[-2.519575361359648,48.474283092691856],[-2.521135527099173,48.473561878263645],[-2.521563186855941,48.47320222824851],[-2.521316423626571,48.472988885564625],[-2.521917238445907,48.47257642049883],[-2.522303476544051,48.4725408630086],[-2.522764816494613,48.472547974508636],[-2.523183241100936,48.47259064348796],[-2.52390236422489,48.47182969462771]]]]}},{"type":"Feature","properties":{"Label":"PACTE TERRITORIAL CA GUINGAMP PAIMPOL PIG","Type":"PIG","Date_debut":"2025-01-01","Date_fin":"2029-12-31","Maitre_ouvrage":null,"Code":"022PTA003","Operateur":"CDHAT 22","Departement":"22","Territoire":"DL"},"geometry":{"type":"Polygon","coordinates":[]}},{"type":"Feature","properties":{"Label":"PACTE TERRITORIAL CA LAMBALLE TERRE ET MER PIG","Type":"PIG","Date_debut":"2026-01-01","Date_fin":"2029-12-31","Maitre_ouvrage":null,"Code":"022PTA007","Operateur":"SOLIHA COTES D'ARMOR","Departement":"22","Territoire":"DL"},"geometry":{"type":"Polygon","coordinates":[]}},{"type":"Feature","properties":{"Label":"PACTE TERRITORIAL CA LANNION TREGOR COMMUNAUTE PIG","Type":"PIG","Date_debut":"2026-01-01","Date_fin":"2029-12-31","Maitre_ouvrage":null,"Code":"022PTA006","Operateur":"CDHAT 22","Departement":"22","Territoire":"CA"},"geometry":{"type":"Polygon","coordinates":[]}},{"type":"Feature","properties":{"Label":"PACTE TERRITORIAL CA SAINT BRIEUC ARMOR AGGLOMERATION PIG","Type":"PIG","Date_debut":"2026-01-01","Date_fin":"2029-12-31","Maitre_ouvrage":null,"Code":"022PTA008","Operateur":"SOLIHA COTES D'ARMOR","Departement":"22","Territoire":"CA"},"geometry":{"type":"Polygon","coordinates":[]}},{"type":"Feature","properties":{"Label":"PACTE TERRITORIAL CC DU KREIZ BREIZH PIG","Type":"PIG","Date_debut":"2025-01-01","Date_fin":"2029-12-31","Maitre_ouvrage":null,"Code":"022PTA005","Operateur":"CDHAT 22","Departement":"22","Territoire":"DL"},"geometry":{"type":"Polygon","coordinates":[]}},{"type":"Feature","properties":{"Label":"PACTE TERRITORIAL CC LEFF ARMOR COMMUNAUTE PIG","Type":"PIG","Date_debut":"2025-01-01","Date_fin":"2029-12-31","Maitre_ouvrage":null,"Code":"022PTA004","Operateur":"SOLIHA COTES D'ARMOR","Departement":"22","Territoire":"DL"},"geometry":{"type":"Polygon","coordinates":[]}},{"type":"Feature","properties":{"Label":"PACTE TERRITORIAL CC PONTIVY COMMUNAUTE PIG","Type":"PIG","Date_debut":"2025-01-01","Date_fin":"2029-12-31","Maitre_ouvrage":null,"Code":"056PTA004","Operateur":"CDHAT","Departement":"22","Territoire":"DL"},"geometry":{"type":"Polygon","coordinates":[]}},{"type":"Feature","properties":{"Label":"PACTE TERRITORIAL DINAN AGGLOMERATION PIG","Type":"PIG","Date_debut":"2025-01-01","Date_fin":"2029-12-31","Maitre_ouvrage":null,"Code":"022PTA001","Operateur":"CITEMETRIE","Departement":"22","Territoire":"CA"},"geometry":{"type":"Polygon","coordinates":[]}},{"type":"Feature","properties":{"Label":"PACTE TERRITORIAL LOUDEAC COMMUNAUTE PIG","Type":"PIG","Date_debut":"2025-01-01","Date_fin":"2029-12-31","Maitre_ouvrage":null,"Code":"022PTA002","Operateur":"ABM ENERGIE CONSEIL","Departement":"22","Territoire":"CC"},"geometry":{"type":"Polygon","coordinates":[]}},{"type":"Feature","properties":{"Label":"029 POPAC BREST M&EACUTE;TROPOLE 2026 2029","Type":"POPAC","Date_debut":"2026-03-11","Date_fin":"2029-03-10","Maitre_ouvrage":"POUR LE PRÉSIDENT DE BREST MÉTROPOLE, LA CONSEILLÈRE DÉLÉGUÉE","Code":"029POP003","Operateur":null,"Departement":"29","Territoire":"DL"},"geometry":{"type":"Polygon","coordinates":[]}},{"type":"Feature","properties":{"Label":"OPAH DES 3 CC PAYS DES ABERS PAYS D'IROISE LESNEVEN COTE DES LEGENDES","Type":"OPAH","Date_debut":"2021-11-01","Date_fin":"2026-10-30","Maitre_ouvrage":"LE PRÉSIDENT DE LA CC PAYS D'IROISE COMMUNAUTÉ","Code":"029OPA033","Operateur":"SOLIHA ANTENNE DE BREST","Departement":"29","Territoire":"CG"},"geometry":{"type":"MultiPolygon","coordinates":[[[[-4.955097138333333,48.39215130192464],[-4.954199149282445,48.39590178298831],[-4.958822165399957,48.401222669901934],[-4.962153629146561,48.401257218124314],[-4.965105783607424,48.399439838313214],[-4.965772162591498,48.39738804196909],[-4.964712262239447,48.39234516861309],[-4.960160082255358,48.390709786112154],[-4.955097138333333,48.39215130192464]]],[[[-4.347695067744777,48.50080086347962],[-4.338399068497528,48.50435243774],[-4.334067240834106,48.50209803547494],[-4.330487692380621,48.49682155454597],[-4.328021651046897,48.491799521222745],[-4.322915550855895,48.48609982738637],[-4.314555256513587,48.48092440152092],[-4.304328468457705,48.47709256233082],[-4.295005923572764,48.47482124594237],[-4.292798053949765,48.473728302051],[-4.283590409959277,48.470866951610624],[-4.285890590425637,48.480362801050674],[-4.28627111288127,48.48661334085285],[-4.285291378134681,48.49223604409392],[-4.286380569491566,48.49443283291702],[-4.293098475608022,48.499775940115306],[-4.29535464651577,48.5026123006014],[-4.29340970375616,48.50622472607974],[-4.284821312924974,48.50785257794553],[-4.281650045829069,48.506883285091426],[-4.280589114184249,48.51192869312268],[-4.278389141875618,48.5172380471972],[-4.275089483461066,48.51957498564659],[-4.270802774334304,48.51692756324427],[-4.265971893539683,48.51670641018315],[-4.258920368117729,48.52095438503677],[-4.257845109117119,48.52308985525678],[-4.254093296489999,48.52500107694122],[-4.245253565931499,48.526964534992985],[-4.247129155086389,48.53060101600644],[-4.243192045195596,48.53401065620243],[-4.236028521260739,48.53535349923975],[-4.229853043184359,48.53463078219774],[-4.225364490791096,48.53264085391875],[-4.225101336567072,48.53711930382614],[-4.233883918611301,48.53897671611484],[-4.236314295683087,48.540251232371304],[-4.237802857553309,48.54675704443136],[-4.241340434994678,48.55106821030693],[-4.243473781034005,48.55585309179304],[-4.248169543960538,48.55931728389387],[-4.250680636487708,48.560457286133506],[-4.252195600996075,48.5643097457881],[-4.251483357878295,48.568363010244546],[-4.245444892786011,48.5672444621494],[-4.246660826504788,48.57318473461461],[-4.238811321435079,48.57456927353773],[-4.23882165075328,48.57676747642534],[-4.242950541665757,48.576838887737765],[-4.241569139947782,48.58597720230277],[-4.245243666608537,48.591961392381094],[-4.249593026545708,48.599973758449934],[-4.25082412915797,48.60177403628962],[-4.25888980165417,48.60050509171396],[-4.263789995740024,48.6004640591468],[-4.272203818645163,48.60874441924109],[-4.272608555569557,48.61376406354301],[-4.270200824846377,48.61973195596948],[-4.2727261140414,48.62235822310649],[-4.273703236758753,48.62514393760326],[-4.271159262040807,48.62872727979168],[-4.277351439883512,48.63300442139284],[-4.287086250081825,48.63240765318804],[-4.291647217146075,48.634132623613304],[-4.293518456644637,48.636281289643975],[-4.296185507289215,48.632883880289825],[-4.304895543055314,48.63338335765347],[-4.311634799508904,48.63523233103637],[-4.316012638182473,48.63774378976281],[-4.316387145534097,48.63901420809925],[-4.312642604163703,48.64312517201552],[-4.312939165605005,48.64524114542451],[-4.316339573761516,48.6456785476449],[-4.316989818073488,48.64751404417279],[-4.311634342085573,48.64784370494672],[-4.308922986526199,48.646717050342325],[-4.305742231559986,48.64995227900488],[-4.299303848709457,48.65377555642681],[-4.298695320144724,48.659956748322635],[-4.29940793611792,48.66224116239545],[-4.30281474709573,48.665524165883326],[-4.311756485805343,48.66833742962871],[-4.323786986419291,48.66585065521716],[-4.329264791868879,48.66777659369377],[-4.32725240298334,48.67443264407223],[-4.332570695982006,48.67591559772458],[-4.339632056381642,48.676514652528894],[-4.349376238349398,48.67662411418674],[-4.353907793743298,48.67530910082245],[-4.35767368616633,48.67274778217751],[-4.364961823184313,48.669386056431385],[-4.371053099993063,48.66868511326612],[-4.375023876628956,48.6668865696493],[-4.378128813795678,48.663136623537135],[-4.381018562221418,48.661340257405975],[-4.398301349178221,48.65573810762225],[-4.409292968200989,48.65427712467269],[-4.417548118804592,48.65499105018265],[-4.422861190923833,48.65297756707938],[-4.427498391827628,48.65242907057186],[-4.431180255454773,48.65413932975668],[-4.435805172343192,48.652815090198985],[-4.433111810710577,48.64839115431183],[-4.419990049875016,48.64384275123486],[-4.41756571253825,48.641989008799115],[-4.413048310617209,48.64130075469069],[-4.405762518140778,48.641173031310096],[-4.39817411693209,48.63821777681349],[-4.397539319527673,48.636510938833155],[-4.402585586562509,48.636778704923856],[-4.408087770593871,48.638182089982685],[-4.421259296479649,48.638265503519555],[-4.430199650614382,48.64035862683022],[-4.432319454307169,48.63524542921979],[-4.434701173105619,48.63541979681682],[-4.440368626343103,48.637975699403015],[-4.44667813087222,48.63952085591489],[-4.452273756406385,48.63606509169694],[-4.458818866175513,48.62963854169741],[-4.463294225218863,48.62728744579607],[-4.465325148984881,48.62638356552359],[-4.480285516864948,48.62388968712205],[-4.492062284324706,48.62521729477659],[-4.496692312744285,48.62395476860288],[-4.498487067495305,48.62209485055002],[-4.502536927020955,48.62158028552699],[-4.50979581869377,48.623579642668574],[-4.511596773776014,48.62585926031277],[-4.50865212631158,48.62927995787862],[-4.511735990528448,48.63296631581247],[-4.515887391239629,48.63451499646873],[-4.520748656636417,48.634854180181016],[-4.523177413840883,48.63398877355346],[-4.526497002180502,48.62976763691027],[-4.531158811455026,48.629407411228485],[-4.539393039814142,48.63134323674545],[-4.539921014988031,48.63499714300999],[-4.54170514313578,48.637148076924056],[-4.547215386005122,48.63246370363359],[-4.543165244012459,48.62754564189955],[-4.543957623620827,48.62555453826029],[-4.546950840015334,48.62452334206523],[-4.551162637241073,48.62444966531269],[-4.559145734856247,48.62329480618464],[-4.562490552263583,48.621982030324766],[-4.565556435194909,48.618746089966166],[-4.567971954279484,48.61238144715533],[-4.565854242055876,48.61064027796997],[-4.561550720810157,48.61007344392426],[-4.55597376518935,48.61088140414902],[-4.554907957286892,48.60894372010531],[-4.555337794952999,48.60445245816122],[-4.549733391308834,48.60370925390483],[-4.544087467156384,48.60199803015337],[-4.532602518463706,48.5972285458185],[-4.522021994812405,48.59395336213052],[-4.515444719066119,48.58848309055631],[-4.51511186939336,48.5875337888218],[-4.519733715269657,48.58555898149693],[-4.521927650408292,48.5871666278261],[-4.522735894872044,48.59209672284399],[-4.526388905943858,48.59361180351887],[-4.528750962015344,48.59229750626061],[-4.528245839565356,48.59355871558477],[-4.533663329027863,48.59573796506563],[-4.541410758859212,48.59705733707796],[-4.54556942181388,48.59731056295448],[-4.550455075626715,48.59648228751699],[-4.558211957115033,48.59650609760677],[-4.561310643251907,48.598249571893255],[-4.567020580517745,48.59769156637048],[-4.572544464067168,48.595851227004744],[-4.584167249579023,48.59478553527246],[-4.592982967338486,48.59331603681462],[-4.595864158162221,48.59423151826562],[-4.588969923196858,48.60081885370222],[-4.587739925501086,48.60316189241845],[-4.595543100595898,48.6068681344895],[-4.599379067537805,48.607593077676995],[-4.602020875205006,48.60483599787837],[-4.607745398491518,48.596964168582176],[-4.606015018277196,48.590475787611794],[-4.603106713342537,48.58600384047242],[-4.603788091336183,48.58259581288174],[-4.608524216342882,48.57873368664477],[-4.608242448496759,48.57545205647155],[-4.598524510154358,48.57406924935725],[-4.594479268263138,48.574587098067475],[-4.589489219621862,48.569277664533665],[-4.58812622233589,48.566647514700485],[-4.588818786809968,48.56466223165134],[-4.583142727977609,48.56204913832477],[-4.574673483143613,48.56181398480156],[-4.559030873967529,48.56080641567694],[-4.554213556456079,48.56208381077265],[-4.551237497423092,48.55981487249037],[-4.546660621384437,48.558682892642686],[-4.544874368836561,48.5598963795863],[-4.538927700298711,48.56014515840518],[-4.533912173162393,48.555288265420415],[-4.528900394678231,48.5565769883347],[-4.525795538226642,48.556127121114315],[-4.515534438339251,48.55160234549244],[-4.508421579984954,48.55328212120453],[-4.506811535086962,48.552995895323875],[-4.50796427921671,48.55214659441439],[-4.508290365853032,48.54895596385988],[-4.513472011124588,48.549533450912215],[-4.519702887079826,48.552631959746726],[-4.526476243935148,48.554725331236895],[-4.529585832443409,48.554527925960684],[-4.534056356870011,48.551526771114105],[-4.541468528604023,48.556684132155546],[-4.546049679326757,48.555810441876304],[-4.554541391022214,48.55824582522414],[-4.55907203192133,48.55905697232637],[-4.574334694972711,48.56015346971033],[-4.581007944605161,48.56017995912919],[-4.584927115084031,48.55947646597858],[-4.579611693553812,48.555287401253935],[-4.590221683515518,48.55473813260236],[-4.59481517053316,48.55327940863048],[-4.594924274043629,48.55605452639007],[-4.591898659226292,48.556830571574544],[-4.590753633960427,48.559750655860256],[-4.593750032221649,48.56214681162027],[-4.596037142802214,48.56775861651117],[-4.596021183269377,48.570347617606416],[-4.598216820950746,48.57195387678812],[-4.616332713595907,48.574415286273506],[-4.625969079187329,48.57657833463459],[-4.628291186657935,48.57837008103071],[-4.634921094871439,48.57606720692739],[-4.637260891884908,48.57462254038289],[-4.646319767084356,48.57216254793745],[-4.648693276194575,48.571621296848114],[-4.659315242604733,48.5711299710084],[-4.6637639816637,48.57136024430001],[-4.669244507080593,48.57527653746035],[-4.670561054114073,48.57221497226916],[-4.673586071428806,48.569431084338774],[-4.679639200679022,48.567227524091535],[-4.682379082201174,48.567179489149375],[-4.685605633424566,48.5691057598921],[-4.691136566453089,48.57068842771085],[-4.700309647092781,48.57035205921891],[-4.703389684731686,48.56795197610541],[-4.702695683948579,48.56191448263385],[-4.704058364324212,48.556519856207565],[-4.704580086253069,48.55007977116619],[-4.720446392542608,48.55855998918062],[-4.724147892675128,48.55838363403683],[-4.731424994166646,48.555191501662904],[-4.735454785856225,48.5499458738602],[-4.750471011866912,48.54339979346139],[-4.750462134087631,48.53408164568502],[-4.751127042029957,48.532614458789105],[-4.749555280043012,48.52928742174125],[-4.756193594610604,48.53305954249559],[-4.762547603307181,48.52830762656611],[-4.760070916811133,48.52549296161342],[-4.758095405534301,48.52076871019297],[-4.763612066177715,48.51963076778041],[-4.765348082949652,48.516798940352885],[-4.767003865810809,48.5114484027452],[-4.770041142794332,48.50814282737162],[-4.775422818082947,48.506107037253585],[-4.777778170895259,48.50349313576137],[-4.778254780772986,48.499449347965566],[-4.774696244511507,48.488033834758085],[-4.766686805331288,48.48027564463602],[-4.767323908919108,48.47796872260243],[-4.762502482257882,48.47187792861351],[-4.75706730055892,48.47022800393691],[-4.752897960693634,48.473154569246375],[-4.746034351754099,48.47243901739605],[-4.737614516114619,48.4731191344623],[-4.727502861130748,48.474944531531854],[-4.725113222386326,48.47600650367855],[-4.718374984201039,48.4754753159227],[-4.717888414049721,48.470847623001276],[-4.71668468223326,48.468661106124735],[-4.718640542345173,48.47196343693618],[-4.719610148929225,48.474553491947006],[-4.721703962090793,48.47480521723669],[-4.729901870101734,48.47394660727706],[-4.734195685527818,48.47185410760256],[-4.739698246382071,48.47065313461492],[-4.742641633472201,48.47201382431579],[-4.750178789524106,48.47132641533423],[-4.753199176383776,48.46989898785624],[-4.754871685692017,48.46532392098586],[-4.759823955946375,48.45975716228191],[-4.759848533718201,48.46124406778423],[-4.756702846270647,48.46578638047973],[-4.758130652901102,48.46815206654815],[-4.761416755055522,48.46851908380831],[-4.764552675274351,48.46721319372989],[-4.769241714164137,48.46185742192915],[-4.770703639321822,48.459172675802726],[-4.775353258212413,48.45356025083661],[-4.778305284885219,48.45168350491599],[-4.778619516741203,48.44654994873846],[-4.776252281500972,48.44379316092055],[-4.785470053352488,48.436002817645786],[-4.784512411211755,48.43153534536252],[-4.786870483231557,48.426331804770214],[-4.792765376554313,48.41662341847068],[-4.790713198794104,48.412033885053916],[-4.785404180652743,48.40856497995338],[-4.782298052210566,48.40741032675901],[-4.775917473950423,48.40660048215106],[-4.773597925810646,48.40481137838893],[-4.774486934647645,48.39497984085949],[-4.775591408261926,48.39121798421101],[-4.772609580106306,48.38759550185537],[-4.764034801011576,48.37987475066756],[-4.760892885767797,48.37846311668306],[-4.760452855008227,48.37350839936351],[-4.764872025260544,48.368363795159446],[-4.769749790842328,48.36500104567707],[-4.775035505303605,48.3643943302034],[-4.779998775120217,48.36490892691067],[-4.783949492686263,48.36782014423602],[-4.787532661021793,48.366936714955976],[-4.78752495468414,48.36227701613903],[-4.782920477842771,48.361544927625616],[-4.774137639445584,48.36361201777699],[-4.766027849598221,48.36362773452147],[-4.767020380268726,48.36175021164688],[-4.776786543531681,48.36104283597828],[-4.781524668887431,48.358724282681344],[-4.780955865889721,48.35423101260116],[-4.777712229637011,48.35146734810465],[-4.771247189571349,48.34872149781169],[-4.769966258236029,48.346669886990405],[-4.774148385733485,48.3386275917087],[-4.771410578311041,48.33531269525044],[-4.77275085860754,48.32985224095243],[-4.766759132243681,48.32830490103788],[-4.761915129557519,48.32791157766859],[-4.753728979049595,48.32935576561715],[-4.74678313607023,48.32994128110397],[-4.737383682849573,48.33243474842479],[-4.733282814529529,48.332444587493924],[-4.729016691318934,48.33000567003538],[-4.723030845654968,48.32981496915531],[-4.714798731129402,48.33028856911186],[-4.707825712711699,48.33268570550194],[-4.698151021744706,48.33797679837283],[-4.699963782128557,48.341677016466996],[-4.703372135118633,48.34559672284503],[-4.70071236918648,48.35010638232278],[-4.691036565694044,48.3547494653763],[-4.67895687242845,48.35566494170198],[-4.668540718922796,48.35258819725083],[-4.663782639528889,48.3521204745518],[-4.659496233478388,48.350198234880295],[-4.654248867454911,48.347043845416756],[-4.648318071257706,48.345227824292],[-4.641971703303122,48.34525042926283],[-4.638569361938023,48.34469400149382],[-4.633753995228583,48.34248156752349],[-4.628294604963648,48.337851456166604],[-4.624552408353807,48.337640187389376],[-4.622060851302358,48.338642332343746],[-4.623544350339579,48.34145864416276],[-4.62279327524109,48.347719567632794],[-4.618518302352745,48.35259001045424],[-4.617410898604703,48.358420799910235],[-4.619092010257776,48.360577284719156],[-4.620551964644169,48.3659188927529],[-4.621884133323512,48.375086696746784],[-4.629620771063562,48.37989373081627],[-4.631264452914357,48.383799716559096],[-4.634239831654997,48.38677841515411],[-4.633020211771224,48.39384603028114],[-4.636232104267002,48.39978614648919],[-4.640920130538484,48.40511311005571],[-4.644787194114987,48.41016945592468],[-4.639390127463046,48.40870638856315],[-4.63598956174991,48.40886135358341],[-4.634136888842531,48.41292833608644],[-4.629988829453104,48.41332549881987],[-4.614258943627883,48.411427563181256],[-4.609840882571482,48.40996485714222],[-4.607383420055006,48.407858199285705],[-4.604055683909461,48.40716635225401],[-4.592503891839081,48.40978525221293],[-4.59141539060928,48.41037280156021],[-4.590853761738011,48.41189712192806],[-4.593771249678466,48.41785696845135],[-4.599563868869526,48.42272614786761],[-4.601484230610267,48.42719694862835],[-4.599306683332992,48.428372186296464],[-4.595309843617229,48.42914656012785],[-4.590007448489561,48.431039869243115],[-4.583454704440975,48.43443659605626],[-4.572968848124522,48.440414084382496],[-4.560651414201421,48.44456642180711],[-4.553526276320768,48.44333922746716],[-4.54876545494151,48.440860864737125],[-4.547911090072789,48.43832728058791],[-4.543894302099547,48.43489545549531],[-4.539531468763926,48.435173585806425],[-4.541521168345591,48.43744073531003],[-4.540643803301983,48.439502414952344],[-4.527507026503393,48.44273287135742],[-4.524647372202198,48.446667377949986],[-4.525209810834778,48.449219614926655],[-4.519520493774866,48.44912837238625],[-4.519580011281932,48.45022448309778],[-4.51208303390822,48.45322387511788],[-4.501958228724813,48.454965973323674],[-4.499879467022258,48.455485907368846],[-4.498786627534106,48.458790032288036],[-4.495040291517325,48.45928611013171],[-4.492620582016043,48.45400475001903],[-4.490519533714638,48.45368486600577],[-4.489179570959625,48.458686628032936],[-4.478339610279521,48.46571218581282],[-4.479782346770621,48.468273554946094],[-4.471048515801095,48.47018363629898],[-4.464725289264771,48.460166677045095],[-4.461940240757485,48.4571075484962],[-4.449113350819717,48.45500428283697],[-4.441107866563125,48.455831319710725],[-4.43682192649221,48.4580414744114],[-4.430810556538008,48.45913062418422],[-4.426096506683476,48.45832670109953],[-4.410880616282149,48.46076820441358],[-4.398579217921051,48.46444871881415],[-4.391637625292018,48.46242415711563],[-4.387555283027432,48.460544258774426],[-4.377855002408575,48.456297616647156],[-4.374678171053642,48.45319649443593],[-4.362518100776382,48.45718787641501],[-4.35698344397576,48.45889041277373],[-4.353539897624699,48.46085090534948],[-4.345066813749321,48.462541268391604],[-4.341148292956936,48.46530704077178],[-4.340284289016682,48.468918277938364],[-4.341274870244248,48.47319073766578],[-4.345849504836846,48.47788775880228],[-4.352725594029874,48.48781061945558],[-4.352455514457947,48.4921612538141],[-4.346986436599769,48.499939238948265],[-4.347695067744777,48.50080086347962]]]]}},{"type":"Feature","properties":{"Label":"OPAH DURABLE ET SOLIDAIRE DE MORLAIX COMMUNAUTE","Type":"OPAH","Date_debut":"2022-11-01","Date_fin":"2027-11-01","Maitre_ouvrage":"LE PRÉSIDENT DE MORLAIX COMMUNAUTÉ","Code":"029OPA037","Operateur":"SOLIHA ANTENNE DE BREST","Departement":"29","Territoire":"CG"},"geometry":{"type":"Polygon","coordinates":[[[-3.823593577192513,48.43037717043048],[-3.816343907786138,48.429501949079935],[-3.811372976070923,48.428107288554486],[-3.810371724418977,48.42641941683136],[-3.806520814706462,48.42386110594993],[-3.803117403433864,48.42625481766197],[-3.806031421016483,48.429125704999166],[-3.804743135519833,48.43275537984904],[-3.802511812309741,48.43514628087081],[-3.795134319142992,48.43479426621678],[-3.791214070385572,48.43547177041951],[-3.78661147624466,48.43767511193742],[-3.773895577736543,48.439890259972465],[-3.768823190406716,48.44224900812554],[-3.76142926892736,48.444804756232614],[-3.753677278573721,48.44686327969894],[-3.749454021943622,48.44671624606388],[-3.741399826373093,48.44795080278925],[-3.731069621422407,48.44821529476525],[-3.720890600199358,48.44737141181562],[-3.711336945965847,48.44759010672825],[-3.70809414646954,48.44822634310318],[-3.705617291502356,48.45179252167104],[-3.701493670279691,48.45318945962762],[-3.69620218291627,48.45310095859876],[-3.693311813374299,48.4519069563905],[-3.690002982917754,48.452029296019454],[-3.685744439243672,48.45543705404649],[-3.682610642328541,48.45923362243638],[-3.679159468847942,48.46207841566195],[-3.673054422325486,48.465589711127485],[-3.667979533299803,48.46490595917788],[-3.657128235893556,48.465710218279725],[-3.653212055289481,48.46644732312704],[-3.651343889571429,48.46790956540462],[-3.65285968386705,48.47060373819059],[-3.643335734756517,48.47340039119471],[-3.640706318469489,48.47503437934914],[-3.634974168369395,48.472253134614895],[-3.628450779978559,48.472489031433135],[-3.62629755352731,48.471704625708846],[-3.625081990564934,48.46750684514155],[-3.622741918132524,48.46369509223393],[-3.6119465263636,48.46184215214591],[-3.611582985500187,48.46748543784379],[-3.605189533008917,48.47029809070855],[-3.599669810695085,48.470734973952176],[-3.597492335760588,48.47285980954401],[-3.599944290001502,48.47679498259409],[-3.606435981672645,48.478630651983366],[-3.60125484908817,48.484865426117786],[-3.603748047512461,48.49067251198445],[-3.602265956469779,48.49676567431488],[-3.597609629729758,48.49864067971702],[-3.595536485322572,48.49927308524544],[-3.585485173229418,48.504162023787416],[-3.578006619138887,48.51084610144357],[-3.574213055097915,48.51570965511015],[-3.563361506023289,48.522062503668224],[-3.556914254682178,48.52920479025602],[-3.553752967029449,48.53054275312149],[-3.540610003819674,48.537407451292815],[-3.539831014421897,48.538225878994474],[-3.553783125698448,48.540945636129074],[-3.557214220138644,48.54644299084836],[-3.565695717206247,48.552371798952166],[-3.569989324621412,48.556140886470196],[-3.58305806458395,48.55412413677455],[-3.593190855247757,48.55446635237985],[-3.596044125185915,48.555341812261325],[-3.59928631378493,48.55852213595302],[-3.592872423762659,48.56359630879761],[-3.588768588905071,48.567572465474605],[-3.584541620915164,48.57368787873771],[-3.584695202702427,48.574907228152945],[-3.594002442556759,48.585764620463664],[-3.599980661000151,48.5834291032313],[-3.606647805569066,48.586548097876864],[-3.615570824898771,48.589670352296366],[-3.622863181226388,48.58919923731647],[-3.630634315855565,48.589411831575035],[-3.636769339762864,48.593722267732645],[-3.640510777789713,48.5961628388277],[-3.642151554074003,48.599043942682016],[-3.639518772378052,48.60533070971408],[-3.638792161369498,48.61118771208033],[-3.640602581166155,48.61231442960952],[-3.647490789760179,48.61018426646933],[-3.650161418639017,48.61113345613121],[-3.654216789163036,48.61756298131504],[-3.65528426576968,48.62209171366003],[-3.654759288709319,48.62490007115872],[-3.659257414128201,48.634018969723606],[-3.661216419674683,48.6439909176569],[-3.664048104778203,48.64926081205883],[-3.663557800568323,48.65387673700106],[-3.659629216440221,48.656164863984934],[-3.658739614222998,48.65996295175962],[-3.653774442692354,48.66644484849883],[-3.650136284395143,48.66794082398885],[-3.643404535273922,48.67212983146281],[-3.640847840030579,48.67595612592144],[-3.645504400055398,48.67705315585103],[-3.65260894876928,48.68040421105528],[-3.654593962521276,48.682878134779344],[-3.652508779765567,48.68654904061818],[-3.648708130979081,48.689863393063185],[-3.644523910777568,48.69171269209423],[-3.643396665794355,48.695200614682065],[-3.651230730361189,48.693470534277786],[-3.654939040764445,48.69558962277871],[-3.661366383995568,48.69361440816961],[-3.671659445103863,48.689612641333994],[-3.675890777146483,48.68737193127585],[-3.680700813695233,48.686584932206735],[-3.689507895026688,48.69016148016778],[-3.693727242572889,48.690893566989736],[-3.701983465726248,48.69017028998805],[-3.708000428542858,48.69571224576739],[-3.717495307913646,48.700023642966734],[-3.716827401903289,48.70322806269287],[-3.718936997126118,48.70511241428779],[-3.722190777900661,48.70596270997903],[-3.72641007176055,48.705918203620655],[-3.733519943646699,48.707713503304966],[-3.745238002567835,48.70866568031911],[-3.748170648001395,48.70778852503878],[-3.759540395270323,48.70908220915709],[-3.763149654086802,48.708877171395095],[-3.769421102965929,48.7072280288571],[-3.77449416831043,48.70467729272777],[-3.775943856005867,48.70297898697631],[-3.779923498440792,48.70184748470687],[-3.784741644865632,48.70112045583778],[-3.791602052813926,48.703249761039196],[-3.797365172652654,48.707509612638034],[-3.80550930304413,48.71118067675496],[-3.813486857296107,48.71356811374651],[-3.817644761821926,48.718306784416434],[-3.818636061247435,48.716117108624154],[-3.818385318323926,48.71044373089029],[-3.820661243331799,48.70830967598775],[-3.820689305787829,48.703266615779896],[-3.823692719565485,48.70218955095013],[-3.8283284299007,48.704573655594174],[-3.827603332886813,48.70804088540645],[-3.830682389383321,48.71128982995516],[-3.833201718956321,48.71101594527406],[-3.837765612779481,48.70610010400017],[-3.840139555811389,48.70247336419021],[-3.83961429121794,48.69772051762031],[-3.841655176046793,48.696051920866665],[-3.849983569992339,48.6936336269836],[-3.853545163573551,48.68709407009486],[-3.852313663798314,48.68445024507939],[-3.848667998676847,48.67987703924529],[-3.847217959854195,48.67556517847256],[-3.847353119399767,48.66612027716856],[-3.845975768778647,48.66161027886935],[-3.846671187745152,48.66092385325635],[-3.848624983430242,48.660100305451365],[-3.853474612703861,48.66188929790701],[-3.854759899640918,48.665693528836],[-3.853443885661477,48.66913058439019],[-3.855894265185361,48.673578663370634],[-3.862348849229065,48.67262464346203],[-3.863977459462719,48.670074374767516],[-3.860555770010238,48.66645813186556],[-3.856877907186373,48.66014174282792],[-3.85696343939856,48.652574014603225],[-3.854527120365428,48.64747872428308],[-3.852698804614671,48.64551567840661],[-3.849018588778224,48.634674428440846],[-3.847682741504821,48.631971898066986],[-3.843938865371909,48.62811527944995],[-3.848374260334565,48.62527410991508],[-3.852771840592447,48.62140066868377],[-3.858973791228663,48.61483718395516],[-3.857507858401765,48.610396903839444],[-3.851478962100369,48.60706026138896],[-3.849272412197071,48.60369689141808],[-3.855985915738108,48.60776980916908],[-3.860853334731528,48.607488739095906],[-3.867216034276122,48.6044060248194],[-3.87016158137017,48.604429595444316],[-3.861674256204335,48.60776452604353],[-3.862110850702858,48.61407422609246],[-3.858154598604338,48.618310481930926],[-3.857118994001576,48.62237801926095],[-3.857040213191666,48.626261026567],[-3.858279009776453,48.62896908601296],[-3.859754867508963,48.63198665285899],[-3.866591669980915,48.63547024708619],[-3.876237218273282,48.63866172777924],[-3.88055241881546,48.63938159867545],[-3.885104859090935,48.64041078660845],[-3.893460679019396,48.64348175717553],[-3.897772530464374,48.646399087430275],[-3.905310547824673,48.65811426681607],[-3.906167278564977,48.66161984515713],[-3.90267688495552,48.6649253626572],[-3.892652123390313,48.66634724270195],[-3.890279289564116,48.66771294514843],[-3.890575845172299,48.66995819582238],[-3.894296372764113,48.67135857930771],[-3.907495728482308,48.669429044751205],[-3.911089191128077,48.6698666738611],[-3.916455385396287,48.673303952302554],[-3.920312202531792,48.674243147725804],[-3.922764984380904,48.67274288642794],[-3.925727577597188,48.66694640200517],[-3.927875919595738,48.660938650893634],[-3.930131896410844,48.65796281948544],[-3.936219051088202,48.65721995027228],[-3.939599986677066,48.6575397990782],[-3.942266909739261,48.65544472778358],[-3.946280476531438,48.65314160479507],[-3.950748283493176,48.65204003938461],[-3.951650745685766,48.64481150291079],[-3.948769817756529,48.64013147978305],[-3.948966448614224,48.63792199058146],[-3.953644410598658,48.625882495540274],[-3.949840288331205,48.62015749734095],[-3.945659183783916,48.61749289107938],[-3.944742320254865,48.61502523706205],[-3.940796425472265,48.60969617844508],[-3.939871403991532,48.60716432137776],[-3.940550004756423,48.60415085784444],[-3.936251395322132,48.600587785361],[-3.935034787476455,48.59807292667137],[-3.934610219131128,48.59635222650936],[-3.930215340712881,48.5927945970482],[-3.923985432771821,48.59018428475464],[-3.922672351048965,48.58767495342467],[-3.926162887071976,48.581459090258434],[-3.927329385932402,48.57990410834856],[-3.92927091411999,48.57384310341699],[-3.931198335574897,48.57211433087635],[-3.933698367216652,48.56731354012945],[-3.932136147076822,48.565142077918665],[-3.934549452012762,48.558212834829654],[-3.939191355906158,48.55257544305596],[-3.940085723988644,48.5504542999412],[-3.943308528538267,48.54742106085494],[-3.95432034928345,48.53959957976098],[-3.958097413531091,48.53485234721147],[-3.95733795653225,48.529142783021534],[-3.957951488061586,48.52639134374279],[-3.963874918450954,48.51938423069992],[-3.97093298242718,48.515025478854184],[-3.973169385951249,48.510497391216134],[-3.972763033545919,48.5045083412326],[-3.974510048166679,48.50072016425474],[-3.978384523847172,48.498940327265935],[-3.981145471228693,48.493217239411926],[-3.981757788813601,48.488267234262636],[-3.980327770655411,48.48414878571843],[-3.972672779566873,48.47884512832974],[-3.970543868260086,48.4753496408515],[-3.970632025707776,48.46939600355614],[-3.973174808296355,48.464978921648985],[-3.977601029640091,48.46148530696273],[-3.97838973485075,48.458593867474335],[-3.97639796068564,48.45612490618169],[-3.969712537403952,48.449988172047156],[-3.967632989112356,48.4475889161584],[-3.961567920148284,48.443161053027836],[-3.959022815733535,48.44240549501877],[-3.955805548871457,48.44395239756488],[-3.952235680357415,48.44358019443192],[-3.949397959344809,48.44135451038569],[-3.941952748120048,48.43829991534648],[-3.932797314438474,48.431918303353726],[-3.930007160919899,48.4293014967591],[-3.927354672812625,48.424025669569566],[-3.922982285806868,48.41904440654679],[-3.92121615148125,48.41307003875023],[-3.91788968525878,48.405635144019236],[-3.91767735635005,48.40254404327949],[-3.910603548434736,48.403733409159905],[-3.898099706238128,48.40970030961088],[-3.890990742048204,48.41211889966028],[-3.87514767472278,48.41575605640724],[-3.86300599856276,48.41781864331227],[-3.850853827439202,48.42130285930859],[-3.846231125770797,48.421829001535464],[-3.840943151497942,48.425496626857445],[-3.835359993103205,48.428405217771186],[-3.823593577192513,48.43037717043048]]]}},{"type":"Feature","properties":{"Label":"OPAH HAUT LEON COMMUNAUTE","Type":"OPAH","Date_debut":"2024-01-01","Date_fin":"2028-12-31","Maitre_ouvrage":"LE PRÉSIDENT DE HAUT LÉON COMMUNAUTÉ","Code":"029OPA042","Operateur":"CITEMETRIE AGENCE DE BREST","Departement":"29","Territoire":"DL"},"geometry":{"type":"MultiPolygon","coordinates":[[[[-4.168832,48.567171],[-4.168888,48.567947],[-4.168769,48.568222],[-4.168427,48.568745],[-4.168124,48.568985],[-4.16745,48.569385],[-4.16736,48.569496],[-4.16717,48.570086],[-4.167117,48.5705],[-4.167011,48.571093],[-4.166005,48.571131],[-4.166033,48.571355],[-4.166461,48.572053],[-4.167012,48.572113],[-4.167326,48.572456],[-4.168211,48.573986],[-4.16857,48.574688],[-4.168469,48.574964],[-4.16846,48.575326],[-4.168562,48.575719],[-4.168731,48.575839],[-4.168945,48.576058],[-4.169489,48.5758],[-4.169705,48.575993],[-4.169995,48.576174],[-4.170187,48.576379],[-4.170292,48.576712],[-4.170666,48.577272],[-4.170366,48.577501],[-4.170364,48.577609],[-4.170498,48.578047],[-4.170537,48.578315],[-4.170541,48.57904],[-4.170587,48.579204],[-4.17058,48.579406],[-4.170511,48.579687],[-4.17035,48.580009],[-4.170212,48.580436],[-4.170089,48.5807],[-4.169898,48.581015],[-4.169538,48.581522],[-4.169255,48.581988],[-4.169145,48.582091],[-4.168605,48.582452],[-4.168571,48.58254],[-4.168587,48.582834],[-4.168027,48.58314],[-4.167403,48.583567],[-4.167137,48.583799],[-4.167047,48.584147],[-4.166714,48.584082],[-4.166403,48.584729],[-4.166094,48.585217],[-4.165852,48.585182],[-4.165694,48.585728],[-4.165125,48.585615],[-4.165467,48.586246],[-4.16587,48.587184],[-4.166253,48.587183],[-4.166539,48.587466],[-4.166989,48.58763],[-4.16719,48.587804],[-4.16719,48.587939],[-4.167439,48.588194],[-4.167514,48.58835],[-4.167715,48.588656],[-4.16773,48.588845],[-4.167515,48.589075],[-4.167662,48.589284],[-4.167696,48.589471],[-4.167574,48.589537],[-4.167274,48.589949],[-4.167144,48.59036],[-4.167653,48.590469],[-4.167652,48.590582],[-4.168953,48.591182],[-4.169389,48.591339],[-4.170192,48.592332],[-4.170108,48.592743],[-4.169921,48.593469],[-4.17018,48.593929],[-4.169358,48.594268],[-4.168668,48.594602],[-4.168258,48.594869],[-4.1675,48.595398],[-4.166915,48.595845],[-4.166091,48.596507],[-4.165796,48.596718],[-4.165336,48.596925],[-4.164854,48.597051],[-4.163784,48.597274],[-4.162207,48.597591],[-4.162213,48.597792],[-4.161762,48.598057],[-4.160867,48.598255],[-4.160841,48.598623],[-4.160126,48.598789],[-4.159852,48.598367],[-4.159377,48.598539],[-4.158299,48.598834],[-4.158706,48.599507],[-4.158899,48.600279],[-4.15874,48.600383],[-4.158644,48.600633],[-4.157675,48.60077],[-4.157836,48.601467],[-4.158664,48.601726],[-4.158615,48.602163],[-4.158782,48.603393],[-4.158615,48.603366],[-4.157836,48.603466],[-4.156575,48.603174],[-4.156238,48.603193],[-4.154909,48.603987],[-4.153593,48.604339],[-4.153509,48.60475],[-4.152714,48.604929],[-4.152309,48.606484],[-4.151624,48.606798],[-4.151633,48.606985],[-4.151437,48.607195],[-4.151324,48.607533],[-4.151122,48.607872],[-4.151054,48.608158],[-4.15103,48.608385],[-4.150955,48.608547],[-4.15102,48.608689],[-4.150912,48.609596],[-4.150967,48.61033],[-4.150917,48.610587],[-4.150682,48.610618],[-4.150546,48.610677],[-4.150467,48.610823],[-4.150379,48.611177],[-4.150075,48.611751],[-4.150065,48.611995],[-4.150296,48.612603],[-4.150273,48.612833],[-4.150203,48.613075],[-4.150207,48.613333],[-4.150352,48.613478],[-4.150605,48.613645],[-4.150799,48.613835],[-4.150843,48.613931],[-4.150718,48.614277],[-4.15106,48.61436],[-4.151113,48.614445],[-4.151112,48.614759],[-4.151019,48.614945],[-4.150675,48.615178],[-4.150527,48.615339],[-4.149982,48.615542],[-4.149649,48.615714],[-4.149532,48.615811],[-4.149316,48.615861],[-4.149157,48.615999],[-4.148856,48.616148],[-4.148585,48.616228],[-4.14844,48.616348],[-4.148297,48.616597],[-4.148045,48.616832],[-4.147839,48.616929],[-4.147727,48.617078],[-4.147777,48.617231],[-4.147891,48.617342],[-4.147869,48.61746],[-4.147733,48.617656],[-4.147635,48.617985],[-4.14763,48.61811],[-4.147344,48.618675],[-4.147423,48.618899],[-4.14737,48.619179],[-4.147226,48.619425],[-4.147314,48.619635],[-4.147682,48.619962],[-4.147753,48.620056],[-4.148477,48.620538],[-4.148802,48.620672],[-4.148906,48.620773],[-4.148864,48.620872],[-4.148605,48.621044],[-4.148437,48.621101],[-4.147997,48.621136],[-4.147781,48.621176],[-4.147518,48.621335],[-4.147256,48.621459],[-4.147098,48.621577],[-4.146904,48.621375],[-4.14633,48.621677],[-4.146059,48.621692],[-4.144477,48.620712],[-4.144304,48.620554],[-4.144003,48.620488],[-4.143621,48.62032],[-4.143335,48.62017],[-4.142986,48.61991],[-4.142488,48.61946],[-4.142055,48.619152],[-4.141416,48.618998],[-4.141185,48.618913],[-4.141001,48.618963],[-4.140902,48.618935],[-4.14046,48.618569],[-4.140322,48.618504],[-4.139898,48.61844],[-4.139567,48.61844],[-4.139258,48.618485],[-4.13884,48.618421],[-4.13822,48.618435],[-4.138075,48.61841],[-4.137894,48.618279],[-4.137683,48.618024],[-4.136818,48.617367],[-4.136762,48.617177],[-4.136575,48.616844],[-4.136358,48.616552],[-4.136037,48.616315],[-4.135841,48.616129],[-4.13523,48.61579],[-4.13576,48.615526],[-4.135586,48.61514],[-4.136073,48.614437],[-4.136953,48.613657],[-4.136826,48.613494],[-4.136058,48.613635],[-4.134033,48.614113],[-4.134021,48.613845],[-4.133731,48.613734],[-4.133606,48.613234],[-4.13349,48.612987],[-4.133202,48.612721],[-4.133127,48.612472],[-4.133248,48.612084],[-4.133686,48.612018],[-4.132518,48.609799],[-4.131971,48.609841],[-4.131801,48.609618],[-4.131678,48.609196],[-4.131666,48.608875],[-4.131759,48.608568],[-4.131979,48.608355],[-4.130784,48.607943],[-4.13016,48.607842],[-4.129923,48.607585],[-4.129829,48.606823],[-4.129328,48.606625],[-4.128641,48.606573],[-4.127973,48.606663],[-4.127269,48.607017],[-4.127128,48.606979],[-4.126566,48.606289],[-4.125867,48.605696],[-4.125409,48.604875],[-4.124759,48.604928],[-4.124056,48.605039],[-4.123814,48.605059],[-4.123422,48.60504],[-4.122989,48.60527],[-4.122567,48.605374],[-4.121264,48.60563],[-4.120061,48.605812],[-4.120396,48.606544],[-4.120315,48.606873],[-4.119687,48.607048],[-4.120236,48.607603],[-4.120345,48.607808],[-4.120326,48.608176],[-4.120203,48.608549],[-4.119856,48.608836],[-4.119787,48.609474],[-4.120087,48.610515],[-4.120013,48.610904],[-4.121385,48.611009],[-4.121527,48.611047],[-4.121711,48.611443],[-4.121458,48.611592],[-4.121641,48.611853],[-4.121993,48.61196],[-4.122308,48.612303],[-4.122437,48.612792],[-4.123219,48.613606],[-4.12324,48.613785],[-4.12252,48.614005],[-4.122178,48.614439],[-4.122369,48.614879],[-4.122752,48.615219],[-4.124174,48.615719],[-4.124697,48.616096],[-4.124912,48.616626],[-4.125238,48.618141],[-4.125244,48.619178],[-4.12505,48.620361],[-4.125325,48.621474],[-4.125187,48.621999],[-4.124956,48.622037],[-4.124244,48.622258],[-4.124057,48.622419],[-4.123835,48.622973],[-4.123568,48.623254],[-4.123449,48.62342],[-4.123165,48.623501],[-4.122778,48.623817],[-4.122646,48.623967],[-4.121134,48.624202],[-4.120069,48.62498],[-4.119481,48.624697],[-4.118856,48.624595],[-4.118761,48.623834],[-4.117433,48.624096],[-4.117163,48.624111],[-4.116872,48.622864],[-4.115004,48.621072],[-4.114413,48.620698],[-4.114097,48.620896],[-4.113613,48.620832],[-4.113095,48.621041],[-4.112173,48.62128],[-4.112143,48.621803],[-4.111953,48.621835],[-4.11159,48.621981],[-4.111311,48.622175],[-4.110984,48.622332],[-4.110701,48.622508],[-4.110323,48.62264],[-4.109965,48.622723],[-4.109587,48.622919],[-4.109509,48.623035],[-4.109326,48.623164],[-4.108691,48.622975],[-4.108697,48.622919],[-4.108505,48.622396],[-4.10824,48.622224],[-4.107809,48.621872],[-4.107768,48.621539],[-4.10788,48.620992],[-4.107874,48.620856],[-4.107597,48.620349],[-4.107417,48.619891],[-4.107307,48.61966],[-4.107087,48.619438],[-4.104339,48.619738],[-4.10381,48.619779],[-4.103468,48.620484],[-4.103082,48.620548],[-4.102646,48.620037],[-4.102322,48.620075],[-4.102414,48.620648],[-4.101865,48.620664],[-4.101485,48.620614],[-4.101452,48.620766],[-4.101421,48.621289],[-4.100655,48.621213],[-4.100295,48.621052],[-4.100177,48.620653],[-4.100031,48.62057],[-4.099158,48.620663],[-4.0989,48.620767],[-4.09801,48.620568],[-4.097843,48.620649],[-4.097452,48.620679],[-4.097312,48.620741],[-4.097092,48.62104],[-4.09677,48.621172],[-4.096332,48.621248],[-4.096063,48.62093],[-4.095855,48.620356],[-4.096092,48.619622],[-4.095973,48.619222],[-4.094805,48.618022],[-4.093965,48.617392],[-4.093762,48.617403],[-4.093047,48.617668],[-4.092777,48.617682],[-4.09216,48.617093],[-4.091962,48.617149],[-4.091337,48.617589],[-4.091066,48.617604],[-4.090358,48.617371],[-4.089722,48.617303],[-4.089481,48.618161],[-4.088964,48.619043],[-4.087504,48.618933],[-4.086458,48.618568],[-4.085447,48.618344],[-4.085242,48.618272],[-4.084778,48.617821],[-4.084381,48.617667],[-4.084109,48.617638],[-4.083899,48.617657],[-4.083543,48.61787],[-4.082805,48.618237],[-4.082388,48.61838],[-4.082171,48.618433],[-4.08136,48.618693],[-4.080762,48.618931],[-4.080306,48.619096],[-4.080089,48.619254],[-4.079816,48.619257],[-4.079316,48.619368],[-4.07882,48.619548],[-4.078394,48.619659],[-4.078267,48.619718],[-4.078166,48.619851],[-4.077939,48.620011],[-4.07746,48.62019],[-4.077252,48.620026],[-4.077113,48.619862],[-4.076914,48.619779],[-4.076528,48.619723],[-4.07643,48.619651],[-4.076392,48.619562],[-4.076469,48.619395],[-4.076401,48.619337],[-4.07614,48.619262],[-4.075803,48.618957],[-4.075613,48.618728],[-4.075532,48.618505],[-4.075659,48.618147],[-4.075746,48.618053],[-4.07599,48.617925],[-4.076435,48.617789],[-4.07659,48.617665],[-4.076529,48.617278],[-4.076613,48.616944],[-4.076475,48.616536],[-4.076499,48.61626],[-4.076157,48.615766],[-4.075997,48.615442],[-4.075983,48.615279],[-4.076066,48.614718],[-4.076063,48.614565],[-4.076218,48.614309],[-4.07605,48.614208],[-4.076241,48.613854],[-4.076232,48.613748],[-4.07645,48.613561],[-4.076396,48.613425],[-4.076538,48.613413],[-4.076754,48.613298],[-4.076651,48.613154],[-4.076715,48.613095],[-4.076544,48.613015],[-4.076387,48.613004],[-4.076063,48.612814],[-4.075833,48.612784],[-4.075766,48.612647],[-4.075726,48.612392],[-4.075531,48.611842],[-4.075076,48.611901],[-4.074425,48.612041],[-4.074184,48.612134],[-4.073658,48.612297],[-4.073262,48.612313],[-4.073002,48.612267],[-4.072262,48.612247],[-4.071894,48.61205],[-4.071532,48.612051],[-4.070965,48.612109],[-4.070544,48.61218],[-4.07011,48.612284],[-4.069784,48.612484],[-4.069527,48.612563],[-4.069194,48.612704],[-4.068809,48.612728],[-4.068144,48.61286],[-4.067894,48.612886],[-4.067535,48.61296],[-4.066925,48.612991],[-4.066395,48.612006],[-4.06452,48.612243],[-4.063998,48.611865],[-4.063862,48.611422],[-4.064025,48.611098],[-4.064667,48.610792],[-4.065322,48.610576],[-4.065284,48.609715],[-4.065193,48.609635],[-4.065165,48.609386],[-4.065044,48.608702],[-4.064961,48.608429],[-4.064673,48.60768],[-4.064595,48.60757],[-4.06388,48.607156],[-4.063395,48.606832],[-4.063146,48.606643],[-4.062983,48.606478],[-4.062731,48.606149],[-4.062479,48.605858],[-4.062193,48.605628],[-4.061922,48.605517],[-4.061474,48.605468],[-4.060188,48.605353],[-4.060221,48.605174],[-4.060223,48.604793],[-4.0603,48.604558],[-4.060709,48.604098],[-4.061065,48.603833],[-4.061113,48.603228],[-4.061081,48.602418],[-4.058071,48.602274],[-4.056777,48.602253],[-4.056423,48.601696],[-4.05603,48.601267],[-4.055941,48.601032],[-4.055667,48.601008],[-4.055254,48.600893],[-4.054903,48.600736],[-4.054274,48.600191],[-4.05349,48.599961],[-4.053304,48.600105],[-4.053849,48.600663],[-4.053786,48.600711],[-4.052625,48.600937],[-4.052764,48.601371],[-4.052887,48.601626],[-4.053202,48.602123],[-4.05365,48.602661],[-4.052665,48.603093],[-4.052772,48.603278],[-4.0519,48.603444],[-4.050991,48.603409],[-4.050378,48.603461],[-4.050405,48.604205],[-4.049843,48.604163],[-4.049191,48.60422],[-4.04935,48.604556],[-4.049471,48.604974],[-4.049412,48.605818],[-4.049284,48.606249],[-4.048744,48.606103],[-4.048247,48.606011],[-4.047899,48.605898],[-4.047879,48.606183],[-4.047563,48.606969],[-4.047017,48.606849],[-4.046384,48.606645],[-4.046349,48.606526],[-4.046499,48.605785],[-4.045322,48.605969],[-4.044752,48.606169],[-4.044662,48.606079],[-4.044335,48.606149],[-4.044161,48.60607],[-4.043844,48.606069],[-4.043719,48.606161],[-4.043565,48.606397],[-4.043571,48.606498],[-4.043992,48.607009],[-4.044048,48.60717],[-4.044192,48.607247],[-4.04478,48.607136],[-4.044839,48.607139],[-4.045105,48.607413],[-4.045217,48.607597],[-4.045264,48.607786],[-4.044904,48.608271],[-4.044587,48.60847],[-4.044632,48.6087],[-4.044836,48.60891],[-4.045181,48.609493],[-4.04531,48.609789],[-4.045592,48.610223],[-4.045673,48.610403],[-4.045756,48.610915],[-4.045712,48.611313],[-4.045747,48.611507],[-4.045755,48.611816],[-4.045567,48.61215],[-4.045521,48.612437],[-4.045305,48.612642],[-4.045219,48.612849],[-4.045025,48.61318],[-4.044891,48.613313],[-4.044741,48.613529],[-4.04464,48.61361],[-4.044397,48.613633],[-4.044162,48.613771],[-4.044101,48.613851],[-4.043906,48.613893],[-4.043787,48.614079],[-4.043649,48.614152],[-4.043659,48.614359],[-4.043764,48.614571],[-4.043736,48.614812],[-4.043595,48.615188],[-4.043485,48.615577],[-4.043196,48.61559],[-4.04224,48.615431],[-4.041731,48.615515],[-4.041301,48.615422],[-4.040932,48.615447],[-4.040603,48.615522],[-4.040448,48.615519],[-4.03986,48.615398],[-4.039238,48.61523],[-4.038898,48.615192],[-4.038692,48.6152],[-4.038515,48.615275],[-4.037857,48.615687],[-4.037367,48.615913],[-4.036975,48.615995],[-4.036385,48.61601],[-4.035744,48.616096],[-4.035362,48.61619],[-4.035009,48.616312],[-4.034653,48.616537],[-4.034349,48.616607],[-4.034004,48.616626],[-4.033871,48.616597],[-4.033699,48.616479],[-4.033213,48.616234],[-4.033042,48.6162],[-4.032422,48.616221],[-4.032292,48.616201],[-4.031921,48.615968],[-4.031524,48.615644],[-4.031183,48.615117],[-4.030791,48.614685],[-4.030653,48.613025],[-4.030402,48.612632],[-4.02985,48.612572],[-4.02956,48.611867],[-4.029335,48.611698],[-4.028795,48.611727],[-4.028555,48.610883],[-4.028396,48.610801],[-4.027648,48.610806],[-4.027543,48.610496],[-4.024635,48.610352],[-4.024863,48.610297],[-4.024957,48.610015],[-4.025082,48.609788],[-4.025392,48.609331],[-4.025524,48.60885],[-4.025726,48.608747],[-4.025821,48.608641],[-4.025807,48.608193],[-4.025722,48.607784],[-4.025552,48.607298],[-4.025179,48.606134],[-4.024507,48.606192],[-4.023868,48.606177],[-4.022957,48.605986],[-4.022346,48.605928],[-4.021162,48.605901],[-4.021157,48.604752],[-4.021272,48.604259],[-4.02156,48.603593],[-4.02188,48.60295],[-4.022101,48.602576],[-4.022431,48.602073],[-4.022806,48.60141],[-4.022883,48.601193],[-4.02298,48.600779],[-4.02313,48.599657],[-4.022879,48.599594],[-4.02275,48.599607],[-4.021981,48.599787],[-4.021471,48.599808],[-4.02139,48.599868],[-4.020902,48.59995],[-4.020718,48.600062],[-4.020466,48.60005],[-4.020055,48.599907],[-4.019645,48.599915],[-4.019296,48.599973],[-4.018971,48.600106],[-4.018627,48.600135],[-4.018221,48.600087],[-4.017957,48.6001],[-4.017012,48.600314],[-4.016825,48.600378],[-4.016394,48.600578],[-4.016246,48.600824],[-4.015819,48.600805],[-4.015636,48.600885],[-4.015389,48.60094],[-4.01517,48.601065],[-4.014981,48.600652],[-4.014757,48.600677],[-4.014375,48.600796],[-4.014067,48.60099],[-4.013808,48.601217],[-4.012934,48.601611],[-4.012473,48.601881],[-4.011599,48.601775],[-4.009981,48.601904],[-4.0095,48.600934],[-4.009313,48.600833],[-4.009037,48.60081],[-4.008219,48.600778],[-4.006547,48.600769],[-4.005493,48.600813],[-4.004275,48.600927],[-4.003836,48.60098],[-4.003503,48.601041],[-4.002898,48.601267],[-4.002556,48.601358],[-4.002304,48.601359],[-4.002157,48.601289],[-4.000675,48.601396],[-4.000004,48.601477],[-3.999779,48.600858],[-3.999946,48.599829],[-3.999903,48.599757],[-3.999903,48.599252],[-3.999831,48.598431],[-3.998356,48.598769],[-3.99701,48.598886],[-3.996404,48.598928],[-3.996325,48.598842],[-3.996754,48.596781],[-3.996981,48.59622],[-3.996575,48.596006],[-3.996426,48.595879],[-3.995938,48.595377],[-3.995612,48.595073],[-3.992862,48.594067],[-3.99211,48.593477],[-3.991688,48.593363],[-3.990812,48.593419],[-3.989956,48.593646],[-3.989937,48.594053],[-3.989688,48.594246],[-3.989227,48.594515],[-3.98834,48.594268],[-3.987799,48.594051],[-3.987498,48.593842],[-3.987211,48.593711],[-3.986559,48.593605],[-3.986475,48.593935],[-3.986345,48.594048],[-3.986121,48.594127],[-3.985816,48.594153],[-3.984921,48.59401],[-3.984347,48.594009],[-3.983964,48.59357],[-3.98279,48.592965],[-3.982182,48.592997],[-3.982226,48.593931],[-3.981155,48.593954],[-3.980964,48.593942],[-3.980676,48.593842],[-3.980412,48.593679],[-3.979721,48.593896],[-3.97764,48.593655],[-3.975828,48.593301],[-3.973895,48.592373],[-3.974258,48.592197],[-3.974638,48.592047],[-3.974931,48.591853],[-3.975169,48.591761],[-3.975337,48.59158],[-3.975402,48.591333],[-3.975501,48.591248],[-3.975865,48.59104],[-3.975869,48.590907],[-3.975773,48.590705],[-3.97584,48.59058],[-3.976046,48.590431],[-3.976118,48.590264],[-3.976083,48.589989],[-3.976017,48.58981],[-3.975559,48.589368],[-3.97553,48.589286],[-3.974399,48.588552],[-3.973959,48.588251],[-3.973666,48.587774],[-3.973145,48.587079],[-3.971941,48.58725],[-3.971171,48.587066],[-3.968429,48.585867],[-3.967838,48.585739],[-3.96762,48.585926],[-3.967229,48.58618],[-3.966858,48.586296],[-3.966603,48.586398],[-3.966056,48.586448],[-3.965867,48.586511],[-3.96562,48.586745],[-3.965264,48.586993],[-3.965154,48.587045],[-3.964737,48.588082],[-3.964533,48.588318],[-3.963951,48.588437],[-3.96311,48.588415],[-3.962183,48.588058],[-3.960006,48.587597],[-3.959542,48.587126],[-3.958923,48.585941],[-3.958845,48.585855],[-3.958299,48.585839],[-3.957664,48.585197],[-3.957221,48.584905],[-3.955737,48.584993],[-3.955244,48.584297],[-3.956312,48.583565],[-3.956822,48.583303],[-3.95712,48.583061],[-3.956958,48.582845],[-3.956767,48.582518],[-3.955869,48.582662],[-3.955671,48.582713],[-3.955116,48.582985],[-3.954708,48.582971],[-3.954373,48.583038],[-3.954036,48.583042],[-3.95387,48.583151],[-3.953625,48.583146],[-3.953226,48.583086],[-3.95294,48.583193],[-3.952342,48.583302],[-3.952127,48.583468],[-3.951865,48.583799],[-3.951562,48.584112],[-3.951463,48.584288],[-3.95117,48.584502],[-3.95111,48.584802],[-3.950838,48.584919],[-3.950826,48.585098],[-3.950738,48.58527],[-3.950558,48.585428],[-3.950307,48.585553],[-3.949746,48.58577],[-3.949434,48.585951],[-3.949237,48.586114],[-3.948894,48.586454],[-3.948619,48.586677],[-3.948117,48.587116],[-3.947881,48.587291],[-3.947809,48.587476],[-3.947472,48.587662],[-3.947228,48.587702],[-3.947046,48.587849],[-3.946481,48.588142],[-3.945885,48.5884],[-3.945618,48.588496],[-3.945179,48.588712],[-3.944982,48.588746],[-3.944443,48.589024],[-3.943981,48.589212],[-3.94384,48.589445],[-3.943815,48.589898],[-3.943735,48.590033],[-3.943414,48.590327],[-3.943044,48.590539],[-3.942844,48.590716],[-3.942812,48.591008],[-3.942466,48.591331],[-3.942345,48.591364],[-3.942233,48.591534],[-3.941754,48.591822],[-3.94131,48.59203],[-3.94114,48.59223],[-3.940884,48.5924],[-3.940543,48.592856],[-3.940508,48.593023],[-3.940253,48.59324],[-3.939552,48.593686],[-3.939247,48.593826],[-3.938792,48.593926],[-3.938432,48.594227],[-3.938261,48.594317],[-3.937746,48.594508],[-3.93731,48.594552],[-3.936695,48.594769],[-3.936543,48.594869],[-3.936052,48.595288],[-3.935806,48.595583],[-3.935751,48.595772],[-3.935759,48.596132],[-3.935859,48.596463],[-3.935966,48.59697],[-3.935959,48.597152],[-3.935742,48.598042],[-3.935592,48.598153],[-3.935336,48.598152],[-3.935018,48.598075],[-3.93494,48.598163],[-3.934874,48.598656],[-3.935002,48.599103],[-3.935232,48.599495],[-3.935467,48.599856],[-3.935673,48.600127],[-3.936217,48.600568],[-3.937876,48.601568],[-3.939292,48.602329],[-3.940035,48.602977],[-3.940406,48.603552],[-3.940631,48.60414],[-3.940723,48.604719],[-3.940706,48.60522],[-3.940659,48.605619],[-3.940489,48.606045],[-3.940073,48.606857],[-3.939929,48.607172],[-3.939867,48.607457],[-3.939914,48.607786],[-3.940049,48.608171],[-3.94027,48.608626],[-3.940514,48.609213],[-3.940739,48.609706],[-3.940953,48.609773],[-3.941265,48.609815],[-3.942006,48.61003],[-3.94245,48.610329],[-3.94283,48.61067],[-3.943192,48.611106],[-3.943367,48.611432],[-3.943423,48.611739],[-3.94344,48.612017],[-3.943403,48.612664],[-3.943413,48.612966],[-3.943463,48.613229],[-3.943889,48.613794],[-3.944322,48.61424],[-3.944617,48.614637],[-3.944721,48.61507],[-3.944849,48.615516],[-3.945043,48.616109],[-3.945272,48.616549],[-3.945413,48.616761],[-3.945722,48.617475],[-3.945944,48.617699],[-3.946434,48.618086],[-3.947467,48.618872],[-3.947966,48.619335],[-3.948649,48.619777],[-3.949048,48.619981],[-3.949383,48.620094],[-3.949823,48.620163],[-3.950956,48.620115],[-3.951338,48.620118],[-3.9516,48.62017],[-3.951919,48.620269],[-3.952235,48.620483],[-3.952315,48.620646],[-3.95231,48.620812],[-3.952108,48.621573],[-3.951925,48.621905],[-3.951759,48.622136],[-3.951536,48.622303],[-3.951118,48.622538],[-3.950864,48.622842],[-3.950786,48.623066],[-3.950802,48.623227],[-3.951171,48.623773],[-3.951515,48.624314],[-3.951848,48.624663],[-3.952159,48.624948],[-3.953152,48.625549],[-3.95364,48.625867],[-3.953806,48.626019],[-3.953915,48.626535],[-3.95385,48.62686],[-3.953584,48.62736],[-3.953185,48.627838],[-3.95261,48.628349],[-3.951979,48.628781],[-3.951524,48.629155],[-3.951347,48.629412],[-3.95128,48.629727],[-3.951305,48.630043],[-3.951533,48.631127],[-3.951612,48.631835],[-3.951614,48.632951],[-3.951502,48.633487],[-3.951227,48.633999],[-3.950485,48.635099],[-3.949982,48.635831],[-3.94895,48.637901],[-3.948817,48.638797],[-3.948769,48.639315],[-3.948829,48.640112],[-3.949054,48.640774],[-3.949936,48.642587],[-3.950472,48.643348],[-3.951611,48.644786],[-3.952537,48.644735],[-3.952633,48.644903],[-3.95283,48.645041],[-3.95309,48.64511],[-3.953582,48.645317],[-3.953852,48.645395],[-3.954126,48.64544],[-3.954664,48.645656],[-3.954846,48.645804],[-3.955285,48.646067],[-3.955776,48.646269],[-3.956084,48.64647],[-3.95624,48.646743],[-3.956267,48.647264],[-3.956387,48.647443],[-3.956759,48.647743],[-3.957025,48.64787],[-3.957604,48.64801],[-3.957649,48.6481],[-3.957559,48.648176],[-3.956977,48.648475],[-3.956428,48.64867],[-3.956158,48.648738],[-3.955875,48.648741],[-3.955853,48.64887],[-3.955873,48.649265],[-3.955972,48.649559],[-3.956178,48.649834],[-3.956266,48.650007],[-3.955675,48.650056],[-3.955731,48.65014],[-3.956335,48.650104],[-3.956432,48.650474],[-3.956478,48.65096],[-3.956633,48.651242],[-3.956721,48.651631],[-3.956462,48.651998],[-3.956359,48.652182],[-3.956154,48.652459],[-3.955697,48.652889],[-3.955205,48.653269],[-3.954978,48.653498],[-3.954798,48.653634],[-3.954646,48.653903],[-3.954711,48.654103],[-3.954737,48.654712],[-3.954697,48.655121],[-3.954489,48.655496],[-3.954267,48.655763],[-3.954017,48.655841],[-3.95382,48.656009],[-3.953871,48.656195],[-3.95362,48.656247],[-3.953361,48.656176],[-3.953072,48.656165],[-3.952826,48.656255],[-3.952641,48.656417],[-3.952212,48.656934],[-3.952146,48.657224],[-3.952189,48.657497],[-3.952148,48.657922],[-3.952216,48.658131],[-3.95223,48.658388],[-3.952329,48.658514],[-3.952373,48.658663],[-3.952387,48.659023],[-3.952331,48.659164],[-3.952359,48.659285],[-3.95252,48.659584],[-3.952499,48.660212],[-3.952528,48.66056],[-3.95236,48.660918],[-3.95211,48.661232],[-3.951906,48.661438],[-3.951698,48.661598],[-3.951898,48.66201],[-3.951993,48.662163],[-3.952162,48.662549],[-3.952404,48.66284],[-3.952355,48.663055],[-3.952104,48.663183],[-3.952128,48.663485],[-3.952197,48.663579],[-3.952471,48.663767],[-3.952655,48.664023],[-3.95284,48.664193],[-3.953132,48.664579],[-3.953171,48.664731],[-3.953172,48.665039],[-3.953219,48.665166],[-3.953434,48.665249],[-3.953671,48.665529],[-3.95389,48.665706],[-3.954094,48.665927],[-3.954396,48.666365],[-3.954502,48.666626],[-3.954506,48.666992],[-3.954634,48.667283],[-3.9547,48.667508],[-3.954839,48.667691],[-3.954831,48.667938],[-3.954662,48.668015],[-3.954932,48.668649],[-3.955047,48.668773],[-3.955349,48.668892],[-3.955334,48.66947],[-3.955297,48.669612],[-3.955144,48.669757],[-3.954864,48.669908],[-3.954301,48.669998],[-3.954148,48.670044],[-3.954192,48.670246],[-3.954318,48.670462],[-3.954241,48.6707],[-3.953935,48.670973],[-3.953245,48.671533],[-3.952952,48.671516],[-3.952802,48.671237],[-3.952677,48.671182],[-3.95245,48.671179],[-3.95221,48.671115],[-3.951552,48.671101],[-3.951441,48.67105],[-3.951217,48.670833],[-3.950846,48.670723],[-3.950717,48.670769],[-3.950702,48.670887],[-3.950743,48.671248],[-3.950653,48.671397],[-3.95041,48.671463],[-3.950425,48.671758],[-3.950631,48.671846],[-3.95069,48.672229],[-3.95055,48.672286],[-3.950229,48.672599],[-3.95018,48.672792],[-3.950407,48.673004],[-3.950729,48.673116],[-3.950878,48.673029],[-3.951128,48.672943],[-3.951165,48.672871],[-3.951695,48.672858],[-3.952011,48.672929],[-3.953018,48.673198],[-3.953623,48.6735],[-3.953859,48.673666],[-3.953905,48.673753],[-3.953994,48.674138],[-3.953992,48.674297],[-3.953814,48.674524],[-3.953588,48.674559],[-3.953278,48.67467],[-3.95326,48.67488],[-3.953301,48.675003],[-3.953409,48.675068],[-3.953461,48.675193],[-3.95346,48.675451],[-3.953602,48.67546],[-3.95362,48.67561],[-3.953753,48.675786],[-3.954004,48.67548],[-3.953974,48.675297],[-3.954159,48.675189],[-3.954626,48.675104],[-3.954863,48.675092],[-3.95512,48.674994],[-3.955074,48.674793],[-3.955082,48.674601],[-3.955199,48.674512],[-3.955264,48.674232],[-3.955405,48.674147],[-3.955536,48.67392],[-3.955633,48.673606],[-3.955726,48.673412],[-3.956036,48.673233],[-3.956471,48.673127],[-3.956842,48.673093],[-3.957179,48.673092],[-3.957575,48.673122],[-3.958323,48.673236],[-3.958971,48.673348],[-3.9596,48.673479],[-3.960292,48.673671],[-3.961284,48.67398],[-3.962606,48.674422],[-3.96281,48.674519],[-3.962923,48.67466],[-3.963363,48.675094],[-3.963524,48.675189],[-3.963929,48.675359],[-3.96429,48.675552],[-3.964421,48.675688],[-3.964655,48.675845],[-3.964764,48.676008],[-3.964782,48.676164],[-3.964674,48.676378],[-3.964528,48.676436],[-3.96455,48.676522],[-3.964709,48.676533],[-3.964847,48.67667],[-3.965069,48.67678],[-3.96533,48.676711],[-3.965431,48.67654],[-3.965583,48.676425],[-3.965744,48.67617],[-3.965975,48.675938],[-3.966087,48.675746],[-3.966092,48.675569],[-3.966149,48.675302],[-3.965976,48.675109],[-3.965983,48.674978],[-3.96617,48.674694],[-3.966488,48.674524],[-3.966504,48.674431],[-3.966632,48.674373],[-3.967359,48.674141],[-3.967482,48.674081],[-3.968008,48.673732],[-3.968418,48.673487],[-3.969274,48.673509],[-3.969596,48.673753],[-3.969833,48.673839],[-3.970365,48.673986],[-3.970754,48.674238],[-3.970885,48.67437],[-3.97106,48.674473],[-3.971276,48.674543],[-3.971724,48.674635],[-3.971826,48.67476],[-3.97202,48.675379],[-3.97193,48.675574],[-3.971722,48.675692],[-3.971456,48.675692],[-3.97126,48.675631],[-3.970939,48.675448],[-3.970665,48.675404],[-3.970299,48.675429],[-3.970049,48.675499],[-3.969822,48.675644],[-3.969568,48.675909],[-3.969339,48.676206],[-3.969298,48.676362],[-3.969269,48.676798],[-3.969328,48.677214],[-3.969052,48.677702],[-3.969027,48.677871],[-3.969214,48.678554],[-3.969178,48.678855],[-3.968861,48.679781],[-3.96865,48.680518],[-3.968923,48.680682],[-3.969327,48.681033],[-3.96963,48.681202],[-3.9698,48.681378],[-3.970178,48.681863],[-3.97008,48.68201],[-3.96966,48.681999],[-3.96965,48.682154],[-3.970082,48.682167],[-3.97034,48.682359],[-3.970561,48.68266],[-3.970721,48.685003],[-3.970387,48.686498],[-3.969241,48.688085],[-3.968826,48.689105],[-3.968553,48.689713],[-3.968185,48.690126],[-3.966819,48.690039],[-3.96671,48.689963],[-3.966636,48.689731],[-3.965843,48.689265],[-3.964847,48.6888],[-3.963754,48.688407],[-3.961961,48.687963],[-3.961264,48.687795],[-3.961003,48.687648],[-3.960981,48.687525],[-3.961118,48.687398],[-3.96162,48.687064],[-3.961836,48.686849],[-3.961987,48.686617],[-3.962055,48.686443],[-3.962073,48.686144],[-3.962025,48.685948],[-3.961821,48.685639],[-3.961298,48.685212],[-3.960403,48.684678],[-3.960045,48.684492],[-3.959753,48.684301],[-3.959637,48.68409],[-3.959648,48.683823],[-3.959491,48.683647],[-3.959371,48.683319],[-3.958845,48.683398],[-3.959139,48.684191],[-3.961607,48.68572],[-3.961666,48.685843],[-3.961598,48.686033],[-3.961598,48.686308],[-3.961699,48.686482],[-3.961622,48.686639],[-3.960735,48.687338],[-3.960588,48.687351],[-3.959987,48.687581],[-3.959446,48.687726],[-3.958788,48.687821],[-3.958627,48.687983],[-3.958317,48.688104],[-3.957876,48.688116],[-3.957685,48.688448],[-3.958017,48.688659],[-3.958029,48.688751],[-3.958194,48.688755],[-3.958283,48.688687],[-3.958423,48.688729],[-3.958491,48.688907],[-3.95874,48.689027],[-3.959078,48.689005],[-3.959388,48.688939],[-3.959732,48.68882],[-3.959786,48.688763],[-3.959728,48.688583],[-3.959971,48.688515],[-3.960474,48.688448],[-3.960712,48.688443],[-3.960868,48.688383],[-3.961102,48.688353],[-3.961299,48.688278],[-3.961449,48.688131],[-3.961885,48.688161],[-3.963017,48.688424],[-3.963826,48.688625],[-3.965602,48.689398],[-3.965882,48.689532],[-3.966652,48.690093],[-3.966771,48.690235],[-3.966808,48.690403],[-3.966724,48.690546],[-3.966627,48.690916],[-3.966569,48.691025],[-3.966339,48.69112],[-3.966189,48.691397],[-3.966057,48.691548],[-3.965842,48.691604],[-3.965734,48.691589],[-3.96545,48.691773],[-3.965746,48.691805],[-3.965819,48.691986],[-3.965843,48.692171],[-3.965806,48.692304],[-3.965708,48.692375],[-3.965435,48.692386],[-3.965284,48.692552],[-3.96526,48.692666],[-3.965135,48.692767],[-3.965158,48.69293],[-3.965051,48.693051],[-3.965089,48.693238],[-3.965184,48.693242],[-3.965324,48.69309],[-3.965668,48.693071],[-3.965795,48.692956],[-3.965939,48.692924],[-3.966325,48.692922],[-3.966625,48.692808],[-3.966756,48.692811],[-3.966964,48.692916],[-3.967422,48.69308],[-3.967723,48.693125],[-3.968322,48.693312],[-3.969012,48.693554],[-3.96973,48.693864],[-3.970488,48.69431],[-3.971372,48.694884],[-3.971641,48.694935],[-3.97192,48.695104],[-3.972785,48.695712],[-3.973217,48.696103],[-3.973603,48.696499],[-3.974477,48.697295],[-3.974698,48.697533],[-3.975121,48.697889],[-3.975327,48.698083],[-3.975572,48.698436],[-3.975846,48.698901],[-3.976076,48.69935],[-3.976171,48.699599],[-3.976063,48.699965],[-3.975866,48.700074],[-3.975642,48.700251],[-3.975444,48.700737],[-3.975253,48.701006],[-3.975098,48.701132],[-3.974573,48.701361],[-3.974453,48.701441],[-3.974271,48.701667],[-3.974032,48.701852],[-3.97366,48.701956],[-3.973332,48.702126],[-3.973284,48.702462],[-3.973471,48.702826],[-3.973494,48.703],[-3.973481,48.703425],[-3.973506,48.703546],[-3.973691,48.703984],[-3.973736,48.704185],[-3.973757,48.704479],[-3.973688,48.704599],[-3.973488,48.704708],[-3.973089,48.704847],[-3.973109,48.70503],[-3.972997,48.705263],[-3.972716,48.705341],[-3.972374,48.705373],[-3.972289,48.705567],[-3.971872,48.705762],[-3.971396,48.705877],[-3.971452,48.705948],[-3.971741,48.706012],[-3.972399,48.70628],[-3.972569,48.706464],[-3.972792,48.706583],[-3.97304,48.706782],[-3.973463,48.707274],[-3.973764,48.707758],[-3.973708,48.707892],[-3.973823,48.70817],[-3.973949,48.708269],[-3.974078,48.708271],[-3.974088,48.708503],[-3.974175,48.708742],[-3.97415,48.709063],[-3.974161,48.709432],[-3.973924,48.71005],[-3.973796,48.710347],[-3.973363,48.710835],[-3.973057,48.711056],[-3.9728,48.71114],[-3.972546,48.711141],[-3.972096,48.711046],[-3.971657,48.710861],[-3.971407,48.710858],[-3.971204,48.710796],[-3.970906,48.710762],[-3.97069,48.710654],[-3.970678,48.710591],[-3.97046,48.71049],[-3.970303,48.710464],[-3.96992,48.710521],[-3.969833,48.710624],[-3.969946,48.710695],[-3.97025,48.71069],[-3.970423,48.710763],[-3.970518,48.710925],[-3.970931,48.710927],[-3.971271,48.711015],[-3.971666,48.711345],[-3.97169,48.711627],[-3.971515,48.7119],[-3.971433,48.712295],[-3.971527,48.712408],[-3.971771,48.712516],[-3.971898,48.712649],[-3.97215,48.712832],[-3.972212,48.712967],[-3.972251,48.713241],[-3.972357,48.713317],[-3.972333,48.713473],[-3.972081,48.713709],[-3.971986,48.713871],[-3.971667,48.713911],[-3.971511,48.713798],[-3.971206,48.71373],[-3.971048,48.713905],[-3.970715,48.714018],[-3.970462,48.714159],[-3.970135,48.714206],[-3.970122,48.714298],[-3.970273,48.714366],[-3.970401,48.714497],[-3.970352,48.714831],[-3.970179,48.71516],[-3.970054,48.715248],[-3.97004,48.715459],[-3.969934,48.715829],[-3.969823,48.715965],[-3.969646,48.716055],[-3.969449,48.716062],[-3.96915,48.715985],[-3.968518,48.716019],[-3.968415,48.715963],[-3.968291,48.716022],[-3.96842,48.716182],[-3.968172,48.716329],[-3.968229,48.716415],[-3.968362,48.716428],[-3.968636,48.716685],[-3.968857,48.716734],[-3.968783,48.716825],[-3.968851,48.717149],[-3.968829,48.717225],[-3.968619,48.717302],[-3.968004,48.717355],[-3.967986,48.717386],[-3.965587,48.717606],[-3.965595,48.717691],[-3.967661,48.717505],[-3.967756,48.718021],[-3.967576,48.7185],[-3.967353,48.718479],[-3.967263,48.718853],[-3.965707,48.718702],[-3.96576,48.718461],[-3.965643,48.718457],[-3.965255,48.720134],[-3.965157,48.720494],[-3.965012,48.721134],[-3.965174,48.721095],[-3.96557,48.721217],[-3.965732,48.721334],[-3.965721,48.721398],[-3.965498,48.721691],[-3.965324,48.721877],[-3.965109,48.721855],[-3.96399,48.721446],[-3.96372,48.721587],[-3.964304,48.721966],[-3.96418,48.721965],[-3.963527,48.721595],[-3.962076,48.720573],[-3.961511,48.720164],[-3.961378,48.720258],[-3.961582,48.720415],[-3.963396,48.721676],[-3.963371,48.721802],[-3.963597,48.722048],[-3.963826,48.722199],[-3.964236,48.722375],[-3.964596,48.722479],[-3.964858,48.722529],[-3.965334,48.722567],[-3.965837,48.722553],[-3.966412,48.722486],[-3.966837,48.722471],[-3.967286,48.722572],[-3.967674,48.722758],[-3.968171,48.722923],[-3.968393,48.723131],[-3.96844,48.723251],[-3.968424,48.723426],[-3.96823,48.723598],[-3.968319,48.723682],[-3.968384,48.72385],[-3.968922,48.723913],[-3.969406,48.724045],[-3.969678,48.724233],[-3.969702,48.724449],[-3.969608,48.724582],[-3.969625,48.724734],[-3.969915,48.725071],[-3.969968,48.725244],[-3.96999,48.725565],[-3.96994,48.72567],[-3.969659,48.725881],[-3.969777,48.726004],[-3.969291,48.726396],[-3.969599,48.726565],[-3.969651,48.726733],[-3.969534,48.726789],[-3.969533,48.726971],[-3.969679,48.727143],[-3.969676,48.727234],[-3.969561,48.727357],[-3.96964,48.727433],[-3.970174,48.72739],[-3.970455,48.727225],[-3.970445,48.727097],[-3.970335,48.726972],[-3.970779,48.726908],[-3.97112,48.726804],[-3.971285,48.726691],[-3.971534,48.726372],[-3.971561,48.726248],[-3.971455,48.726177],[-3.971474,48.726001],[-3.971784,48.72586],[-3.971927,48.725638],[-3.972074,48.725583],[-3.972119,48.725389],[-3.972002,48.725054],[-3.972073,48.724871],[-3.972204,48.724769],[-3.97254,48.724636],[-3.972889,48.724578],[-3.973241,48.724552],[-3.973645,48.724575],[-3.974064,48.724628],[-3.974145,48.724795],[-3.974407,48.725177],[-3.974674,48.725669],[-3.974752,48.725546],[-3.974606,48.725333],[-3.974443,48.724887],[-3.97422,48.724172],[-3.974078,48.723873],[-3.974097,48.723732],[-3.974203,48.723608],[-3.974442,48.723422],[-3.974926,48.723306],[-3.975532,48.723263],[-3.975718,48.723189],[-3.975847,48.722996],[-3.976015,48.722865],[-3.976237,48.723098],[-3.976347,48.723136],[-3.976687,48.723115],[-3.978315,48.722566],[-3.978539,48.722503],[-3.97983,48.722667],[-3.980144,48.722855],[-3.979558,48.723286],[-3.979708,48.723371],[-3.980244,48.722975],[-3.98044,48.723026],[-3.981299,48.723535],[-3.981277,48.723601],[-3.981459,48.723691],[-3.981712,48.723931],[-3.982105,48.724378],[-3.982384,48.724778],[-3.982484,48.725316],[-3.982127,48.725443],[-3.981171,48.725251],[-3.980205,48.724849],[-3.979413,48.724457],[-3.979314,48.724539],[-3.9797,48.724764],[-3.980569,48.725125],[-3.981179,48.725362],[-3.98227,48.725589],[-3.981906,48.726367],[-3.981119,48.726646],[-3.980663,48.726574],[-3.979715,48.726397],[-3.978192,48.726092],[-3.977818,48.72601],[-3.977593,48.725991],[-3.977589,48.726081],[-3.981144,48.726794],[-3.981451,48.726809],[-3.981848,48.726769],[-3.982033,48.726724],[-3.983502,48.726209],[-3.983581,48.7263],[-3.98389,48.726506],[-3.984005,48.726517],[-3.983959,48.726696],[-3.98414,48.726774],[-3.984183,48.726858],[-3.984335,48.726861],[-3.984443,48.726679],[-3.984612,48.726718],[-3.985195,48.726914],[-3.985543,48.727105],[-3.985564,48.727195],[-3.98592,48.727328],[-3.986247,48.727523],[-3.986526,48.727536],[-3.98671,48.727432],[-3.986987,48.727352],[-3.987197,48.727487],[-3.987426,48.727458],[-3.987537,48.727346],[-3.9875,48.727158],[-3.988788,48.727117],[-3.989105,48.727149],[-3.989041,48.727017],[-3.989481,48.726379],[-3.99033,48.725576],[-3.990689,48.725345],[-3.990921,48.725339],[-3.99095,48.725283],[-3.990971,48.724874],[-3.991412,48.724302],[-3.991652,48.724213],[-3.991797,48.723904],[-3.992092,48.723708],[-3.992492,48.723382],[-3.992619,48.72343],[-3.992722,48.723364],[-3.9928,48.723164],[-3.992779,48.723058],[-3.992638,48.722944],[-3.991997,48.722903],[-3.991931,48.722854],[-3.991932,48.722636],[-3.991992,48.72243],[-3.992105,48.722182],[-3.992222,48.722018],[-3.992529,48.721753],[-3.992678,48.721671],[-3.992497,48.721617],[-3.992406,48.721152],[-3.992467,48.721123],[-3.992579,48.720767],[-3.992473,48.720454],[-3.992463,48.720236],[-3.99233,48.719945],[-3.992119,48.719877],[-3.992012,48.719703],[-3.991861,48.719667],[-3.991397,48.719434],[-3.991347,48.719302],[-3.991297,48.71884],[-3.99118,48.718793],[-3.991039,48.718573],[-3.990915,48.718479],[-3.991283,48.717438],[-3.991552,48.717015],[-3.992224,48.716102],[-3.992917,48.715201],[-3.993001,48.715195],[-3.993283,48.714938],[-3.994038,48.714402],[-3.994505,48.714157],[-3.995135,48.71392],[-3.996003,48.713422],[-3.996266,48.713291],[-3.996895,48.712927],[-3.997656,48.712599],[-3.998892,48.712453],[-3.999355,48.712337],[-4.000116,48.711997],[-4.000426,48.711796],[-4.000795,48.711605],[-4.001222,48.711951],[-4.00183,48.712467],[-4.001884,48.712479],[-4.002276,48.712829],[-4.003057,48.713504],[-4.004244,48.714469],[-4.004803,48.714942],[-4.004946,48.715203],[-4.005139,48.715655],[-4.005101,48.71589],[-4.004932,48.716102],[-4.004673,48.716301],[-4.004424,48.716545],[-4.00422,48.716697],[-4.004056,48.716754],[-4.003385,48.716859],[-4.003097,48.716869],[-4.002984,48.716911],[-4.002862,48.717055],[-4.002712,48.717146],[-4.002789,48.717215],[-4.00348,48.717241],[-4.003673,48.717297],[-4.004145,48.717518],[-4.004539,48.717847],[-4.004763,48.718165],[-4.005133,48.718347],[-4.005732,48.718551],[-4.006041,48.718715],[-4.006113,48.718815],[-4.006393,48.719032],[-4.006783,48.719257],[-4.006829,48.719352],[-4.00726,48.719766],[-4.007577,48.720168],[-4.007746,48.720428],[-4.00785,48.720785],[-4.00786,48.720944],[-4.007781,48.721243],[-4.007684,48.721425],[-4.007478,48.72155],[-4.007166,48.721624],[-4.006962,48.721728],[-4.006662,48.722068],[-4.006559,48.722116],[-4.005505,48.722397],[-4.005002,48.722493],[-4.005,48.72281],[-4.004923,48.722982],[-4.004831,48.72307],[-4.004558,48.723217],[-4.004304,48.72327],[-4.004126,48.723366],[-4.003877,48.723439],[-4.003766,48.723583],[-4.003718,48.723812],[-4.003926,48.723937],[-4.00411,48.724253],[-4.004232,48.724559],[-4.004231,48.724747],[-4.004103,48.725147],[-4.003953,48.725326],[-4.003709,48.72543],[-4.003345,48.725494],[-4.00207,48.725603],[-4.001809,48.725714],[-4.001385,48.725737],[-4.001104,48.725812],[-4.00097,48.725934],[-4.000984,48.726075],[-4.001174,48.726342],[-4.001451,48.726554],[-4.001521,48.726739],[-4.00145,48.72681],[-4.001199,48.72684],[-4.001002,48.726913],[-4.001105,48.727116],[-4.001335,48.727156],[-4.001547,48.727154],[-4.00167,48.727071],[-4.001799,48.727072],[-4.002053,48.727217],[-4.002208,48.727167],[-4.002176,48.727055],[-4.001901,48.726947],[-4.00198,48.726857],[-4.002029,48.726688],[-4.002421,48.726492],[-4.002557,48.726294],[-4.002719,48.726167],[-4.003059,48.726045],[-4.003231,48.72605],[-4.003378,48.726145],[-4.00362,48.725988],[-4.004009,48.725935],[-4.004742,48.72594],[-4.005056,48.72597],[-4.005398,48.726057],[-4.005887,48.72626],[-4.00627,48.726528],[-4.006418,48.726716],[-4.006475,48.72693],[-4.006394,48.727069],[-4.005891,48.727228],[-4.005803,48.727295],[-4.00584,48.727412],[-4.006054,48.72746],[-4.006206,48.727578],[-4.006307,48.727572],[-4.006416,48.727434],[-4.006668,48.72743],[-4.006831,48.727605],[-4.00697,48.727609],[-4.007091,48.72753],[-4.007405,48.72747],[-4.007238,48.727373],[-4.007044,48.72744],[-4.006957,48.727417],[-4.006947,48.726794],[-4.006784,48.726501],[-4.006703,48.726291],[-4.006661,48.725759],[-4.006741,48.725326],[-4.007031,48.724303],[-4.007141,48.724006],[-4.007344,48.723465],[-4.007552,48.723084],[-4.007918,48.722549],[-4.00843,48.721912],[-4.008945,48.721399],[-4.009314,48.721073],[-4.009489,48.720876],[-4.010282,48.720134],[-4.010584,48.719934],[-4.010945,48.719665],[-4.011478,48.719336],[-4.011619,48.71921],[-4.012066,48.718923],[-4.012322,48.719031],[-4.01256,48.719013],[-4.012945,48.718729],[-4.013054,48.718593],[-4.01324,48.718572],[-4.013294,48.718433],[-4.01321,48.718339],[-4.012909,48.718156],[-4.012805,48.717894],[-4.012582,48.717838],[-4.012417,48.717723],[-4.01237,48.717562],[-4.012402,48.717443],[-4.012222,48.717376],[-4.011931,48.71753],[-4.011654,48.717541],[-4.011289,48.717376],[-4.011256,48.717221],[-4.011143,48.717084],[-4.011137,48.716692],[-4.01117,48.716483],[-4.011256,48.716269],[-4.01152,48.715813],[-4.011787,48.715427],[-4.012053,48.715095],[-4.012418,48.714713],[-4.0128,48.714395],[-4.013189,48.714044],[-4.014007,48.713436],[-4.014479,48.713158],[-4.015034,48.71288],[-4.015726,48.712554],[-4.016366,48.712321],[-4.017178,48.712053],[-4.018061,48.711852],[-4.019356,48.711495],[-4.019842,48.711434],[-4.020186,48.711419],[-4.020463,48.711379],[-4.020798,48.711297],[-4.021454,48.711214],[-4.021585,48.711147],[-4.021795,48.711166],[-4.022168,48.711126],[-4.02332,48.710909],[-4.024014,48.710822],[-4.024693,48.710778],[-4.024824,48.710691],[-4.025163,48.710631],[-4.025487,48.710663],[-4.026105,48.710779],[-4.026504,48.71075],[-4.026931,48.710783],[-4.027427,48.710865],[-4.02793,48.711017],[-4.028379,48.711184],[-4.028654,48.711264],[-4.028672,48.711384],[-4.028895,48.711452],[-4.029107,48.71158],[-4.029507,48.711882],[-4.029592,48.711914],[-4.030169,48.711933],[-4.031527,48.712069],[-4.032004,48.712165],[-4.032329,48.712272],[-4.032487,48.712359],[-4.03259,48.712562],[-4.032746,48.712672],[-4.033125,48.712815],[-4.0335,48.713018],[-4.033758,48.713264],[-4.033809,48.713528],[-4.033758,48.713758],[-4.033826,48.713836],[-4.034115,48.71379],[-4.034534,48.713838],[-4.034661,48.713923],[-4.034939,48.713906],[-4.035077,48.713935],[-4.035224,48.714045],[-4.035396,48.714013],[-4.03544,48.713755],[-4.035298,48.71364],[-4.035285,48.713314],[-4.035216,48.713168],[-4.035346,48.712979],[-4.035737,48.712668],[-4.035925,48.712494],[-4.036022,48.712334],[-4.036103,48.712003],[-4.036258,48.711593],[-4.036323,48.711275],[-4.036386,48.711098],[-4.036358,48.710675],[-4.036286,48.71052],[-4.036286,48.709941],[-4.036251,48.709561],[-4.036281,48.709065],[-4.036458,48.708688],[-4.036555,48.708104],[-4.036723,48.707478],[-4.036885,48.707136],[-4.03713,48.706907],[-4.03718,48.706765],[-4.037163,48.706602],[-4.037374,48.706215],[-4.03755,48.706123],[-4.037647,48.706017],[-4.03776,48.705759],[-4.038013,48.705395],[-4.038344,48.705092],[-4.038493,48.704999],[-4.038772,48.704726],[-4.03894,48.704698],[-4.039054,48.704572],[-4.039398,48.704305],[-4.039687,48.704056],[-4.040259,48.703746],[-4.041118,48.70331],[-4.041543,48.703105],[-4.042036,48.702925],[-4.042638,48.702587],[-4.042988,48.702581],[-4.043491,48.702497],[-4.044098,48.702473],[-4.044471,48.70256],[-4.044634,48.702674],[-4.044631,48.702914],[-4.045123,48.703184],[-4.045148,48.70325],[-4.045081,48.703456],[-4.045142,48.703771],[-4.0453,48.7039],[-4.045629,48.704074],[-4.045778,48.704258],[-4.046001,48.704349],[-4.046238,48.704501],[-4.046316,48.704588],[-4.046496,48.704632],[-4.046893,48.704654],[-4.047237,48.704801],[-4.047575,48.70489],[-4.047812,48.705092],[-4.047924,48.705224],[-4.048144,48.705227],[-4.048488,48.705102],[-4.049131,48.705341],[-4.049245,48.705338],[-4.049793,48.705093],[-4.050021,48.705009],[-4.050527,48.704926],[-4.051089,48.704905],[-4.051591,48.704987],[-4.052013,48.705132],[-4.052202,48.705406],[-4.052275,48.705658],[-4.052471,48.705857],[-4.052603,48.706132],[-4.052639,48.706431],[-4.052909,48.70649],[-4.053077,48.70636],[-4.053293,48.706323],[-4.053248,48.706074],[-4.053157,48.706057],[-4.053089,48.705887],[-4.052885,48.705657],[-4.052757,48.705212],[-4.052882,48.70504],[-4.052815,48.704925],[-4.052616,48.704871],[-4.052507,48.704792],[-4.0523,48.704733],[-4.052039,48.704538],[-4.051965,48.704251],[-4.051963,48.704105],[-4.052255,48.703846],[-4.052481,48.703752],[-4.05272,48.70384],[-4.052754,48.703195],[-4.052662,48.702675],[-4.052912,48.702448],[-4.053166,48.702391],[-4.053486,48.702367],[-4.053648,48.702382],[-4.053795,48.702451],[-4.054017,48.702727],[-4.05428,48.702971],[-4.054791,48.702938],[-4.055105,48.702787],[-4.055205,48.702621],[-4.055123,48.702316],[-4.05519,48.702112],[-4.055154,48.702039],[-4.055255,48.701805],[-4.0552,48.701624],[-4.055546,48.701528],[-4.056109,48.701296],[-4.05618,48.701205],[-4.056407,48.701145],[-4.05657,48.701041],[-4.056658,48.700926],[-4.056701,48.700771],[-4.056706,48.700369],[-4.056667,48.70003],[-4.056544,48.699507],[-4.05648,48.699117],[-4.056398,48.698479],[-4.056189,48.697621],[-4.05601,48.696235],[-4.056037,48.695852],[-4.056136,48.695365],[-4.056242,48.694494],[-4.056321,48.694242],[-4.056446,48.693998],[-4.05643,48.693875],[-4.056541,48.693586],[-4.056728,48.6933],[-4.05705,48.692654],[-4.057095,48.692335],[-4.057248,48.691956],[-4.057384,48.691745],[-4.057384,48.691587],[-4.057513,48.691315],[-4.057594,48.691063],[-4.057522,48.690811],[-4.057389,48.690626],[-4.057385,48.690465],[-4.05751,48.689794],[-4.057495,48.68932],[-4.057453,48.689152],[-4.057096,48.688447],[-4.056923,48.688059],[-4.0567,48.687357],[-4.056622,48.687055],[-4.056422,48.686792],[-4.05622,48.68668],[-4.055967,48.68667],[-4.055809,48.686752],[-4.055641,48.686937],[-4.055539,48.686931],[-4.055165,48.686747],[-4.055005,48.686722],[-4.054762,48.686751],[-4.054575,48.68673],[-4.054249,48.686804],[-4.053851,48.686964],[-4.053761,48.687044],[-4.053447,48.687104],[-4.053046,48.687133],[-4.05285,48.687125],[-4.052328,48.6873],[-4.051814,48.687595],[-4.050527,48.687854],[-4.050366,48.687869],[-4.049755,48.687864],[-4.048702,48.6878],[-4.04844,48.687832],[-4.047624,48.68815],[-4.047339,48.688249],[-4.047034,48.688419],[-4.046565,48.688643],[-4.046467,48.688664],[-4.045695,48.688735],[-4.045483,48.688741],[-4.045064,48.688684],[-4.044356,48.688676],[-4.044105,48.688697],[-4.043479,48.688807],[-4.043144,48.688913],[-4.042458,48.688777],[-4.042035,48.688762],[-4.041598,48.688837],[-4.041046,48.688973],[-4.040772,48.688984],[-4.040635,48.688954],[-4.040467,48.688831],[-4.040503,48.688635],[-4.040732,48.688384],[-4.040701,48.688246],[-4.040068,48.688061],[-4.039418,48.687738],[-4.039238,48.687522],[-4.038995,48.687473],[-4.038522,48.687305],[-4.037681,48.68739],[-4.037257,48.687471],[-4.036576,48.687625],[-4.036383,48.68769],[-4.036159,48.687844],[-4.035883,48.687993],[-4.035685,48.688015],[-4.035669,48.687935],[-4.036351,48.687579],[-4.036809,48.687447],[-4.037273,48.687271],[-4.037543,48.687191],[-4.037816,48.687196],[-4.038172,48.687137],[-4.038602,48.687131],[-4.039027,48.68716],[-4.039261,48.687264],[-4.039629,48.687597],[-4.040075,48.68782],[-4.040588,48.68791],[-4.040991,48.687915],[-4.041532,48.687956],[-4.042156,48.687961],[-4.042512,48.688008],[-4.043048,48.688148],[-4.043434,48.688207],[-4.044061,48.688175],[-4.044613,48.688076],[-4.045122,48.687962],[-4.045433,48.687835],[-4.045568,48.687752],[-4.045961,48.687584],[-4.046226,48.687495],[-4.047377,48.687039],[-4.047592,48.686897],[-4.047788,48.686712],[-4.047859,48.686567],[-4.04805,48.686682],[-4.048097,48.686827],[-4.048179,48.686878],[-4.048863,48.686854],[-4.049282,48.686867],[-4.049589,48.686816],[-4.049929,48.68668],[-4.050535,48.686376],[-4.051455,48.685993],[-4.052,48.685817],[-4.052462,48.68569],[-4.05356,48.68549],[-4.054012,48.685434],[-4.054687,48.685413],[-4.055107,48.685461],[-4.055547,48.685642],[-4.055702,48.685566],[-4.055776,48.685636],[-4.055985,48.685695],[-4.056203,48.685923],[-4.056341,48.686006],[-4.056742,48.686083],[-4.057341,48.686038],[-4.057819,48.686084],[-4.058056,48.686149],[-4.058437,48.686307],[-4.058595,48.686397],[-4.058777,48.686577],[-4.058808,48.686669],[-4.05873,48.686786],[-4.05876,48.686915],[-4.059068,48.687049],[-4.059564,48.687105],[-4.059766,48.687168],[-4.059831,48.687272],[-4.060032,48.687394],[-4.060452,48.687453],[-4.060576,48.68755],[-4.060624,48.687662],[-4.060861,48.687736],[-4.061359,48.687797],[-4.062181,48.687853],[-4.062526,48.68727],[-4.063042,48.686962],[-4.063389,48.686772],[-4.063729,48.68662],[-4.064207,48.686448],[-4.064816,48.686346],[-4.065542,48.686331],[-4.065799,48.686375],[-4.066001,48.686445],[-4.066183,48.686649],[-4.066537,48.686768],[-4.066689,48.686873],[-4.066847,48.687134],[-4.067314,48.687337],[-4.067653,48.687592],[-4.06783,48.687813],[-4.067948,48.688331],[-4.06835,48.688673],[-4.068598,48.688859],[-4.068748,48.688767],[-4.068926,48.688395],[-4.069096,48.688234],[-4.069622,48.687981],[-4.069953,48.687865],[-4.069803,48.687557],[-4.069925,48.687269],[-4.069921,48.687126],[-4.069833,48.687066],[-4.069469,48.687017],[-4.069104,48.687139],[-4.068939,48.687151],[-4.068477,48.687114],[-4.067965,48.686985],[-4.067709,48.686882],[-4.067183,48.686513],[-4.066713,48.686271],[-4.066319,48.686026],[-4.066173,48.685879],[-4.066096,48.685705],[-4.066067,48.685492],[-4.065954,48.685011],[-4.06589,48.684455],[-4.0658,48.684062],[-4.065712,48.683807],[-4.065833,48.683626],[-4.065968,48.683294],[-4.06599,48.68315],[-4.065943,48.682913],[-4.065736,48.682655],[-4.065501,48.682493],[-4.065405,48.682558],[-4.065545,48.682794],[-4.065586,48.683149],[-4.06548,48.683253],[-4.065291,48.683314],[-4.06486,48.6833],[-4.064171,48.683126],[-4.063718,48.682889],[-4.063511,48.682695],[-4.06324,48.68239],[-4.063047,48.682119],[-4.063013,48.681771],[-4.063088,48.681566],[-4.063326,48.681126],[-4.063546,48.680859],[-4.063552,48.680701],[-4.063411,48.680576],[-4.063011,48.680529],[-4.062228,48.680278],[-4.061773,48.680188],[-4.061383,48.68004],[-4.060968,48.679718],[-4.060651,48.679438],[-4.060477,48.679118],[-4.060354,48.678668],[-4.060073,48.678343],[-4.060011,48.678236],[-4.05995,48.677897],[-4.059693,48.677562],[-4.059496,48.677373],[-4.059173,48.67689],[-4.058934,48.676698],[-4.05877,48.676603],[-4.05843,48.676461],[-4.058264,48.676318],[-4.057968,48.676122],[-4.057449,48.67593],[-4.057193,48.675749],[-4.057089,48.675536],[-4.057168,48.675102],[-4.057105,48.674739],[-4.056865,48.674203],[-4.0566,48.67376],[-4.056537,48.673602],[-4.056509,48.673385],[-4.0563,48.673135],[-4.056227,48.672926],[-4.056178,48.672444],[-4.056005,48.672151],[-4.055911,48.671944],[-4.05591,48.671754],[-4.055975,48.67156],[-4.055917,48.671297],[-4.056294,48.670879],[-4.05653,48.670753],[-4.056639,48.670631],[-4.056584,48.670504],[-4.05678,48.670399],[-4.056708,48.67026],[-4.056582,48.670156],[-4.056702,48.670039],[-4.056749,48.669898],[-4.056726,48.669755],[-4.05661,48.669589],[-4.056492,48.669512],[-4.055946,48.669389],[-4.055797,48.669331],[-4.056129,48.669276],[-4.056318,48.669276],[-4.056601,48.669343],[-4.056738,48.669332],[-4.057101,48.669389],[-4.057299,48.669374],[-4.057446,48.669438],[-4.057535,48.669567],[-4.057563,48.669762],[-4.057497,48.670228],[-4.057338,48.670657],[-4.057336,48.670791],[-4.05741,48.671222],[-4.057405,48.671404],[-4.057451,48.671711],[-4.057566,48.672037],[-4.057627,48.672109],[-4.057567,48.672208],[-4.057659,48.672282],[-4.057287,48.672327],[-4.057223,48.672464],[-4.057224,48.67271],[-4.057305,48.673019],[-4.057446,48.67331],[-4.057459,48.673627],[-4.057557,48.673955],[-4.057828,48.674409],[-4.057856,48.674528],[-4.057831,48.674827],[-4.057882,48.675018],[-4.0579,48.675363],[-4.058087,48.675272],[-4.05841,48.675336],[-4.05865,48.675493],[-4.058798,48.675541],[-4.059288,48.675625],[-4.059739,48.67576],[-4.059866,48.675898],[-4.059795,48.676095],[-4.059906,48.676202],[-4.060243,48.676251],[-4.060517,48.676325],[-4.060859,48.67646],[-4.061337,48.676776],[-4.061537,48.676946],[-4.06188,48.677325],[-4.062053,48.677568],[-4.062255,48.677796],[-4.062507,48.678018],[-4.062741,48.678128],[-4.063595,48.678327],[-4.063752,48.678402],[-4.063885,48.678389],[-4.06396,48.678268],[-4.063971,48.677961],[-4.064085,48.67777],[-4.064493,48.677838],[-4.065018,48.677862],[-4.065309,48.677947],[-4.065699,48.678138],[-4.06597,48.678204],[-4.066372,48.678446],[-4.066953,48.678835],[-4.067555,48.679189],[-4.068238,48.679512],[-4.068696,48.679593],[-4.068855,48.679778],[-4.069097,48.680376],[-4.069197,48.680694],[-4.06945,48.681002],[-4.069471,48.681116],[-4.069393,48.68117],[-4.069013,48.681268],[-4.068948,48.681505],[-4.068717,48.681509],[-4.068593,48.681569],[-4.068104,48.681677],[-4.067882,48.681652],[-4.067498,48.681702],[-4.067256,48.681815],[-4.067289,48.681936],[-4.067251,48.682143],[-4.067529,48.68235],[-4.067697,48.682618],[-4.067985,48.682867],[-4.068352,48.68322],[-4.068595,48.683284],[-4.068809,48.683414],[-4.069046,48.683479],[-4.069198,48.683578],[-4.069453,48.683603],[-4.069872,48.683495],[-4.070189,48.683372],[-4.070231,48.683221],[-4.070397,48.683173],[-4.070828,48.683193],[-4.07129,48.683362],[-4.071692,48.683693],[-4.071852,48.68405],[-4.072011,48.684286],[-4.072003,48.684418],[-4.07188,48.684559],[-4.071636,48.684666],[-4.071349,48.684828],[-4.07106,48.684828],[-4.070696,48.6849],[-4.070544,48.684984],[-4.070564,48.685102],[-4.070692,48.685339],[-4.070995,48.685607],[-4.071386,48.685881],[-4.07153,48.686029],[-4.071955,48.686296],[-4.072358,48.686442],[-4.07272,48.686705],[-4.07281,48.6868],[-4.073138,48.686792],[-4.073288,48.686701],[-4.073501,48.686682],[-4.073775,48.68657],[-4.073817,48.686427],[-4.074021,48.686293],[-4.074283,48.686255],[-4.074528,48.686254],[-4.074978,48.686375],[-4.075173,48.686484],[-4.075329,48.686638],[-4.075702,48.686934],[-4.075833,48.687152],[-4.075984,48.687486],[-4.076233,48.687578],[-4.076404,48.687754],[-4.07652,48.688008],[-4.077924,48.688404],[-4.078186,48.688342],[-4.078391,48.687612],[-4.078292,48.687126],[-4.078295,48.686953],[-4.078683,48.68713],[-4.079047,48.687336],[-4.079221,48.687534],[-4.079175,48.687789],[-4.078951,48.687868],[-4.078744,48.688018],[-4.078639,48.688162],[-4.078666,48.688317],[-4.078562,48.688488],[-4.078235,48.68879],[-4.077946,48.688832],[-4.077822,48.688753],[-4.077594,48.688689],[-4.077031,48.688678],[-4.076876,48.68882],[-4.077287,48.689118],[-4.077096,48.689317],[-4.077039,48.68954],[-4.077103,48.68992],[-4.077171,48.69015],[-4.077447,48.690253],[-4.077575,48.690163],[-4.07766,48.689956],[-4.077785,48.689905],[-4.078356,48.689915],[-4.07892,48.690023],[-4.079318,48.690202],[-4.07966,48.690213],[-4.080064,48.690298],[-4.080533,48.690426],[-4.080755,48.690509],[-4.080898,48.690688],[-4.080987,48.690881],[-4.080976,48.691058],[-4.081021,48.691219],[-4.080989,48.691315],[-4.080716,48.691704],[-4.0807,48.691824],[-4.080785,48.691979],[-4.080829,48.692172],[-4.08082,48.692337],[-4.081064,48.69274],[-4.081046,48.692952],[-4.081853,48.693267],[-4.082095,48.693263],[-4.082412,48.693314],[-4.082675,48.693531],[-4.082924,48.69368],[-4.083176,48.6937],[-4.083574,48.693606],[-4.083746,48.693618],[-4.083933,48.693706],[-4.084058,48.693681],[-4.084142,48.693576],[-4.083938,48.693379],[-4.083778,48.69297],[-4.083761,48.69262],[-4.083868,48.692335],[-4.083733,48.691981],[-4.083696,48.691803],[-4.083779,48.691537],[-4.084008,48.691294],[-4.084442,48.691031],[-4.084817,48.690877],[-4.085301,48.690732],[-4.085723,48.690626],[-4.086147,48.690552],[-4.086377,48.690569],[-4.08665,48.690662],[-4.086906,48.690787],[-4.087161,48.69097],[-4.087494,48.69105],[-4.087876,48.691366],[-4.088073,48.691621],[-4.088325,48.691749],[-4.088469,48.691996],[-4.088811,48.692171],[-4.089317,48.692317],[-4.089522,48.692403],[-4.089793,48.692413],[-4.090189,48.692282],[-4.090556,48.692213],[-4.090779,48.692197],[-4.091128,48.692016],[-4.091967,48.691935],[-4.092103,48.691884],[-4.091997,48.691556],[-4.092042,48.691386],[-4.092166,48.691224],[-4.092347,48.69109],[-4.092739,48.690914],[-4.093022,48.690846],[-4.09328,48.690977],[-4.093545,48.690875],[-4.093653,48.69088],[-4.093721,48.690763],[-4.093667,48.690534],[-4.093585,48.690407],[-4.093207,48.69032],[-4.093079,48.690227],[-4.092995,48.689889],[-4.093004,48.689514],[-4.093051,48.689299],[-4.093256,48.688948],[-4.093525,48.688792],[-4.093744,48.688284],[-4.09397,48.688071],[-4.094257,48.687763],[-4.094442,48.687621],[-4.094622,48.68726],[-4.094592,48.686936],[-4.094728,48.686647],[-4.094939,48.686512],[-4.09498,48.686341],[-4.09477,48.686308],[-4.094724,48.686202],[-4.094985,48.686124],[-4.095047,48.686012],[-4.095287,48.686013],[-4.095711,48.685973],[-4.095807,48.68583],[-4.095833,48.685993],[-4.09585,48.68652],[-4.095691,48.686646],[-4.095606,48.686831],[-4.095601,48.686945],[-4.095456,48.687273],[-4.095287,48.687484],[-4.095207,48.68781],[-4.094952,48.688122],[-4.094819,48.688444],[-4.094764,48.688711],[-4.094847,48.688861],[-4.095057,48.689128],[-4.095199,48.689263],[-4.095511,48.689404],[-4.095563,48.689724],[-4.095728,48.690013],[-4.095845,48.690134],[-4.09591,48.690369],[-4.09582,48.69054],[-4.095688,48.690698],[-4.095581,48.690748],[-4.095416,48.69068],[-4.094972,48.69061],[-4.094967,48.690738],[-4.095039,48.690821],[-4.095056,48.691288],[-4.094996,48.691419],[-4.09501,48.69156],[-4.094847,48.691992],[-4.094932,48.69217],[-4.094886,48.692327],[-4.094957,48.692567],[-4.095224,48.692773],[-4.095354,48.692987],[-4.095346,48.693159],[-4.095393,48.693312],[-4.095566,48.693501],[-4.095846,48.693666],[-4.095952,48.693691],[-4.096129,48.693639],[-4.09641,48.693648],[-4.096684,48.693703],[-4.096991,48.693723],[-4.097083,48.693795],[-4.097093,48.693936],[-4.097264,48.693979],[-4.097462,48.693923],[-4.097829,48.694087],[-4.098259,48.694144],[-4.098624,48.694289],[-4.098758,48.694464],[-4.098809,48.694671],[-4.098775,48.694843],[-4.098819,48.695115],[-4.098765,48.695344],[-4.09886,48.695488],[-4.099151,48.695639],[-4.099657,48.695817],[-4.099819,48.695842],[-4.099901,48.695715],[-4.099884,48.695447],[-4.099968,48.695273],[-4.099974,48.695098],[-4.099819,48.694802],[-4.099724,48.694467],[-4.09962,48.694231],[-4.099339,48.693925],[-4.099239,48.693502],[-4.099124,48.693337],[-4.099132,48.693262],[-4.099268,48.693132],[-4.099608,48.692966],[-4.100001,48.692841],[-4.100314,48.692777],[-4.100594,48.69279],[-4.100788,48.692895],[-4.100838,48.69307],[-4.101025,48.693253],[-4.10123,48.693541],[-4.101439,48.693673],[-4.101814,48.693848],[-4.102018,48.693983],[-4.102544,48.694158],[-4.102716,48.694177],[-4.102844,48.694443],[-4.10299,48.694334],[-4.103363,48.694291],[-4.103614,48.694312],[-4.103992,48.694462],[-4.104246,48.694488],[-4.104301,48.694449],[-4.104532,48.693973],[-4.104669,48.693804],[-4.105124,48.693429],[-4.105622,48.693237],[-4.105886,48.693226],[-4.106181,48.693268],[-4.106765,48.693429],[-4.106901,48.693587],[-4.107001,48.693806],[-4.106981,48.693914],[-4.106995,48.694407],[-4.106668,48.694549],[-4.106541,48.69473],[-4.106619,48.695048],[-4.106748,48.694955],[-4.106824,48.694653],[-4.10702,48.694649],[-4.107162,48.694738],[-4.107372,48.694807],[-4.10763,48.69483],[-4.107732,48.694897],[-4.107881,48.695079],[-4.107876,48.695283],[-4.107962,48.695293],[-4.108055,48.695039],[-4.10827,48.69505],[-4.108791,48.694902],[-4.109175,48.694846],[-4.109304,48.694859],[-4.109447,48.694962],[-4.10979,48.694923],[-4.109934,48.694933],[-4.110333,48.695082],[-4.110386,48.69523],[-4.110667,48.695296],[-4.11096,48.695323],[-4.111225,48.695275],[-4.11158,48.695337],[-4.111856,48.695351],[-4.112211,48.695191],[-4.112706,48.695098],[-4.113158,48.694961],[-4.113525,48.694953],[-4.113873,48.694977],[-4.114276,48.69513],[-4.114534,48.695258],[-4.114721,48.695259],[-4.115181,48.69538],[-4.115254,48.695464],[-4.115487,48.695456],[-4.115575,48.695312],[-4.115688,48.695232],[-4.115912,48.695162],[-4.115702,48.694872],[-4.11569,48.694664],[-4.115727,48.694357],[-4.115779,48.694213],[-4.116085,48.693962],[-4.116286,48.693865],[-4.116474,48.693724],[-4.116632,48.69366],[-4.117108,48.693529],[-4.117569,48.693425],[-4.118526,48.693334],[-4.11985,48.693272],[-4.120496,48.693266],[-4.121297,48.693306],[-4.121745,48.693351],[-4.122261,48.69343],[-4.122162,48.693605],[-4.122676,48.693754],[-4.122931,48.693643],[-4.123373,48.693617],[-4.123936,48.693729],[-4.123974,48.693891],[-4.123938,48.694043],[-4.123986,48.694213],[-4.124141,48.694216],[-4.124381,48.694109],[-4.124703,48.69408],[-4.125162,48.694066],[-4.125527,48.693981],[-4.125695,48.693898],[-4.126152,48.693783],[-4.126631,48.693745],[-4.127241,48.693778],[-4.127301,48.693928],[-4.127606,48.694104],[-4.127881,48.69415],[-4.128099,48.694256],[-4.128277,48.694521],[-4.128627,48.694622],[-4.128962,48.694803],[-4.129209,48.695052],[-4.129358,48.695252],[-4.129542,48.695413],[-4.129697,48.695594],[-4.12972,48.695715],[-4.129657,48.69594],[-4.129481,48.696068],[-4.129149,48.696159],[-4.128839,48.696153],[-4.128746,48.696254],[-4.128831,48.696385],[-4.129062,48.696589],[-4.129195,48.69666],[-4.129308,48.69681],[-4.129589,48.696963],[-4.129863,48.69698],[-4.129921,48.696923],[-4.129947,48.696719],[-4.130017,48.696599],[-4.130181,48.696462],[-4.13029,48.69643],[-4.130634,48.696462],[-4.130716,48.696625],[-4.13093,48.696669],[-4.131007,48.696593],[-4.131058,48.696311],[-4.1313,48.696162],[-4.131851,48.696045],[-4.132046,48.69595],[-4.132412,48.695615],[-4.132712,48.695377],[-4.133198,48.694929],[-4.133723,48.694629],[-4.134049,48.694522],[-4.134427,48.694307],[-4.134675,48.694216],[-4.135343,48.693679],[-4.135575,48.693567],[-4.136046,48.693391],[-4.137251,48.692999],[-4.137621,48.692895],[-4.138105,48.692793],[-4.138657,48.692694],[-4.139332,48.69259],[-4.140525,48.692458],[-4.141229,48.69242],[-4.142309,48.692339],[-4.14282,48.692324],[-4.143941,48.692319],[-4.145078,48.692364],[-4.145742,48.692401],[-4.147027,48.692509],[-4.148139,48.692509],[-4.14899,48.69249],[-4.149568,48.692529],[-4.150299,48.692389],[-4.150715,48.692322],[-4.150934,48.69225],[-4.151234,48.692089],[-4.151206,48.691996],[-4.151349,48.691945],[-4.151589,48.691971],[-4.15176,48.691927],[-4.151818,48.691845],[-4.152079,48.691717],[-4.152775,48.691493],[-4.153226,48.691446],[-4.153384,48.691536],[-4.15348,48.69149],[-4.15375,48.691753],[-4.154003,48.691872],[-4.154026,48.691945],[-4.154239,48.692177],[-4.154462,48.692204],[-4.154557,48.692123],[-4.154545,48.691914],[-4.154233,48.691878],[-4.154211,48.691816],[-4.154728,48.691406],[-4.154878,48.691427],[-4.155145,48.69164],[-4.155487,48.691398],[-4.155485,48.69125],[-4.155898,48.691046],[-4.155799,48.690992],[-4.155782,48.690778],[-4.15584,48.690584],[-4.156054,48.690383],[-4.156979,48.690079],[-4.157144,48.690059],[-4.157469,48.689823],[-4.157656,48.689784],[-4.158433,48.68971],[-4.158573,48.689677],[-4.159232,48.689668],[-4.159767,48.689745],[-4.160038,48.689802],[-4.160932,48.69019],[-4.1611,48.690373],[-4.160999,48.690561],[-4.16101,48.690903],[-4.161252,48.691182],[-4.16141,48.691291],[-4.16163,48.691335],[-4.161793,48.691221],[-4.161875,48.691096],[-4.162016,48.691047],[-4.162042,48.690888],[-4.161964,48.690776],[-4.16209,48.690696],[-4.162123,48.690565],[-4.16185,48.690393],[-4.161848,48.690287],[-4.161705,48.690222],[-4.161642,48.690097],[-4.161743,48.690019],[-4.161751,48.689789],[-4.161959,48.689735],[-4.162565,48.689532],[-4.162981,48.689457],[-4.163364,48.689349],[-4.163538,48.689276],[-4.16391,48.689191],[-4.164326,48.689025],[-4.164555,48.688871],[-4.16472,48.688709],[-4.165162,48.688418],[-4.16569,48.68824],[-4.166222,48.688138],[-4.166728,48.68812],[-4.166988,48.68815],[-4.16739,48.68828],[-4.167635,48.688395],[-4.167836,48.688587],[-4.168137,48.68869],[-4.168193,48.688762],[-4.168208,48.689036],[-4.168447,48.689158],[-4.169173,48.68913],[-4.169393,48.689232],[-4.169597,48.689179],[-4.169652,48.689035],[-4.169619,48.688665],[-4.169543,48.688424],[-4.169369,48.688137],[-4.16917,48.687902],[-4.169044,48.687638],[-4.16908,48.687406],[-4.169197,48.68728],[-4.169447,48.686921],[-4.169756,48.686894],[-4.170478,48.686451],[-4.170814,48.686224],[-4.171265,48.686024],[-4.171999,48.685846],[-4.172749,48.685718],[-4.172959,48.685668],[-4.173594,48.685764],[-4.173716,48.685806],[-4.173926,48.685971],[-4.173902,48.686157],[-4.173814,48.68632],[-4.173887,48.686414],[-4.173775,48.68654],[-4.173819,48.686684],[-4.174225,48.686757],[-4.174387,48.686841],[-4.174535,48.686856],[-4.174702,48.686933],[-4.174777,48.687053],[-4.175077,48.687108],[-4.175684,48.687088],[-4.17606,48.68701],[-4.176271,48.687001],[-4.176446,48.686908],[-4.176515,48.686768],[-4.176895,48.686436],[-4.17724,48.686274],[-4.177372,48.686165],[-4.177342,48.686012],[-4.177151,48.685884],[-4.177068,48.685662],[-4.177185,48.685423],[-4.177428,48.685223],[-4.177815,48.685114],[-4.178273,48.685052],[-4.178593,48.685048],[-4.178658,48.685158],[-4.178867,48.685259],[-4.179011,48.685161],[-4.179341,48.685042],[-4.17985,48.684712],[-4.17998,48.684569],[-4.180345,48.684316],[-4.180416,48.684177],[-4.180589,48.684086],[-4.180816,48.684084],[-4.181306,48.684142],[-4.181851,48.684308],[-4.182259,48.684477],[-4.182651,48.684695],[-4.182914,48.684952],[-4.18297,48.685046],[-4.182981,48.685223],[-4.182863,48.685415],[-4.182547,48.685357],[-4.182349,48.685505],[-4.182257,48.685752],[-4.182321,48.685918],[-4.182277,48.686016],[-4.182388,48.686228],[-4.182628,48.686505],[-4.183024,48.686602],[-4.18315,48.686853],[-4.183157,48.687085],[-4.183253,48.687223],[-4.183511,48.687358],[-4.183809,48.687402],[-4.183999,48.68737],[-4.184473,48.687151],[-4.184715,48.686957],[-4.184752,48.686882],[-4.18483,48.686392],[-4.185208,48.686315],[-4.185553,48.686306],[-4.186033,48.686431],[-4.186282,48.686535],[-4.186452,48.686801],[-4.186592,48.686831],[-4.186849,48.686711],[-4.186915,48.686592],[-4.186903,48.686255],[-4.18706,48.686103],[-4.187279,48.686079],[-4.187601,48.686153],[-4.187939,48.686357],[-4.188121,48.686299],[-4.188221,48.686148],[-4.18823,48.686015],[-4.188105,48.685732],[-4.188091,48.685433],[-4.188248,48.685282],[-4.188453,48.68525],[-4.188642,48.685124],[-4.188667,48.684799],[-4.188624,48.68467],[-4.188663,48.684447],[-4.188974,48.68402],[-4.189128,48.683942],[-4.189288,48.683945],[-4.189533,48.684051],[-4.189754,48.683999],[-4.189897,48.683861],[-4.189937,48.683672],[-4.189896,48.683509],[-4.190041,48.682766],[-4.189852,48.682557],[-4.189946,48.682414],[-4.190105,48.682349],[-4.190322,48.68238],[-4.190516,48.682588],[-4.190932,48.682679],[-4.191093,48.68277],[-4.191126,48.682956],[-4.191237,48.683203],[-4.191431,48.683323],[-4.191828,48.683331],[-4.19212,48.683295],[-4.19266,48.683181],[-4.192921,48.683056],[-4.193026,48.682911],[-4.193046,48.682726],[-4.193501,48.682518],[-4.193711,48.682394],[-4.194007,48.682117],[-4.194022,48.681972],[-4.193746,48.681798],[-4.193402,48.681702],[-4.193246,48.681376],[-4.193298,48.680982],[-4.193368,48.680779],[-4.193556,48.680569],[-4.193655,48.680509],[-4.194078,48.680371],[-4.194287,48.680243],[-4.194446,48.680064],[-4.194453,48.679935],[-4.194365,48.679872],[-4.194425,48.679692],[-4.194522,48.679628],[-4.195143,48.679353],[-4.19533,48.679221],[-4.195441,48.67906],[-4.195484,48.678896],[-4.195582,48.67873],[-4.195737,48.678588],[-4.196119,48.67845],[-4.196299,48.678428],[-4.196558,48.678506],[-4.196584,48.678633],[-4.19681,48.678654],[-4.196887,48.67848],[-4.196867,48.678363],[-4.196723,48.678215],[-4.196818,48.677976],[-4.196709,48.677645],[-4.196842,48.677526],[-4.196941,48.677326],[-4.19693,48.677254],[-4.197542,48.677167],[-4.197996,48.677343],[-4.198605,48.677319],[-4.19903,48.677198],[-4.199159,48.677115],[-4.199071,48.677055],[-4.199004,48.676789],[-4.198824,48.67662],[-4.198787,48.676469],[-4.199056,48.676251],[-4.199468,48.676104],[-4.199784,48.676087],[-4.200046,48.676128],[-4.200198,48.676241],[-4.200151,48.676352],[-4.200251,48.676439],[-4.200471,48.676442],[-4.200632,48.676381],[-4.200981,48.676518],[-4.201262,48.676509],[-4.201383,48.676543],[-4.201476,48.676448],[-4.201326,48.676391],[-4.201444,48.67614],[-4.201563,48.676099],[-4.201598,48.675986],[-4.20133,48.675972],[-4.201224,48.675871],[-4.201568,48.675674],[-4.201739,48.675695],[-4.201764,48.675535],[-4.20188,48.675397],[-4.202119,48.675298],[-4.202489,48.675196],[-4.203044,48.674934],[-4.203181,48.674782],[-4.203395,48.674661],[-4.203405,48.674548],[-4.203539,48.674325],[-4.203763,48.674175],[-4.203832,48.674066],[-4.203982,48.673995],[-4.204414,48.673924],[-4.204222,48.673807],[-4.204073,48.673638],[-4.204138,48.673528],[-4.204305,48.673431],[-4.20452,48.673385],[-4.204854,48.67336],[-4.205047,48.67329],[-4.205266,48.673287],[-4.20537,48.673233],[-4.205393,48.673054],[-4.205525,48.672845],[-4.205611,48.672776],[-4.205951,48.672697],[-4.206131,48.672712],[-4.206188,48.672843],[-4.206552,48.673003],[-4.206717,48.673035],[-4.206827,48.672997],[-4.206567,48.672733],[-4.206348,48.672697],[-4.206182,48.672448],[-4.206155,48.672239],[-4.206293,48.672122],[-4.206301,48.671972],[-4.206233,48.671891],[-4.205671,48.671671],[-4.205441,48.671496],[-4.20527,48.67144],[-4.20523,48.671264],[-4.205328,48.671244],[-4.205569,48.671329],[-4.206153,48.671427],[-4.206395,48.671431],[-4.206693,48.671351],[-4.207057,48.671087],[-4.207347,48.671011],[-4.207623,48.671049],[-4.207894,48.671215],[-4.208137,48.671287],[-4.20837,48.671268],[-4.208639,48.671172],[-4.208825,48.671156],[-4.209052,48.671021],[-4.209359,48.670951],[-4.209483,48.670824],[-4.20949,48.670735],[-4.209375,48.670608],[-4.209366,48.67047],[-4.209487,48.670337],[-4.209671,48.670247],[-4.209911,48.67023],[-4.210226,48.670372],[-4.210401,48.670301],[-4.210183,48.670203],[-4.210278,48.670071],[-4.209798,48.669968],[-4.20971,48.669829],[-4.20972,48.669656],[-4.209813,48.669443],[-4.209971,48.669434],[-4.210201,48.669341],[-4.210367,48.669202],[-4.210639,48.669164],[-4.211096,48.669226],[-4.211281,48.669311],[-4.21172,48.669397],[-4.212039,48.66937],[-4.212272,48.669199],[-4.212274,48.669045],[-4.212757,48.668967],[-4.213098,48.668818],[-4.213449,48.668769],[-4.2136,48.668812],[-4.213768,48.668781],[-4.213724,48.668654],[-4.213522,48.668645],[-4.213514,48.668378],[-4.213584,48.668237],[-4.213573,48.668094],[-4.213627,48.66798],[-4.213611,48.667796],[-4.213738,48.66754],[-4.213745,48.667269],[-4.213637,48.667038],[-4.213184,48.666672],[-4.213144,48.666591],[-4.213499,48.66628],[-4.213889,48.665837],[-4.214269,48.665849],[-4.214279,48.665668],[-4.213895,48.665657],[-4.213958,48.664914],[-4.214102,48.66469],[-4.214247,48.664638],[-4.21415,48.66452],[-4.214122,48.664344],[-4.214565,48.663722],[-4.214765,48.663551],[-4.215001,48.663417],[-4.215331,48.663166],[-4.215677,48.663045],[-4.21568,48.662882],[-4.215496,48.662806],[-4.215439,48.662719],[-4.215521,48.662385],[-4.215822,48.662091],[-4.216133,48.661829],[-4.216525,48.661541],[-4.217403,48.661008],[-4.218173,48.660616],[-4.218542,48.660414],[-4.219116,48.660151],[-4.219792,48.659871],[-4.220686,48.659427],[-4.220919,48.659328],[-4.221546,48.659123],[-4.221832,48.659006],[-4.222159,48.658932],[-4.222265,48.658837],[-4.222289,48.658723],[-4.22208,48.658456],[-4.22204,48.658099],[-4.2221,48.658023],[-4.222061,48.657915],[-4.221646,48.65754],[-4.221579,48.657385],[-4.221319,48.657098],[-4.221308,48.656899],[-4.221252,48.65678],[-4.22098,48.656698],[-4.220642,48.656545],[-4.220516,48.656417],[-4.220364,48.65637],[-4.220101,48.656375],[-4.219876,48.65647],[-4.219645,48.656517],[-4.219135,48.656416],[-4.218648,48.656377],[-4.218326,48.656374],[-4.217864,48.656466],[-4.217651,48.656449],[-4.217562,48.656525],[-4.217588,48.656757],[-4.217534,48.656837],[-4.217142,48.656974],[-4.216599,48.656971],[-4.216223,48.65701],[-4.215785,48.656916],[-4.215558,48.656827],[-4.215437,48.656705],[-4.215211,48.656565],[-4.214758,48.656395],[-4.214227,48.656326],[-4.214032,48.656404],[-4.214015,48.656756],[-4.213915,48.656999],[-4.213435,48.657407],[-4.212913,48.657671],[-4.212658,48.65787],[-4.212554,48.657889],[-4.212168,48.657755],[-4.210476,48.657272],[-4.209845,48.657163],[-4.209358,48.657039],[-4.209192,48.657041],[-4.208767,48.65712],[-4.20845,48.657038],[-4.20776,48.656905],[-4.207285,48.656834],[-4.206681,48.65691],[-4.206465,48.656898],[-4.206211,48.656839],[-4.205703,48.656673],[-4.205489,48.656651],[-4.204941,48.656703],[-4.204414,48.656715],[-4.203477,48.656691],[-4.203287,48.656698],[-4.202639,48.656788],[-4.202306,48.656953],[-4.201526,48.656957],[-4.200998,48.656946],[-4.20065,48.656992],[-4.200191,48.657024],[-4.199773,48.657021],[-4.199496,48.656992],[-4.199281,48.657092],[-4.199195,48.657387],[-4.19899,48.657454],[-4.198609,48.657448],[-4.198561,48.657507],[-4.198343,48.657499],[-4.198057,48.657647],[-4.197822,48.657635],[-4.19784,48.657527],[-4.19802,48.657447],[-4.198198,48.657249],[-4.198304,48.656891],[-4.198341,48.656412],[-4.198373,48.656344],[-4.198607,48.656176],[-4.198676,48.656049],[-4.198454,48.65576],[-4.1982,48.655511],[-4.197981,48.655073],[-4.197746,48.654897],[-4.197664,48.654786],[-4.197659,48.654654],[-4.197463,48.654627],[-4.197367,48.654491],[-4.197238,48.654419],[-4.197209,48.654249],[-4.197087,48.654167],[-4.19679,48.654078],[-4.19648,48.654121],[-4.195872,48.654085],[-4.195466,48.654015],[-4.195062,48.6539],[-4.195019,48.653381],[-4.194995,48.652824],[-4.194841,48.652507],[-4.194699,48.652374],[-4.194373,48.652195],[-4.194369,48.652005],[-4.194413,48.651934],[-4.194622,48.651859],[-4.195418,48.651957],[-4.196382,48.65213],[-4.197114,48.652303],[-4.197825,48.6524],[-4.198275,48.652518],[-4.198534,48.652566],[-4.198874,48.652565],[-4.199585,48.652397],[-4.200084,48.652235],[-4.200583,48.652114],[-4.201481,48.651856],[-4.201624,48.651784],[-4.202404,48.651607],[-4.202596,48.651538],[-4.20318,48.651402],[-4.203577,48.651274],[-4.20384,48.651214],[-4.204784,48.650947],[-4.20497,48.650917],[-4.205506,48.650753],[-4.205872,48.650708],[-4.206566,48.65057],[-4.208776,48.650167],[-4.209753,48.650046],[-4.210217,48.649917],[-4.210505,48.649866],[-4.211433,48.649735],[-4.211764,48.649706],[-4.212098,48.649594],[-4.212729,48.649515],[-4.213213,48.64944],[-4.213788,48.649456],[-4.214513,48.649506],[-4.214869,48.649562],[-4.215315,48.64957],[-4.216068,48.649451],[-4.216573,48.64936],[-4.217407,48.649137],[-4.21758,48.648934],[-4.217925,48.64885],[-4.218437,48.648802],[-4.219017,48.648784],[-4.219706,48.648723],[-4.22064,48.648588],[-4.220753,48.648614],[-4.221244,48.648602],[-4.22136,48.648724],[-4.221511,48.648783],[-4.222326,48.648947],[-4.222515,48.648936],[-4.222631,48.64855],[-4.222876,48.648389],[-4.222972,48.648392],[-4.223169,48.648564],[-4.223202,48.648675],[-4.223394,48.648934],[-4.223732,48.649096],[-4.224279,48.649228],[-4.224501,48.649491],[-4.224761,48.649587],[-4.224954,48.649576],[-4.225408,48.649618],[-4.225628,48.649584],[-4.226151,48.649667],[-4.226473,48.649668],[-4.226738,48.64964],[-4.226949,48.649568],[-4.227133,48.649416],[-4.227276,48.64939],[-4.227663,48.649432],[-4.228229,48.64955],[-4.228533,48.649549],[-4.228871,48.64946],[-4.228972,48.649374],[-4.229025,48.649206],[-4.229123,48.649198],[-4.229015,48.649505],[-4.229135,48.6496],[-4.229568,48.64959],[-4.230054,48.649461],[-4.230609,48.649461],[-4.230738,48.649486],[-4.230756,48.649597],[-4.231051,48.649687],[-4.231577,48.649607],[-4.232044,48.649654],[-4.232315,48.649557],[-4.2323,48.649493],[-4.231982,48.649414],[-4.232144,48.649342],[-4.232468,48.649388],[-4.23272,48.649372],[-4.232757,48.649239],[-4.232624,48.64917],[-4.232552,48.648966],[-4.23272,48.648896],[-4.232888,48.648919],[-4.23303,48.649058],[-4.233303,48.649237],[-4.233394,48.649365],[-4.23365,48.64989],[-4.233805,48.649934],[-4.2341,48.649841],[-4.234463,48.65013],[-4.234423,48.650228],[-4.234094,48.650362],[-4.234085,48.650736],[-4.23383,48.650875],[-4.233115,48.651301],[-4.232588,48.651432],[-4.232453,48.651485],[-4.231781,48.651679],[-4.231097,48.651775],[-4.230963,48.651837],[-4.230612,48.652102],[-4.229983,48.652501],[-4.229405,48.652817],[-4.228699,48.653062],[-4.228128,48.653242],[-4.227708,48.653435],[-4.227067,48.653632],[-4.226482,48.653721],[-4.225496,48.653855],[-4.225065,48.653933],[-4.22477,48.654108],[-4.224604,48.654333],[-4.224218,48.654757],[-4.224008,48.654915],[-4.223845,48.654946],[-4.223205,48.654929],[-4.223002,48.654972],[-4.222662,48.655115],[-4.221973,48.655346],[-4.221752,48.6554],[-4.221675,48.655532],[-4.221696,48.655635],[-4.221892,48.655801],[-4.222105,48.655839],[-4.222396,48.655847],[-4.222737,48.655814],[-4.22366,48.655462],[-4.224089,48.655318],[-4.224544,48.655236],[-4.225719,48.655082],[-4.226164,48.654984],[-4.226783,48.654817],[-4.227331,48.654622],[-4.228317,48.654168],[-4.228893,48.653928],[-4.230344,48.653223],[-4.231345,48.652782],[-4.232537,48.652271],[-4.23434,48.651592],[-4.235382,48.651302],[-4.235694,48.6513],[-4.236103,48.651093],[-4.236679,48.650911],[-4.237434,48.650741],[-4.238364,48.65052],[-4.239397,48.650324],[-4.240109,48.650213],[-4.241392,48.650078],[-4.242618,48.650025],[-4.243022,48.649947],[-4.243574,48.649813],[-4.244003,48.649741],[-4.24493,48.649612],[-4.245404,48.649561],[-4.246096,48.64953],[-4.247156,48.649501],[-4.248899,48.64949],[-4.249822,48.649497],[-4.251289,48.649567],[-4.252377,48.649632],[-4.254984,48.649759],[-4.256651,48.649869],[-4.257114,48.649885],[-4.258018,48.649952],[-4.258526,48.650019],[-4.259184,48.650055],[-4.259757,48.650114],[-4.260312,48.650125],[-4.260577,48.65024],[-4.260776,48.65026],[-4.261122,48.650392],[-4.261187,48.650466],[-4.261682,48.65077],[-4.261892,48.650878],[-4.262036,48.651069],[-4.262197,48.651161],[-4.262432,48.651108],[-4.262553,48.650772],[-4.262317,48.65041],[-4.262438,48.650146],[-4.262609,48.650039],[-4.262887,48.649968],[-4.26318,48.649928],[-4.263838,48.649902],[-4.264469,48.649851],[-4.264802,48.649876],[-4.265127,48.649939],[-4.265634,48.649801],[-4.266197,48.649812],[-4.266907,48.649807],[-4.267173,48.649779],[-4.267666,48.649786],[-4.267954,48.649702],[-4.268169,48.649602],[-4.268357,48.649573],[-4.269942,48.649429],[-4.270262,48.649415],[-4.271127,48.649322],[-4.271827,48.649328],[-4.272068,48.649349],[-4.272885,48.649376],[-4.273058,48.649427],[-4.27385,48.649453],[-4.274284,48.649489],[-4.274595,48.649576],[-4.274651,48.649666],[-4.274617,48.649811],[-4.274936,48.649708],[-4.275089,48.649607],[-4.275083,48.649462],[-4.274987,48.649184],[-4.275095,48.649024],[-4.275524,48.648807],[-4.276331,48.648496],[-4.276816,48.648298],[-4.27698,48.648162],[-4.27709,48.648132],[-4.277349,48.648174],[-4.277598,48.648079],[-4.277627,48.647994],[-4.27748,48.647908],[-4.277409,48.647741],[-4.277463,48.647454],[-4.277667,48.647022],[-4.277676,48.646922],[-4.277618,48.646555],[-4.27764,48.646306],[-4.277583,48.646011],[-4.277565,48.645499],[-4.277526,48.645334],[-4.277529,48.644989],[-4.277585,48.644723],[-4.277743,48.644407],[-4.277931,48.644175],[-4.278101,48.644025],[-4.278331,48.643888],[-4.279048,48.643356],[-4.27955,48.643137],[-4.279945,48.642929],[-4.28019,48.64284],[-4.280436,48.642597],[-4.28071,48.642493],[-4.281102,48.642408],[-4.281422,48.642298],[-4.281585,48.642186],[-4.282346,48.642026],[-4.282587,48.641898],[-4.282885,48.641704],[-4.283478,48.641557],[-4.285405,48.641364],[-4.286329,48.64131],[-4.287149,48.641275],[-4.288767,48.641269],[-4.289831,48.641237],[-4.291657,48.641252],[-4.293151,48.641229],[-4.293775,48.6412],[-4.294385,48.641156],[-4.294925,48.641096],[-4.295841,48.641059],[-4.29633,48.641085],[-4.296444,48.641072],[-4.297516,48.641036],[-4.298478,48.641068],[-4.299553,48.641191],[-4.299999,48.641267],[-4.300777,48.641366],[-4.301429,48.64136],[-4.301687,48.641282],[-4.301772,48.641196],[-4.30172,48.641093],[-4.301537,48.640905],[-4.301273,48.640532],[-4.300927,48.639993],[-4.300702,48.639726],[-4.300412,48.639484],[-4.300149,48.639212],[-4.299723,48.638859],[-4.299542,48.638801],[-4.299378,48.638799],[-4.298886,48.638894],[-4.298622,48.638871],[-4.298125,48.638765],[-4.297529,48.638678],[-4.297132,48.638646],[-4.296395,48.638663],[-4.29604,48.638634],[-4.295601,48.638515],[-4.294973,48.638321],[-4.294439,48.638061],[-4.294015,48.63801],[-4.293526,48.637706],[-4.293299,48.637483],[-4.293112,48.637011],[-4.293118,48.636843],[-4.293515,48.636318],[-4.292991,48.636126],[-4.292485,48.635782],[-4.292304,48.635689],[-4.292153,48.635444],[-4.29216,48.635007],[-4.292238,48.634726],[-4.292122,48.634489],[-4.291917,48.634286],[-4.291711,48.634127],[-4.291473,48.634108],[-4.291339,48.63401],[-4.291207,48.633836],[-4.29107,48.633755],[-4.290927,48.633741],[-4.290746,48.633825],[-4.290532,48.633795],[-4.290404,48.633695],[-4.290223,48.633389],[-4.289377,48.633035],[-4.289167,48.633028],[-4.288452,48.633151],[-4.288006,48.633096],[-4.287912,48.633047],[-4.287775,48.632826],[-4.287053,48.632466],[-4.286406,48.632267],[-4.285783,48.632196],[-4.285545,48.632213],[-4.285317,48.632267],[-4.285067,48.632459],[-4.284684,48.632625],[-4.28446,48.632794],[-4.284318,48.63302],[-4.284204,48.633087],[-4.283928,48.633095],[-4.283266,48.632911],[-4.282979,48.632799],[-4.282678,48.632588],[-4.282222,48.632217],[-4.281932,48.632226],[-4.281382,48.632506],[-4.281183,48.632812],[-4.280863,48.63286],[-4.280614,48.632753],[-4.280464,48.632567],[-4.280319,48.632481],[-4.28001,48.632364],[-4.279882,48.632126],[-4.279768,48.632035],[-4.279324,48.631899],[-4.279,48.631943],[-4.278899,48.63208],[-4.278893,48.632214],[-4.279005,48.632527],[-4.278931,48.632739],[-4.278691,48.632914],[-4.278577,48.633091],[-4.278312,48.633078],[-4.278115,48.632907],[-4.277733,48.632646],[-4.277544,48.632446],[-4.277315,48.632271],[-4.277162,48.632235],[-4.276912,48.632246],[-4.276611,48.632414],[-4.276502,48.632608],[-4.276417,48.632845],[-4.276263,48.632968],[-4.27595,48.633047],[-4.275686,48.633185],[-4.275451,48.633185],[-4.275203,48.633111],[-4.274808,48.632913],[-4.274474,48.632822],[-4.274229,48.632725],[-4.274182,48.632635],[-4.274458,48.632481],[-4.27443,48.632343],[-4.274137,48.632204],[-4.27403,48.631952],[-4.273857,48.631848],[-4.27362,48.631848],[-4.273352,48.632028],[-4.273254,48.632193],[-4.273,48.632404],[-4.272851,48.632442],[-4.272488,48.632427],[-4.272308,48.632368],[-4.271935,48.632176],[-4.271765,48.632023],[-4.271765,48.631834],[-4.271926,48.631639],[-4.271863,48.631401],[-4.271642,48.631238],[-4.271324,48.631113],[-4.271088,48.630909],[-4.270814,48.630467],[-4.270656,48.630381],[-4.270043,48.630109],[-4.269851,48.629881],[-4.269867,48.629683],[-4.27002,48.629529],[-4.270213,48.629409],[-4.270803,48.629185],[-4.271111,48.628693],[-4.271206,48.628234],[-4.271275,48.628041],[-4.271679,48.627689],[-4.27192,48.62753],[-4.27217,48.627301],[-4.272352,48.626783],[-4.272424,48.626629],[-4.272293,48.62634],[-4.27218,48.626181],[-4.271997,48.626108],[-4.271615,48.626057],[-4.27148,48.625963],[-4.271428,48.62577],[-4.271449,48.625646],[-4.271579,48.625432],[-4.271738,48.625256],[-4.271915,48.625147],[-4.272117,48.62515],[-4.272354,48.625371],[-4.272598,48.625422],[-4.273259,48.625334],[-4.273487,48.625271],[-4.273633,48.62519],[-4.273661,48.625049],[-4.273617,48.624874],[-4.273474,48.62465],[-4.273244,48.624442],[-4.273199,48.624354],[-4.273216,48.624158],[-4.273485,48.623581],[-4.273495,48.623286],[-4.273395,48.623077],[-4.273168,48.622749],[-4.272914,48.622458],[-4.272738,48.622328],[-4.272412,48.622193],[-4.272144,48.622176],[-4.271694,48.622232],[-4.271422,48.622226],[-4.271405,48.62207],[-4.271554,48.621877],[-4.271515,48.621707],[-4.271066,48.621214],[-4.270637,48.621074],[-4.270424,48.620978],[-4.270281,48.620829],[-4.270181,48.620513],[-4.270254,48.620196],[-4.270263,48.620027],[-4.270182,48.61978],[-4.270418,48.61965],[-4.270652,48.61956],[-4.270819,48.61945],[-4.270918,48.619249],[-4.270977,48.618843],[-4.271271,48.618511],[-4.271398,48.618284],[-4.27143,48.618084],[-4.271417,48.617882],[-4.271573,48.617568],[-4.271538,48.617393],[-4.271329,48.617164],[-4.271302,48.61681],[-4.271196,48.616696],[-4.270928,48.616553],[-4.270845,48.616419],[-4.270863,48.616289],[-4.271634,48.615998],[-4.271804,48.615889],[-4.272058,48.615651],[-4.272148,48.61552],[-4.272216,48.61527],[-4.2723,48.615098],[-4.271963,48.614938],[-4.271908,48.614729],[-4.272037,48.614532],[-4.272049,48.614387],[-4.271816,48.614194],[-4.271759,48.614056],[-4.272651,48.613792],[-4.273568,48.611485],[-4.273489,48.610858],[-4.274023,48.610241],[-4.273963,48.609885],[-4.27344,48.609507],[-4.272932,48.609266],[-4.272264,48.608737],[-4.271629,48.608422],[-4.270914,48.608125],[-4.271235,48.607841],[-4.271185,48.607743],[-4.270932,48.60756],[-4.270701,48.607339],[-4.27033,48.607455],[-4.27026,48.60741],[-4.269989,48.607068],[-4.269827,48.606722],[-4.269738,48.60671],[-4.269327,48.606477],[-4.269158,48.606192],[-4.268569,48.605625],[-4.268296,48.605283],[-4.267768,48.604863],[-4.267679,48.604756],[-4.267188,48.603977],[-4.266875,48.603578],[-4.266348,48.602988],[-4.265673,48.602545],[-4.265212,48.602149],[-4.265027,48.601867],[-4.264995,48.60169],[-4.264898,48.601496],[-4.264643,48.601188],[-4.264453,48.600881],[-4.264296,48.600716],[-4.263799,48.600526],[-4.263658,48.600437],[-4.263466,48.600202],[-4.263046,48.600302],[-4.262993,48.600552],[-4.262079,48.600637],[-4.260255,48.600838],[-4.259943,48.600712],[-4.259701,48.600674],[-4.259292,48.600662],[-4.25911,48.600597],[-4.258602,48.600316],[-4.258415,48.600241],[-4.258119,48.600189],[-4.257591,48.600015],[-4.257405,48.599993],[-4.257191,48.600048],[-4.256561,48.600306],[-4.255405,48.600896],[-4.254638,48.601213],[-4.253639,48.601548],[-4.252948,48.601722],[-4.25264,48.601699],[-4.252336,48.601642],[-4.252097,48.601649],[-4.251674,48.601727],[-4.250968,48.601794],[-4.250758,48.601788],[-4.250377,48.60155],[-4.250158,48.60125],[-4.249779,48.600481],[-4.249683,48.600189],[-4.249644,48.599967],[-4.249496,48.599596],[-4.249276,48.599123],[-4.249236,48.598968],[-4.249085,48.598723],[-4.248714,48.598261],[-4.248587,48.59815],[-4.248244,48.597938],[-4.248072,48.597785],[-4.248017,48.597603],[-4.248047,48.597058],[-4.24787,48.596351],[-4.247703,48.596155],[-4.247419,48.595979],[-4.247325,48.595845],[-4.247358,48.595465],[-4.247326,48.59527],[-4.24693,48.594972],[-4.246391,48.594709],[-4.246116,48.594448],[-4.246144,48.594111],[-4.246138,48.593684],[-4.246096,48.59337],[-4.245991,48.593025],[-4.245731,48.592711],[-4.245356,48.592179],[-4.245288,48.591963],[-4.245211,48.59143],[-4.245165,48.591244],[-4.245002,48.590993],[-4.244524,48.590144],[-4.244348,48.58973],[-4.244086,48.589002],[-4.243806,48.588651],[-4.24378,48.588522],[-4.243825,48.587943],[-4.243869,48.587708],[-4.24394,48.587033],[-4.243979,48.586823],[-4.242931,48.586396],[-4.242331,48.586288],[-4.240992,48.585893],[-4.24026,48.585605],[-4.239379,48.585407],[-4.238971,48.585251],[-4.238552,48.585011],[-4.238426,48.584889],[-4.239489,48.584808],[-4.240368,48.584759],[-4.240586,48.584341],[-4.240759,48.584096],[-4.240597,48.582957],[-4.241921,48.583007],[-4.241986,48.58292],[-4.241962,48.582713],[-4.24188,48.582409],[-4.241867,48.582101],[-4.241892,48.581858],[-4.242307,48.581171],[-4.242915,48.581361],[-4.243331,48.581427],[-4.243357,48.580659],[-4.243805,48.579903],[-4.243754,48.5795],[-4.242739,48.579109],[-4.24274,48.578675],[-4.242848,48.578482],[-4.242903,48.578219],[-4.242893,48.577959],[-4.242922,48.577682],[-4.242924,48.577289],[-4.24298,48.576892],[-4.242531,48.576903],[-4.241799,48.576893],[-4.238847,48.576803],[-4.238451,48.57621],[-4.23856,48.575946],[-4.23853,48.575448],[-4.23859,48.575214],[-4.23858,48.575008],[-4.238656,48.574726],[-4.238893,48.574516],[-4.23929,48.574469],[-4.239448,48.574485],[-4.239752,48.574442],[-4.239963,48.574322],[-4.240128,48.574128],[-4.240326,48.573969],[-4.240458,48.573936],[-4.240914,48.573928],[-4.241946,48.573691],[-4.242316,48.573702],[-4.242641,48.573838],[-4.243022,48.573903],[-4.243702,48.573892],[-4.24456,48.57377],[-4.24492,48.573682],[-4.245509,48.573575],[-4.245816,48.573498],[-4.246702,48.57319],[-4.246586,48.57254],[-4.246531,48.571937],[-4.246394,48.571521],[-4.246508,48.571417],[-4.246555,48.571287],[-4.246574,48.570933],[-4.246501,48.570684],[-4.246511,48.570429],[-4.246183,48.569587],[-4.246235,48.569274],[-4.24621,48.569026],[-4.246021,48.568711],[-4.245584,48.568181],[-4.245575,48.568038],[-4.245351,48.56788],[-4.245487,48.567677],[-4.245409,48.567525],[-4.245469,48.567263],[-4.245451,48.567152],[-4.245273,48.567163],[-4.245098,48.567077],[-4.244922,48.567079],[-4.244784,48.567158],[-4.244531,48.567182],[-4.244307,48.567061],[-4.244128,48.567015],[-4.244087,48.567125],[-4.243966,48.567123],[-4.243862,48.566999],[-4.243658,48.566865],[-4.243587,48.566677],[-4.243793,48.566474],[-4.243869,48.566336],[-4.243832,48.566215],[-4.24361,48.566128],[-4.243369,48.565901],[-4.242938,48.565638],[-4.242552,48.56549],[-4.242266,48.565249],[-4.241669,48.56508],[-4.241456,48.56484],[-4.241329,48.564782],[-4.241032,48.564718],[-4.24086,48.564725],[-4.240308,48.564956],[-4.240117,48.564876],[-4.240014,48.564752],[-4.239832,48.564744],[-4.239276,48.564586],[-4.239044,48.564657],[-4.238989,48.564926],[-4.238923,48.564987],[-4.238706,48.565011],[-4.238499,48.564972],[-4.23812,48.56481],[-4.237812,48.564743],[-4.237625,48.564787],[-4.237354,48.565079],[-4.237215,48.565103],[-4.237088,48.564918],[-4.236835,48.564828],[-4.236546,48.564834],[-4.236337,48.564803],[-4.236,48.564617],[-4.235156,48.564299],[-4.234927,48.564289],[-4.234746,48.564155],[-4.234103,48.563784],[-4.233982,48.563773],[-4.2336,48.56384],[-4.233342,48.563792],[-4.233079,48.563901],[-4.232835,48.564169],[-4.232546,48.564225],[-4.232245,48.56435],[-4.232085,48.564347],[-4.231824,48.564244],[-4.231288,48.563919],[-4.230801,48.563666],[-4.230608,48.563447],[-4.230438,48.563331],[-4.230099,48.562849],[-4.229363,48.562711],[-4.228932,48.562582],[-4.22851,48.562516],[-4.228004,48.562648],[-4.227802,48.562477],[-4.227465,48.562434],[-4.227121,48.562336],[-4.226862,48.562159],[-4.226522,48.562189],[-4.225927,48.562198],[-4.225789,48.56214],[-4.225477,48.562078],[-4.225284,48.562012],[-4.224957,48.561957],[-4.224642,48.561988],[-4.224203,48.562097],[-4.223444,48.562245],[-4.223246,48.562177],[-4.222997,48.562152],[-4.222699,48.561987],[-4.222515,48.561976],[-4.222113,48.562012],[-4.22181,48.56196],[-4.221587,48.561693],[-4.221394,48.561602],[-4.221197,48.561565],[-4.220942,48.561566],[-4.2204,48.561808],[-4.220164,48.561826],[-4.219842,48.561731],[-4.219612,48.561618],[-4.219322,48.561554],[-4.219224,48.561435],[-4.219418,48.561282],[-4.219258,48.561107],[-4.219297,48.560855],[-4.219221,48.560799],[-4.218887,48.560786],[-4.21865,48.560706],[-4.21849,48.560702],[-4.218234,48.560767],[-4.217984,48.560917],[-4.217001,48.561279],[-4.215653,48.561488],[-4.215059,48.561781],[-4.214579,48.5617],[-4.214402,48.561535],[-4.214114,48.561388],[-4.213947,48.56125],[-4.21368,48.560909],[-4.213456,48.560591],[-4.21338,48.560353],[-4.213419,48.560232],[-4.213385,48.560075],[-4.213219,48.559979],[-4.212947,48.559899],[-4.212544,48.559846],[-4.211938,48.559845],[-4.211582,48.55978],[-4.211134,48.559642],[-4.210845,48.559633],[-4.210289,48.559701],[-4.210047,48.55966],[-4.209426,48.559412],[-4.208916,48.55928],[-4.208568,48.559288],[-4.20765,48.559059],[-4.207225,48.559031],[-4.207057,48.55911],[-4.206655,48.559135],[-4.206157,48.559066],[-4.205866,48.559145],[-4.205652,48.55912],[-4.205512,48.559045],[-4.2054,48.558843],[-4.205082,48.558739],[-4.205034,48.558629],[-4.204727,48.558444],[-4.204545,48.558411],[-4.203949,48.558453],[-4.203407,48.558346],[-4.203027,48.558301],[-4.20263,48.558332],[-4.20232,48.558238],[-4.202051,48.558201],[-4.201826,48.558208],[-4.20147,48.558151],[-4.201216,48.55806],[-4.200708,48.558013],[-4.200375,48.558018],[-4.200242,48.557978],[-4.199736,48.558053],[-4.199199,48.558048],[-4.198692,48.558003],[-4.198238,48.557916],[-4.19757,48.557857],[-4.196468,48.557811],[-4.196234,48.557787],[-4.195272,48.557611],[-4.194825,48.557468],[-4.194439,48.557403],[-4.193898,48.55724],[-4.193481,48.557165],[-4.19334,48.557177],[-4.193009,48.556961],[-4.192805,48.556798],[-4.192534,48.556751],[-4.192138,48.55673],[-4.191692,48.556682],[-4.191355,48.556734],[-4.191202,48.55662],[-4.191122,48.556488],[-4.191152,48.556207],[-4.191298,48.555988],[-4.191301,48.555793],[-4.191169,48.555623],[-4.190956,48.55549],[-4.190991,48.555383],[-4.190853,48.555232],[-4.190649,48.555106],[-4.190251,48.555004],[-4.190104,48.554896],[-4.189729,48.5548],[-4.18953,48.554842],[-4.189519,48.555038],[-4.18941,48.555079],[-4.188874,48.555039],[-4.188585,48.554946],[-4.18826,48.554897],[-4.188064,48.554788],[-4.187894,48.554741],[-4.187536,48.554702],[-4.186799,48.554338],[-4.186619,48.554296],[-4.18545,48.55449],[-4.184645,48.554579],[-4.184127,48.554351],[-4.183281,48.554496],[-4.182657,48.554586],[-4.181655,48.55482],[-4.181476,48.554989],[-4.181384,48.555217],[-4.181248,48.555454],[-4.181065,48.555902],[-4.180732,48.556567],[-4.180668,48.556882],[-4.180328,48.55726],[-4.180143,48.557591],[-4.179634,48.557887],[-4.179503,48.558133],[-4.179325,48.558601],[-4.179038,48.55894],[-4.178791,48.55914],[-4.178377,48.559304],[-4.178131,48.559583],[-4.17813,48.559926],[-4.178245,48.560171],[-4.178241,48.560667],[-4.178403,48.560946],[-4.178359,48.561193],[-4.178368,48.56157],[-4.178215,48.562054],[-4.178209,48.562354],[-4.177773,48.563225],[-4.177683,48.563501],[-4.177559,48.563742],[-4.177336,48.563975],[-4.177356,48.564846],[-4.177577,48.565008],[-4.177307,48.565643],[-4.176854,48.566452],[-4.177015,48.56689],[-4.177264,48.567782],[-4.176187,48.568656],[-4.175895,48.568781],[-4.175624,48.568672],[-4.175352,48.568632],[-4.174994,48.568643],[-4.173535,48.56875],[-4.173137,48.568788],[-4.172759,48.568738],[-4.172303,48.568759],[-4.171224,48.568562],[-4.170796,48.568414],[-4.170398,48.567942],[-4.170011,48.567779],[-4.169936,48.567687],[-4.169179,48.567477],[-4.168992,48.567254],[-4.168832,48.567171]]],[[[-4.073033,48.705265],[-4.072934,48.70513],[-4.072704,48.70497],[-4.072592,48.70496],[-4.072341,48.70504],[-4.072028,48.705018],[-4.071733,48.704968],[-4.07129,48.704834],[-4.071338,48.704645],[-4.071198,48.704564],[-4.070919,48.704648],[-4.070849,48.704743],[-4.070606,48.70471],[-4.070399,48.704747],[-4.07073,48.705003],[-4.070844,48.705212],[-4.07097,48.705348],[-4.070463,48.705678],[-4.070362,48.705721],[-4.069945,48.705756],[-4.069635,48.705753],[-4.069208,48.70568],[-4.068849,48.705559],[-4.06869,48.705463],[-4.068571,48.70533],[-4.068516,48.705128],[-4.06822,48.705067],[-4.067993,48.704976],[-4.067873,48.704874],[-4.067642,48.704902],[-4.066999,48.704911],[-4.066713,48.704772],[-4.066571,48.704659],[-4.066435,48.704422],[-4.066247,48.704471],[-4.065969,48.704617],[-4.065563,48.704671],[-4.065374,48.704666],[-4.06512,48.704605],[-4.064583,48.704365],[-4.064368,48.704236],[-4.064195,48.70401],[-4.064035,48.703893],[-4.063634,48.703826],[-4.063348,48.703681],[-4.063147,48.703497],[-4.06296,48.703193],[-4.062892,48.703131],[-4.062628,48.703036],[-4.062369,48.702827],[-4.061974,48.702895],[-4.061565,48.702908],[-4.061284,48.702862],[-4.060658,48.702886],[-4.060403,48.702749],[-4.060162,48.702762],[-4.060023,48.702842],[-4.059892,48.703048],[-4.059898,48.703559],[-4.060124,48.703793],[-4.060268,48.703998],[-4.060471,48.704146],[-4.060597,48.704422],[-4.060564,48.704709],[-4.060271,48.704899],[-4.059952,48.704997],[-4.059765,48.705211],[-4.059783,48.705433],[-4.059838,48.705549],[-4.060233,48.705605],[-4.060367,48.705673],[-4.060794,48.705784],[-4.060893,48.705915],[-4.061113,48.705882],[-4.061094,48.705797],[-4.061281,48.705744],[-4.061505,48.705629],[-4.061812,48.705554],[-4.062134,48.705528],[-4.062568,48.705575],[-4.062872,48.705802],[-4.063218,48.706156],[-4.0634,48.706268],[-4.063976,48.706452],[-4.064076,48.706535],[-4.064316,48.706576],[-4.064478,48.706701],[-4.064652,48.706686],[-4.065663,48.706517],[-4.066696,48.706569],[-4.066855,48.706614],[-4.067334,48.706616],[-4.067457,48.706663],[-4.067973,48.706604],[-4.068203,48.706623],[-4.068405,48.706733],[-4.068324,48.706892],[-4.06847,48.706914],[-4.068574,48.707024],[-4.0689,48.706934],[-4.068926,48.706841],[-4.069141,48.706899],[-4.069369,48.706746],[-4.069686,48.706694],[-4.070103,48.706729],[-4.070235,48.706805],[-4.070552,48.706768],[-4.070622,48.706985],[-4.070815,48.70699],[-4.071173,48.706789],[-4.071497,48.706542],[-4.071747,48.706387],[-4.07196,48.706196],[-4.072371,48.705959],[-4.072488,48.705779],[-4.072988,48.705788],[-4.072684,48.705468],[-4.072905,48.705272],[-4.073033,48.705265]]],[[[-4.077683,48.707697],[-4.077662,48.7076],[-4.077493,48.70755],[-4.077442,48.707378],[-4.077602,48.707293],[-4.077399,48.707226],[-4.077387,48.707138],[-4.077221,48.70704],[-4.077366,48.706977],[-4.077406,48.706894],[-4.077297,48.706812],[-4.076985,48.706727],[-4.077028,48.706582],[-4.0768,48.706529],[-4.076826,48.706398],[-4.076713,48.706349],[-4.076471,48.706389],[-4.076405,48.706472],[-4.076533,48.706696],[-4.076563,48.706837],[-4.076347,48.707028],[-4.076322,48.707228],[-4.076474,48.707312],[-4.076466,48.707379],[-4.076907,48.707525],[-4.076915,48.707807],[-4.077228,48.707864],[-4.07737,48.708004],[-4.077511,48.707969],[-4.077306,48.707832],[-4.077161,48.707681],[-4.077564,48.707752],[-4.077683,48.707697]]],[[[-3.96481,48.714276],[-3.964766,48.714162],[-3.964611,48.714082],[-3.964473,48.714073],[-3.963857,48.714247],[-3.963598,48.714362],[-3.963283,48.714592],[-3.963036,48.714897],[-3.962919,48.715301],[-3.962937,48.715542],[-3.963132,48.716109],[-3.963285,48.71641],[-3.963626,48.716955],[-3.964498,48.718274],[-3.964746,48.718267],[-3.964832,48.718404],[-3.964967,48.71836],[-3.964887,48.718231],[-3.965036,48.718154],[-3.964,48.716568],[-3.963601,48.715846],[-3.963514,48.715616],[-3.963477,48.71538],[-3.963523,48.715158],[-3.963725,48.714835],[-3.963989,48.714645],[-3.964154,48.714575],[-3.964677,48.714431],[-3.96481,48.714276]]],[[[-4.010057,48.727957],[-4.009908,48.727806],[-4.009804,48.72778],[-4.009415,48.727578],[-4.009,48.727296],[-4.008783,48.727278],[-4.008679,48.727221],[-4.008488,48.727252],[-4.008335,48.727525],[-4.008323,48.727653],[-4.008429,48.7278],[-4.008651,48.727876],[-4.008802,48.728068],[-4.009012,48.728076],[-4.009521,48.727931],[-4.009719,48.728071],[-4.009894,48.728083],[-4.010057,48.727957]]],[[[-3.987921,48.731175],[-3.987801,48.731105],[-3.987553,48.731118],[-3.987292,48.73107],[-3.98705,48.73097],[-3.986854,48.730969],[-3.986631,48.730917],[-3.986547,48.731035],[-3.986972,48.731091],[-3.987175,48.731074],[-3.987368,48.731139],[-3.987491,48.731342],[-3.987148,48.731509],[-3.987372,48.731843],[-3.987466,48.731778],[-3.987691,48.731788],[-3.987784,48.731647],[-3.987717,48.731413],[-3.987921,48.731175]]],[[[-3.971859,48.735531],[-3.971744,48.735502],[-3.971577,48.735561],[-3.971402,48.735548],[-3.971131,48.73546],[-3.970985,48.735379],[-3.970836,48.735141],[-3.970695,48.735094],[-3.970433,48.735149],[-3.970561,48.735281],[-3.97048,48.735389],[-3.970216,48.735494],[-3.970088,48.73567],[-3.969939,48.735764],[-3.969948,48.736036],[-3.969722,48.736091],[-3.969844,48.736208],[-3.969834,48.736304],[-3.969668,48.736377],[-3.969518,48.73652],[-3.969523,48.736614],[-3.969757,48.73679],[-3.969736,48.737002],[-3.969788,48.737089],[-3.97026,48.737117],[-3.970482,48.737056],[-3.970725,48.737037],[-3.97114,48.737095],[-3.971303,48.736986],[-3.971181,48.736639],[-3.971091,48.736545],[-3.971104,48.736428],[-3.97138,48.736189],[-3.971394,48.735863],[-3.971459,48.735698],[-3.971655,48.735661],[-3.971859,48.735531]]],[[[-4.040794,48.745789],[-4.040575,48.745674],[-4.040402,48.745284],[-4.040572,48.745157],[-4.040434,48.745082],[-4.040234,48.745076],[-4.039946,48.745018],[-4.03963,48.744912],[-4.039484,48.744951],[-4.039,48.744829],[-4.03863,48.744778],[-4.038444,48.744593],[-4.038287,48.744486],[-4.038213,48.744359],[-4.038353,48.744164],[-4.038121,48.744116],[-4.038014,48.744001],[-4.03812,48.743845],[-4.038274,48.743818],[-4.037998,48.743669],[-4.037889,48.743728],[-4.037684,48.743651],[-4.037521,48.743474],[-4.037513,48.743163],[-4.037625,48.743084],[-4.03694,48.742838],[-4.036623,48.742587],[-4.036285,48.742516],[-4.035843,48.742281],[-4.035679,48.742139],[-4.035581,48.74192],[-4.035559,48.741654],[-4.0355,48.741502],[-4.035462,48.741146],[-4.035299,48.741121],[-4.035199,48.741204],[-4.034892,48.741135],[-4.03429,48.741162],[-4.034008,48.741239],[-4.033894,48.741388],[-4.033933,48.741525],[-4.034086,48.741601],[-4.034054,48.741677],[-4.034088,48.741895],[-4.034018,48.742023],[-4.034117,48.742124],[-4.034186,48.742348],[-4.034167,48.742478],[-4.034024,48.742637],[-4.034015,48.742815],[-4.033866,48.742936],[-4.03349,48.742981],[-4.033182,48.743096],[-4.032623,48.743122],[-4.032113,48.743012],[-4.031991,48.742876],[-4.031629,48.742913],[-4.03137,48.742892],[-4.031087,48.742767],[-4.031013,48.742656],[-4.031141,48.742602],[-4.031073,48.742506],[-4.030873,48.742483],[-4.030733,48.742205],[-4.030705,48.742068],[-4.030591,48.741968],[-4.030415,48.741947],[-4.030155,48.74177],[-4.029778,48.741992],[-4.029781,48.742145],[-4.02984,48.742242],[-4.030056,48.742435],[-4.02995,48.742518],[-4.029423,48.742623],[-4.029177,48.742629],[-4.028733,48.742597],[-4.028636,48.742452],[-4.028714,48.742245],[-4.028585,48.742095],[-4.028135,48.742185],[-4.027984,48.742176],[-4.027756,48.742337],[-4.027555,48.742305],[-4.027273,48.742197],[-4.026868,48.742131],[-4.026507,48.741987],[-4.026212,48.741824],[-4.026016,48.741638],[-4.025999,48.741427],[-4.025919,48.741274],[-4.02591,48.740882],[-4.025872,48.740557],[-4.026067,48.740455],[-4.025953,48.740156],[-4.025801,48.740015],[-4.025641,48.739928],[-4.025518,48.739786],[-4.025352,48.739721],[-4.025031,48.739671],[-4.02463,48.73965],[-4.023873,48.739521],[-4.023618,48.739413],[-4.023451,48.739279],[-4.023453,48.739162],[-4.023271,48.739152],[-4.023098,48.739031],[-4.022897,48.738996],[-4.022648,48.738866],[-4.022606,48.738782],[-4.022452,48.738785],[-4.022081,48.738929],[-4.021765,48.738966],[-4.021416,48.739159],[-4.021258,48.73934],[-4.020932,48.73958],[-4.020885,48.739702],[-4.020704,48.73994],[-4.020557,48.74004],[-4.020431,48.740187],[-4.020284,48.740274],[-4.020003,48.74033],[-4.019553,48.740287],[-4.019325,48.740218],[-4.019179,48.740058],[-4.019078,48.739848],[-4.018899,48.739614],[-4.018511,48.73957],[-4.01822,48.739919],[-4.018213,48.740052],[-4.017994,48.740171],[-4.017678,48.740249],[-4.017253,48.740655],[-4.016951,48.740907],[-4.016979,48.741013],[-4.017116,48.741148],[-4.01735,48.741245],[-4.01749,48.741427],[-4.017513,48.741577],[-4.017824,48.741886],[-4.018093,48.742233],[-4.017796,48.74249],[-4.017387,48.742738],[-4.017192,48.742819],[-4.016732,48.742934],[-4.016472,48.742949],[-4.016304,48.742897],[-4.016224,48.742746],[-4.015913,48.74258],[-4.015884,48.742375],[-4.015798,48.742273],[-4.015612,48.742216],[-4.015114,48.741987],[-4.014821,48.741873],[-4.01425,48.741425],[-4.014027,48.741531],[-4.014647,48.742021],[-4.014532,48.742136],[-4.014911,48.742488],[-4.015123,48.742643],[-4.0153,48.742861],[-4.015485,48.743439],[-4.015426,48.743735],[-4.014972,48.744033],[-4.014729,48.743754],[-4.014224,48.743509],[-4.014156,48.743576],[-4.014672,48.743819],[-4.014881,48.744049],[-4.014354,48.744254],[-4.013803,48.744368],[-4.013464,48.74441],[-4.012965,48.744436],[-4.012409,48.744342],[-4.011849,48.744314],[-4.011129,48.744214],[-4.010969,48.743948],[-4.010886,48.743878],[-4.01061,48.743802],[-4.00996,48.743679],[-4.009532,48.743446],[-4.009225,48.743199],[-4.009024,48.743006],[-4.008985,48.7429],[-4.008778,48.742891],[-4.008043,48.742252],[-4.007158,48.741406],[-4.007227,48.74103],[-4.007652,48.740819],[-4.008147,48.740926],[-4.00846,48.740867],[-4.008483,48.740781],[-4.008303,48.74064],[-4.008119,48.74058],[-4.007709,48.740552],[-4.007296,48.740879],[-4.007092,48.740979],[-4.006751,48.74105],[-4.006704,48.740942],[-4.006743,48.740826],[-4.006683,48.740736],[-4.006186,48.740703],[-4.005823,48.740521],[-4.005687,48.74042],[-4.005554,48.740422],[-4.005399,48.740328],[-4.004986,48.740352],[-4.004875,48.740499],[-4.004743,48.740576],[-4.004779,48.740799],[-4.004726,48.741009],[-4.004832,48.741175],[-4.004702,48.741328],[-4.004514,48.741451],[-4.003787,48.741721],[-4.003246,48.74171],[-4.002797,48.741624],[-4.002443,48.74153],[-4.002245,48.741447],[-4.001681,48.7413],[-4.001291,48.741121],[-4.001149,48.740953],[-4.001167,48.740814],[-4.001081,48.740642],[-4.000869,48.740518],[-4.000535,48.740418],[-4.000329,48.740621],[-4.000066,48.74065],[-3.999979,48.740824],[-3.999683,48.740916],[-3.999298,48.74099],[-3.99885,48.740965],[-3.998459,48.740852],[-3.998241,48.740905],[-3.99814,48.74103],[-3.998209,48.741194],[-3.99815,48.741444],[-3.997809,48.74157],[-3.997302,48.741636],[-3.996946,48.741617],[-3.996485,48.741471],[-3.99613,48.741265],[-3.995936,48.741266],[-3.995663,48.741314],[-3.995491,48.741448],[-3.995353,48.741492],[-3.995192,48.741468],[-3.994747,48.741194],[-3.994689,48.741102],[-3.994538,48.741192],[-3.994441,48.741174],[-3.99422,48.741026],[-3.993868,48.740743],[-3.993623,48.740306],[-3.993561,48.739848],[-3.993671,48.73966],[-3.993745,48.739384],[-3.993989,48.739242],[-3.99363,48.739081],[-3.99355,48.738988],[-3.993546,48.738809],[-3.993348,48.738599],[-3.993188,48.738342],[-3.993042,48.738214],[-3.993115,48.737981],[-3.993205,48.737957],[-3.993361,48.737706],[-3.993287,48.737551],[-3.993359,48.73745],[-3.993544,48.73739],[-3.993713,48.73724],[-3.993873,48.737293],[-3.993946,48.737212],[-3.993783,48.737073],[-3.99373,48.73696],[-3.993611,48.736967],[-3.993466,48.737093],[-3.993165,48.737134],[-3.992925,48.737109],[-3.992731,48.737028],[-3.992497,48.737023],[-3.992228,48.737068],[-3.992052,48.73714],[-3.991982,48.737334],[-3.991317,48.737573],[-3.991029,48.737757],[-3.99111,48.73786],[-3.991119,48.738046],[-3.990979,48.738365],[-3.99089,48.73847],[-3.990561,48.738642],[-3.990264,48.738585],[-3.990121,48.738589],[-3.989914,48.73877],[-3.989511,48.738921],[-3.989405,48.739032],[-3.989159,48.739182],[-3.988977,48.739196],[-3.988829,48.739353],[-3.988911,48.739509],[-3.98922,48.739706],[-3.98927,48.739894],[-3.989558,48.739953],[-3.989804,48.740282],[-3.989878,48.740531],[-3.989758,48.740783],[-3.989542,48.740928],[-3.989411,48.741117],[-3.98936,48.741261],[-3.989477,48.741395],[-3.989629,48.741429],[-3.989903,48.74139],[-3.990184,48.741416],[-3.990359,48.741491],[-3.991029,48.741953],[-3.991389,48.742245],[-3.991552,48.742441],[-3.991343,48.742719],[-3.991429,48.742791],[-3.99164,48.742774],[-3.991794,48.742876],[-3.991883,48.743157],[-3.991759,48.743324],[-3.991759,48.743433],[-3.99163,48.743852],[-3.991476,48.744116],[-3.991268,48.744152],[-3.991236,48.74424],[-3.990419,48.744741],[-3.990302,48.74485],[-3.990145,48.745075],[-3.990077,48.745238],[-3.990147,48.745402],[-3.990572,48.745642],[-3.990997,48.745828],[-3.991281,48.745694],[-3.991333,48.745591],[-3.991685,48.745404],[-3.991995,48.74538],[-3.992281,48.745416],[-3.993118,48.745484],[-3.993396,48.745484],[-3.993758,48.745563],[-3.993895,48.745567],[-3.994064,48.745461],[-3.994568,48.745243],[-3.994855,48.745081],[-3.995111,48.744991],[-3.995499,48.744988],[-3.995888,48.745025],[-3.996553,48.745117],[-3.997482,48.745297],[-3.99829,48.745528],[-3.999105,48.745781],[-3.999569,48.745963],[-3.999711,48.746044],[-3.999666,48.746274],[-4.000114,48.746584],[-4.000505,48.746639],[-4.000755,48.74675],[-4.000929,48.746865],[-4.001136,48.747136],[-4.001594,48.747273],[-4.001886,48.747322],[-4.002059,48.747449],[-4.002257,48.747663],[-4.002676,48.747906],[-4.002941,48.747946],[-4.003225,48.747929],[-4.003469,48.748008],[-4.003799,48.748269],[-4.003745,48.748507],[-4.003554,48.748682],[-4.003885,48.748804],[-4.003993,48.748908],[-4.004172,48.748916],[-4.004575,48.749022],[-4.0047,48.749129],[-4.004792,48.749357],[-4.004792,48.749484],[-4.004662,48.749789],[-4.004523,48.749945],[-4.00444,48.750119],[-4.004477,48.750223],[-4.004842,48.75008],[-4.005331,48.750053],[-4.005597,48.750123],[-4.005768,48.750224],[-4.005843,48.750388],[-4.005798,48.750601],[-4.005896,48.750859],[-4.006036,48.750898],[-4.00661,48.751123],[-4.006756,48.751307],[-4.00677,48.751392],[-4.006582,48.751675],[-4.006523,48.751871],[-4.00652,48.752354],[-4.006328,48.752661],[-4.006317,48.752906],[-4.006729,48.753043],[-4.006885,48.752945],[-4.007157,48.752854],[-4.007791,48.752748],[-4.008231,48.752723],[-4.009043,48.752764],[-4.00932,48.75287],[-4.009334,48.752953],[-4.009494,48.753019],[-4.009908,48.752852],[-4.010218,48.752782],[-4.010499,48.752777],[-4.010797,48.752653],[-4.011161,48.752626],[-4.011742,48.752709],[-4.011994,48.752844],[-4.012245,48.75309],[-4.012561,48.753298],[-4.012654,48.753317],[-4.013364,48.753243],[-4.013211,48.75313],[-4.013242,48.753052],[-4.013973,48.75276],[-4.014352,48.752417],[-4.014631,48.752267],[-4.014995,48.752138],[-4.015249,48.752095],[-4.015633,48.752076],[-4.015986,48.752111],[-4.016074,48.752157],[-4.016503,48.75217],[-4.016584,48.752242],[-4.016752,48.752222],[-4.016805,48.752097],[-4.016944,48.752038],[-4.017713,48.751895],[-4.018522,48.751896],[-4.018737,48.751866],[-4.01899,48.751965],[-4.019267,48.752188],[-4.019685,48.752334],[-4.019854,48.752481],[-4.019977,48.752688],[-4.020005,48.752831],[-4.019763,48.753345],[-4.019903,48.753534],[-4.020569,48.753477],[-4.020697,48.753519],[-4.021228,48.753418],[-4.021378,48.753324],[-4.021497,48.753131],[-4.021653,48.753033],[-4.021851,48.752985],[-4.022192,48.752997],[-4.022495,48.753157],[-4.022844,48.753286],[-4.023176,48.753316],[-4.023277,48.753408],[-4.023532,48.753327],[-4.023384,48.75323],[-4.023512,48.753036],[-4.023467,48.752911],[-4.023336,48.752813],[-4.023318,48.75249],[-4.023393,48.752364],[-4.023312,48.752076],[-4.023443,48.751778],[-4.023685,48.751577],[-4.024056,48.75139],[-4.024086,48.751106],[-4.024339,48.750966],[-4.02488,48.750961],[-4.0249,48.750892],[-4.02464,48.750615],[-4.024662,48.750506],[-4.024784,48.750351],[-4.024977,48.750183],[-4.025072,48.750176],[-4.025112,48.750027],[-4.025049,48.749932],[-4.025034,48.74974],[-4.025179,48.749492],[-4.025104,48.7493],[-4.02528,48.749238],[-4.025716,48.749191],[-4.025974,48.749196],[-4.0265,48.749168],[-4.026587,48.74955],[-4.026658,48.749692],[-4.026811,48.749797],[-4.026839,48.750142],[-4.026964,48.750262],[-4.027212,48.750261],[-4.027436,48.750209],[-4.027731,48.750074],[-4.027834,48.749932],[-4.028121,48.7498],[-4.028321,48.74966],[-4.02852,48.749582],[-4.029093,48.749303],[-4.0293,48.749128],[-4.029456,48.748955],[-4.030004,48.748825],[-4.030253,48.7488],[-4.030681,48.748817],[-4.030801,48.748851],[-4.031091,48.749099],[-4.031134,48.749215],[-4.031355,48.749267],[-4.031434,48.749358],[-4.031613,48.7494],[-4.032062,48.749408],[-4.032185,48.749284],[-4.032399,48.749193],[-4.03246,48.749079],[-4.032451,48.748919],[-4.032245,48.748668],[-4.032133,48.748317],[-4.031897,48.747939],[-4.031992,48.747738],[-4.032161,48.74754],[-4.03273,48.747205],[-4.033068,48.747099],[-4.033251,48.746994],[-4.033818,48.746888],[-4.034097,48.746884],[-4.034368,48.746916],[-4.034587,48.747172],[-4.035175,48.747491],[-4.035387,48.747568],[-4.035567,48.747679],[-4.035698,48.747846],[-4.035979,48.747985],[-4.036011,48.748101],[-4.03562,48.747915],[-4.035463,48.747944],[-4.035439,48.748063],[-4.035582,48.748221],[-4.036042,48.748363],[-4.036327,48.748328],[-4.037001,48.74818],[-4.037116,48.748115],[-4.037411,48.748052],[-4.037546,48.747974],[-4.038034,48.748039],[-4.037938,48.747911],[-4.038101,48.747552],[-4.038448,48.747099],[-4.038594,48.746991],[-4.038815,48.746903],[-4.038998,48.746994],[-4.03904,48.746889],[-4.039274,48.746733],[-4.039486,48.746666],[-4.039968,48.746563],[-4.040332,48.746307],[-4.04039,48.746093],[-4.040515,48.745913],[-4.040699,48.745916],[-4.040794,48.745789]]]]}},{"type":"Feature","properties":{"Label":"OPAH RU AUDIERNE","Type":"OPAH-RU","Date_debut":"2024-11-04","Date_fin":"2029-11-03","Maitre_ouvrage":"LE PRÉSIDENT DE LA CC CAP SIZUN POINTE DU RAZ","Code":"029OPA045","Operateur":"URBANIS","Departement":"29","Territoire":"DL"},"geometry":{"type":"Polygon","coordinates":[[[-4.538786532825958,48.0289337932666],[-4.538716974826353,48.0285630512629],[-4.538682106109159,48.02827782048782],[-4.538869860740202,48.02827064485049],[-4.538883844142183,48.028246881167824],[-4.538838816196098,48.02793997371762],[-4.538854909450187,48.0279023013635],[-4.538844180614128,48.02781081124598],[-4.53890587142147,48.027805429469296],[-4.538967562228812,48.027758787381224],[-4.538956833392752,48.02768164845067],[-4.538924646884572,48.027541721723765],[-4.538940432073449,48.027418970286426],[-4.538956525327538,48.02727724890235],[-4.538942406820871,48.02717445498805],[-4.538851211714363,48.02696456268974],[-4.538714419054598,48.02667102674979],[-4.538639317202178,48.02652033345795],[-4.53837109630069,48.02648983595243],[-4.538239668058962,48.02647727815078],[-4.537829290079681,48.02648445403782],[-4.537834654497711,48.026452162538334],[-4.537783692526427,48.02626917699247],[-4.53793476254075,48.02620899510417],[-4.53771931951007,48.025937289785915],[-4.537650448385173,48.02595963111149],[-4.537618261876993,48.025925545292154],[-4.537599486413889,48.02590760537817],[-4.53756729990571,48.02586634355235],[-4.537519020143439,48.0258842834808],[-4.537435871663978,48.025751527863285],[-4.537314717919044,48.02552664064637],[-4.53718597188633,48.02556431473696],[-4.537094776779822,48.02545129238259],[-4.537124281078986,48.02544052833592],[-4.536928479820899,48.025246775111384],[-4.536949937493016,48.02522524693039],[-4.53682655587833,48.02514272215319],[-4.536660258919407,48.025009964625674],[-4.536641483456303,48.02502252278481],[-4.536542241722752,48.0249704961056],[-4.536300159234283,48.02479406931287],[-4.536471820611236,48.02465772281705],[-4.536412263551339,48.02461388300949],[-4.536664391198739,48.02443986115211],[-4.536846781411752,48.024561855917824],[-4.536951387563333,48.02451700493458],[-4.536932612100228,48.024502652611694],[-4.537482464948281,48.0242443101165],[-4.537584388890847,48.02424610416607],[-4.53788747850953,48.02410796216646],[-4.538147652783986,48.024045170226074],[-4.538437331357594,48.02400390690931],[-4.538600946107502,48.02403081777181],[-4.538625085988636,48.02417972429039],[-4.538745785394306,48.024185106445664],[-4.53876992527544,48.02394649702235],[-4.538885260263081,48.02396981979663],[-4.539114680901504,48.02397762276914],[-4.53910663427446,48.02404938507452],[-4.539063718930221,48.024074501857804],[-4.539052990094161,48.02412114728],[-4.539028850213027,48.02420905584555],[-4.53920051158998,48.024230584451004],[-4.539208558217026,48.02409423646465],[-4.539294388905502,48.02401350393431],[-4.539452639237381,48.02402606233623],[-4.539390948430038,48.02425928924428],[-4.53946336807344,48.0242682594889],[-4.53944727481935,48.02437410825751],[-4.539142278122101,48.02474240010893],[-4.538863673654422,48.024935355896204],[-4.53865446135126,48.025130904310146],[-4.538603499379978,48.02510399402196],[-4.538552537408695,48.02514525645808],[-4.53882067657654,48.02531717617269],[-4.539421998097674,48.025687892554174],[-4.539882463797569,48.02597052971285],[-4.540249926432609,48.02619836587822],[-4.540284795149804,48.02618222004139],[-4.540692490920069,48.02644414076996],[-4.540925843104365,48.02660021618766],[-4.540966076239587,48.02657689460356],[-4.541108233317376,48.02667735673682],[-4.541287941321375,48.02655177903964],[-4.541625899657252,48.026284476922584],[-4.541671497210505,48.02628985885808],[-4.541722459181802,48.02625218529787],[-4.54176537452604,48.026277301007774],[-4.541996044501321,48.026114048674636],[-4.542106015070936,48.02604408323073],[-4.542945546492597,48.02667556277193],[-4.542905313357373,48.02671323602273],[-4.543039113685089,48.026801209308296],[-4.543403894111115,48.026736626686],[-4.543335283403511,48.02652299394411],[-4.543627225905931,48.02645533772628],[-4.543611132651846,48.02636563901598],[-4.544120752364675,48.02622212075481],[-4.544195854217092,48.02627594014958],[-4.544340693503896,48.026333347442055],[-4.544469439536611,48.02635487516026],[-4.544598185569326,48.026308231759465],[-4.544587456733266,48.026480453337186],[-4.544791304618398,48.02650556893586],[-4.544796669036428,48.026333347442055],[-4.545080983192006,48.02631899562493],[-4.545225838784772,48.02628311242924],[-4.54529557621916,48.026415866677596],[-4.545418957833847,48.02637639923406],[-4.545654992227157,48.02633693176031],[-4.545714000825484,48.02636204742892],[-4.545987586145003,48.026275936514175],[-4.546116332177719,48.02625799672216],[-4.546234349374373,48.02618982545557],[-4.546298722390731,48.0261216540988],[-4.546577672128279,48.02610012628319],[-4.54659376538237,48.02618982545557],[-4.546727875833113,48.02616470970304],[-4.546808342103561,48.02623646896351],[-4.546926359300222,48.02618264952748],[-4.547039012078846,48.02611447816122],[-4.547178486947621,48.02624005692386],[-4.547119478349294,48.02627593651413],[-4.547339419488516,48.02643380641458],[-4.547312597398367,48.02647327381414],[-4.54724822438201,48.02649838941631],[-4.547178486947622,48.02655220852261],[-4.547403792504872,48.0266132034418],[-4.547511080865469,48.02649121353123],[-4.547618369226065,48.02653426882675],[-4.547666648988333,48.02651632912466],[-4.547757844094839,48.02654862058394],[-4.547763208512869,48.02657014821222],[-4.547849039201346,48.02657014821222],[-4.547854403619374,48.026695725864634],[-4.547811488275137,48.026735193063644],[-4.547902683381643,48.026756720613996],[-4.548106531266775,48.02674595683994],[-4.548256734971609,48.02675313268956],[-4.548299650315848,48.02671725343148],[-4.548417667512503,48.02669931379307],[-4.548406938676443,48.02655938439919],[-4.548841456536856,48.02655579646103],[-4.549077490930166,48.02651991706558],[-4.54924915230712,48.02648044970173],[-4.549345711831656,48.02660961550737],[-4.549404720429983,48.02658808789558],[-4.549592475061026,48.02656297233711],[-4.549740531505065,48.02653757053044],[-4.550040938914732,48.026444284017316],[-4.550250151217894,48.02641199249267],[-4.55060420280786,48.02640122864663],[-4.55082414394708,48.02637611299711],[-4.55080944037115,48.026253620642805],[-4.55108302569067,48.02623388686271],[-4.551049449504332,48.02601372869189],[-4.551199653209166,48.026002964762675],[-4.551242568553405,48.02591685324801],[-4.551392772258238,48.02589891333102],[-4.551591255725341,48.02590608929856],[-4.551628806651548,48.025841505554666],[-4.551108458102659,48.025737453797056],[-4.551070907176452,48.0257733337372],[-4.550888619188467,48.025745803902296],[-4.55082961059014,48.025736833914806],[-4.550859114889303,48.02561304792809],[-4.5508403394262,48.0255986959104],[-4.550716855586485,48.025737453797056],[-4.550652584795157,48.025736833914806],[-4.550676724676291,48.02583370969705],[-4.550505063299338,48.02585344363036],[-4.550470092357116,48.02571592582098],[-4.550175049365477,48.02570874982696],[-4.550046303332762,48.02574821778172],[-4.550030210078673,48.02569798583404],[-4.549853286508719,48.025704541946936],[-4.54994179940621,48.025962877123455],[-4.549737951521078,48.026016696788915],[-4.549716774796639,48.02593838114014],[-4.549464366201559,48.02599158095204],[-4.549568972353139,48.02624812071006],[-4.549309079026376,48.02634740938266],[-4.549137417649423,48.026035256543565],[-4.548987213944589,48.02609984004469],[-4.549019400452767,48.026164423464884],[-4.548751179551278,48.02625412252536],[-4.548695250602439,48.02613886076653],[-4.548571868987754,48.026158594583016],[-4.548469945045188,48.02620703210054],[-4.548230831002378,48.02629000210579],[-4.547925456615165,48.02632543472951],[-4.547866050576352,48.02620389107068],[-4.547710482453488,48.02625771048448],[-4.547522727822447,48.02602449261879],[-4.547259871338987,48.02615724753325],[-4.547131125306271,48.026046020465984],[-4.547222717853262,48.02596843203704],[-4.547034565781735,48.02586303347821],[-4.54692727742114,48.02594196912124],[-4.546846811150693,48.02590967728188],[-4.546718065117978,48.025705161829485],[-4.546632234429501,48.02578050972216],[-4.546578590249204,48.02574821778165],[-4.546364013528004,48.025776921729765],[-4.546278182839528,48.02581280164244],[-4.546031419610158,48.02586662146461],[-4.54572564778246,48.02593479315869],[-4.545323316430226,48.02605678438622],[-4.54521602806963,48.02605678438622],[-4.545210663651601,48.026196715144586],[-4.54496926484026,48.026239770686125],[-4.544915620659962,48.02616442346484],[-4.5447064083568,48.026171599395425],[-4.544781510209218,48.02601372869182],[-4.544625942086354,48.025981436897425],[-4.544566933488026,48.02608190019133],[-4.544223610734121,48.02597426094037],[-4.544116322373525,48.02580203767126],[-4.544116322373525,48.025662105841384],[-4.543992940758836,48.025543701688584],[-4.543606702660692,48.025195663664725],[-4.543515507554185,48.025163371357806],[-4.543091718529834,48.02445293548696],[-4.542555276726856,48.024352469018005],[-4.542292420243396,48.024359645200846],[-4.542018834923876,48.024316588088766],[-4.541825715874804,48.024305823805136],[-4.541654054497852,48.02441705462767],[-4.541300002907886,48.024295059519254],[-4.541337553834094,48.024255590451766],[-4.5409244936458,48.02405824466103],[-4.540795747613086,48.02387063441149],[-4.540924493645801,48.02378451933443],[-4.540726010178699,48.02360152431794],[-4.540624086236133,48.02366252272894],[-4.540441696023118,48.02350823249086],[-4.540731374596726,48.02341852865178],[-4.540704552506577,48.023371882593764],[-4.540811840867173,48.023300119345166],[-4.540865485047471,48.02335394179099],[-4.541015688752305,48.023300119345166],[-4.541192714547288,48.023120710786564],[-4.541337553834092,48.02300230079583],[-4.541584317063462,48.022955654361155],[-4.541852537964951,48.022905419691995],[-4.541914379798494,48.02293392318424],[-4.542305982314668,48.02281910096297],[-4.542692220412813,48.022826277359286],[-4.543201840125644,48.02291239403723],[-4.543373501502596,48.02284063014893],[-4.543459332191072,48.02270786669221],[-4.543400323592746,48.022679161034986],[-4.543562993276835,48.02250348701483],[-4.543415471781016,48.02253398687904],[-4.543292090166331,48.022577045480155],[-4.543132102691255,48.02268274924302],[-4.542820966445528,48.02248539743061],[-4.542724406920993,48.02239210358355],[-4.542574203216158,48.02230957427041],[-4.542949712478244,48.022047632531766],[-4.543008721076577,48.021990220465966],[-4.543362772666542,48.02176057156352],[-4.543529069625467,48.021706747454026],[-4.543480789863198,48.0216278053251],[-4.544092333518594,48.02144121435799],[-4.543968951903909,48.021215151319964],[-4.544333732329934,48.02112185517402],[-4.543974316321929,48.02114697338387],[-4.543931400977691,48.021103913588234],[-4.543786561690887,48.02111467854051],[-4.543834841453155,48.02114697338387],[-4.543421781264861,48.021197209766655],[-4.543030178748687,48.021186444831606],[-4.543003356658538,48.021233092867234],[-4.543089187347014,48.021319212206734],[-4.542273795806487,48.021828748688314],[-4.54219332953604,48.0217569832914],[-4.541919744216521,48.02182516042084],[-4.541737354003509,48.02182516042084],[-4.541678345405181,48.0218574548191],[-4.541131174766143,48.0218646313493],[-4.541146322954414,48.0217068959355],[-4.541167780626533,48.02167639558193],[-4.541197284925697,48.02157951198616],[-4.541581785880645,48.02103214718225],[-4.541490590774138,48.0209890872907],[-4.541887557708331,48.020841965723214],[-4.541683709823199,48.020741492216324],[-4.541007793151446,48.02126897594287],[-4.54092196246297,48.02123309286725],[-4.540702021323739,48.02140174310543],[-4.540589368545113,48.02135150692197],[-4.540455258094369,48.02146274411954],[-4.539596951209603,48.02104291214952],[-4.539537942611275,48.02108597199611],[-4.539033687316476,48.02079172899423],[-4.53843823691517,48.02097473398552],[-4.538261211120186,48.020906555731365],[-4.538084185325204,48.02073790387316],[-4.537950074874459,48.02074149221632],[-4.537478006087838,48.02050824939181],[-4.537322437964974,48.0204005985015],[-4.537274158202706,48.02035036134242],[-4.536512410842479,48.01998075788138],[-4.536521378924508,48.01818911994879],[-4.538565222193856,48.01812093801065],[-4.539551878338312,48.0179988241887],[-4.539557242756341,48.017769157505505],[-4.53909053838775,48.01766150089558],[-4.539165640240166,48.01758614113487],[-4.53881695306823,48.01755025549582],[-4.53884377515838,48.017342118296774],[-4.538959626018986,48.01677370478795],[-4.539099100887761,48.016802413733586],[-4.539158109486089,48.016666046099445],[-4.539056185543522,48.01664451433476],[-4.53910982972382,48.01651173492054],[-4.539034727871403,48.0164973803688],[-4.539088372051701,48.01639689839465],[-4.539683822453007,48.01651891219491],[-4.539909128010258,48.01609545129728],[-4.539646271526812,48.01605238728238],[-4.5399144924283,48.015715051254425],[-4.540102247059344,48.01575452686109],[-4.54026317960024,48.015029606356734],[-4.540611866772176,48.0149937189383],[-4.540005687534809,48.01443746075841],[-4.539906569445465,48.01449740410447],[-4.539752118728336,48.0145571903791],[-4.539677016875918,48.01456436792556],[-4.539612643859559,48.01455001283165],[-4.539526813171084,48.014571545471014],[-4.539430253646548,48.01460743318328],[-4.539258592269594,48.014585900558906],[-4.537460906802149,48.016834747566406],[-4.537847144900295,48.01716489908523],[-4.537482364474268,48.01748069421198],[-4.535859628020256,48.01757579122911],[-4.535671873389213,48.01764038532943],[-4.535722695985278,48.01787562187121],[-4.535752200284441,48.01788997603925],[-4.535674416223009,48.0179240671723],[-4.535339140096148,48.018223709319365],[-4.535293542542895,48.01839057514931],[-4.535196983018358,48.0185359094644],[-4.535060190358597,48.01895634917396],[-4.535028003850419,48.018949172238884],[-4.534950219788986,48.01921830662021],[-4.535167478719196,48.019492822241745],[-4.535229169526538,48.019471291657595],[-4.535441064038714,48.01969377392693],[-4.535376664753224,48.01972436331447],[-4.535644885654714,48.01996837487722],[-4.535505410785939,48.020061673110696],[-4.537329312916066,48.02164771724633],[-4.537522431965138,48.02154006873547],[-4.538650612528302,48.0225399692686],[-4.538511137659528,48.02325760784137],[-4.535646538431623,48.02471438341801],[-4.535914759333113,48.02497272355721],[-4.536826710398176,48.025453519813446],[-4.537245135004497,48.02606347875915],[-4.537718791076786,48.02677916664731],[-4.537713426658756,48.026990853654674],[-4.537708062240728,48.02705902386179],[-4.537439841339238,48.02838653097344],[-4.537295224613677,48.02864318285417],[-4.537574174351227,48.02903963245417],[-4.537673416084778,48.02900196090385],[-4.537764611191284,48.029019899740774],[-4.538132073826325,48.0289086788512],[-4.538158895916473,48.02887459498216],[-4.538220586723816,48.02885486220558],[-4.538282277531159,48.0288656255392],[-4.538322510666381,48.028921236060434],[-4.538786532825958,48.0289337932666]]]}},{"type":"Feature","properties":{"Label":"OPAH RU CARHAIX PLOUGUER","Type":"OPAH-RU","Date_debut":"2025-10-15","Date_fin":"2031-01-31","Maitre_ouvrage":"LE PRÉSIDENT DE POHER COMMUNAUTÉ","Code":"029OPA046","Operateur":null,"Departement":"29","Territoire":"DL"},"geometry":{"type":"Polygon","coordinates":[]}},{"type":"Feature","properties":{"Label":"OPAH RU CENTRE VILLE DE QUIMPER 2023 2028","Type":"OPAH-RU","Date_debut":"2023-05-15","Date_fin":"2028-05-15","Maitre_ouvrage":"POUR QBO, LE VICE PRÉSIDENT EN CHARGE DE L'AMÉNAGEMENT, DE L'HABITAT ET DES GENS DU VOYAGE","Code":"029OPA040","Operateur":"URBANIS","Departement":"29","Territoire":"CA"},"geometry":{"type":"Polygon","coordinates":[[[-4.110458493232726,47.99581284517147],[-4.110769629478454,47.99557950844894],[-4.110791087150573,47.995482583653995],[-4.109653830528258,47.995066163945],[-4.109361469745636,47.995019496009576],[-4.109656512737274,47.9949100056877],[-4.110276103019714,47.994154336639305],[-4.110780358314513,47.994100488066174],[-4.111407995223998,47.99404304952623],[-4.111472368240356,47.993845604057576],[-4.111576974391937,47.99343994099673],[-4.111668169498443,47.99306299458614],[-4.111716449260712,47.992975040027474],[-4.112062454223633,47.99266271038322],[-4.112330675125122,47.99245628458076],[-4.112580120563507,47.992267808126904],[-4.113548398017884,47.99180648666392],[-4.114047288894652,47.99151569047084],[-4.114717841148376,47.99119976188535],[-4.114986062049866,47.99159108223379],[-4.115168452262878,47.991867517755644],[-4.11562442779541,47.99172032499976],[-4.11588191986084,47.99175263564069],[-4.115994572639465,47.991856747568235],[-4.116461277008057,47.991935728890404],[-4.11686897277832,47.991917778600516],[-4.116976261138916,47.99135772641986],[-4.117217659950256,47.99119976188534],[-4.117424506990012,47.99076043279507],[-4.117579145432797,47.99057129217903],[-4.118139043242875,47.9902536771323],[-4.118405661247674,47.99010022197113],[-4.118746932293815,47.98988252898298],[-4.119226844702454,47.98963628498791],[-4.119605442269268,47.989375764699545],[-4.119796210374904,47.98948416794177],[-4.119888057354355,47.989536359553334],[-4.120037363437043,47.98946498412447],[-4.119674762950516,47.98920089417932],[-4.120192001879825,47.988861857809226],[-4.120532870292664,47.98857532580309],[-4.119937419891357,47.988090634225074],[-4.119926691055297,47.987968563036],[-4.119964241981506,47.987903936995494],[-4.120211005210876,47.98780340743829],[-4.120253920555114,47.98784649155821],[-4.120409488677978,47.987774684671706],[-4.120275378227233,47.987656203090545],[-4.120543599128722,47.98749104649328],[-4.120629429817199,47.98755567305081],[-4.120924472808838,47.987397696878446],[-4.121106863021851,47.9872648529047],[-4.121412634849548,47.98717509326942],[-4.121224880218506,47.98703147752826],[-4.121605753898621,47.98677655860352],[-4.121342897415161,47.98662217047356],[-4.121482372283936,47.986413925287636],[-4.121525287628173,47.98629903103229],[-4.121487736701964,47.985692241504154],[-4.121729135513306,47.98567069854954],[-4.121696949005126,47.98531882901811],[-4.121530652046203,47.985308057463996],[-4.121530652046204,47.98478024855907],[-4.12160038948059,47.984604311058064],[-4.121385812759399,47.98460072049057],[-4.121455550193786,47.98445350700846],[-4.121552109718321,47.984288340162905],[-4.121804237365722,47.98427756839375],[-4.121965169906616,47.983907736289304],[-4.121793508529663,47.983785655207086],[-4.121637940406799,47.98360971431602],[-4.121487736701965,47.983333234561286],[-4.121423363685607,47.98309266006332],[-4.121337532997131,47.98290953544021],[-4.121401906013489,47.982715638072335],[-4.121471643447875,47.98258996346341],[-4.121552109718323,47.982471469980474],[-4.121257066726685,47.982378111287204],[-4.121734499931335,47.98190054302298],[-4.121482372283935,47.98185027242237],[-4.121723771095275,47.98163482643669],[-4.12134826183319,47.981548647790646],[-4.121391177177428,47.981466059786534],[-4.121814966201781,47.98153428466898],[-4.121900796890258,47.98118597774525],[-4.121664762496948,47.98115725129611],[-4.121750593185425,47.98095616570462],[-4.121981263160705,47.98101002799344],[-4.12237286567688,47.98039240370938],[-4.121546745300293,47.98040317628928],[-4.12109613418579,47.980460630010775],[-4.12059187889099,47.980974119807136],[-4.120312929153442,47.98140142560418],[-4.119910597801208,47.98215189529173],[-4.119663834571838,47.98281976823081],[-4.119674563407898,47.98297775841494],[-4.119637012481689,47.98354149217649],[-4.119470715522766,47.983803608325516],[-4.119926691055297,47.983810789571145],[-4.120017886161803,47.98411958218789],[-4.119958877563477,47.98437451423522],[-4.120232462882995,47.98438528598414],[-4.120275378227233,47.98475152411007],[-4.120071530342101,47.984722799645084],[-4.119755029678345,47.98580713711021],[-4.119481444358827,47.98675860651912],[-4.119578003883362,47.98711046623534],[-4.119663834571838,47.98739051613185],[-4.119325876235962,47.987419239112235],[-4.119282960891725,47.987541311600566],[-4.119089841842652,47.98807627292369],[-4.118939638137816,47.9886040481241],[-4.118741154670714,47.988568145220334],[-4.118725061416625,47.98874047893065],[-4.118263721466064,47.98887690937654],[-4.117974042892455,47.98893435366691],[-4.117861390113831,47.988941534198716],[-4.117292761802673,47.98884459693511],[-4.116316437721252,47.98865072186166],[-4.116037487983704,47.98860763841311],[-4.115554690361023,47.98852865199734],[-4.115356206893921,47.98849992963435],[-4.115211367607117,47.988489158744116],[-4.114910960197448,47.98835990788592],[-4.114412069320679,47.988072682597725],[-4.113247990608215,47.989124637422094],[-4.113151431083679,47.989077964113115],[-4.112196564674377,47.990208882412226],[-4.111526012420654,47.990704324526995],[-4.110866189002991,47.99114950034115],[-4.108607769012451,47.9924706446633],[-4.108039140701295,47.992826055432964],[-4.10789966583252,47.99276861547441],[-4.106429815292358,47.99359789867388],[-4.10588264465332,47.9940789486212],[-4.105432033538817,47.99423690434227],[-4.104981422424316,47.99435896070465],[-4.104391336441039,47.99453845483071],[-4.103972911834717,47.99379893501823],[-4.103752970695495,47.99340404145721],[-4.103441834449768,47.9934291711375],[-4.103114604949951,47.99346148070844],[-4.102824926376342,47.99349379025917],[-4.10240113735199,47.99352250984283],[-4.102057814598083,47.99353686962866],[-4.101446270942688,47.99351174000083],[-4.101285338401794,47.993515329948416],[-4.10063087940216,47.99347943046134],[-4.10015881061554,47.993450710853715],[-4.099842309951782,47.993425581183914],[-4.099434614181518,47.99318864369561],[-4.09912884235382,47.993386091678076],[-4.099064469337462,47.99356558918835],[-4.098849892616272,47.993526099789655],[-4.098860621452332,47.99335378205993],[-4.098318815231323,47.99337891176469],[-4.098318815231323,47.993030684765685],[-4.0976482629776,47.993030684765685],[-4.097610712051392,47.99309530438637],[-4.097331762313843,47.99310248433923],[-4.097310304641724,47.99302709478438],[-4.09713327884674,47.993030684765685],[-4.097117185592651,47.99308453445521],[-4.096956253051758,47.993077354499846],[-4.096956253051759,47.993174283812884],[-4.096199870109559,47.99321915843318],[-4.095717072486877,47.9930845344552],[-4.095639288425446,47.99305222464823],[-4.095175266265869,47.992962475078265],[-4.09513771533966,47.99309889436292],[-4.09464418888092,47.99298760497359],[-4.094689786434173,47.99276861547442],[-4.093705415725709,47.992738100470426],[-4.093329906463623,47.99271835545823],[-4.093329906463623,47.99256757511598],[-4.092841744422913,47.99255680507467],[-4.092675447463989,47.99254962504588],[-4.092541337013246,47.99252090492075],[-4.092423319816589,47.99246705464304],[-4.092385768890381,47.992237292826765],[-4.092192649841309,47.99221934264179],[-4.092165827751161,47.9923162735665],[-4.091961979866028,47.99228396327849],[-4.091688394546509,47.99224447289901],[-4.091511368751525,47.99223370279027],[-4.091355800628661,47.99223370279027],[-4.091358482837675,47.99216728707003],[-4.090787172317504,47.992154721924166],[-4.090685248374938,47.99223908784492],[-4.090599417686462,47.992136771710456],[-4.090561866760253,47.992048815573064],[-4.090564548969268,47.99199855485582],[-4.090341925621033,47.99203804542348],[-4.09015953540802,47.99200932501361],[-4.089958369731902,47.99198778469573],[-4.089558720588683,47.99195367917404],[-4.088778197765349,47.991867517755644],[-4.0879225730896,47.991714939890976],[-4.08700793981552,47.991580311988685],[-4.086297154426575,47.991524665686484],[-4.086189866065979,47.99152287064348],[-4.085980653762816,47.991605442557116],[-4.085819721221924,47.99135054622423],[-4.085334241390227,47.99142593822846],[-4.084832668304443,47.99150133012254],[-4.084607362747192,47.991506715253635],[-4.084462523460388,47.99149235490284],[-4.084312319755554,47.99146363418928],[-4.084210395812988,47.99142414318202],[-4.084087014198303,47.99137208680811],[-4.083923399448395,47.99126797390276],[-4.08382147550583,47.99119796683104],[-4.083727598190309,47.991110009093504],[-4.083403050899507,47.990759971713786],[-4.083352088928223,47.99073125059262],[-4.083266258239746,47.990715094954936],[-4.083204567432404,47.99073304566315],[-4.083204567432404,47.99115668056474],[-4.083196520805359,47.99134695612604],[-4.083212614059448,47.99144927382649],[-4.082826375961303,47.99152287064348],[-4.082410633563994,47.99160005743634],[-4.081965386867522,47.99168621930131],[-4.081581830978393,47.99176340584983],[-4.081195592880249,47.99182623202502],[-4.080675244331359,47.99182084692729],[-4.079170525074004,47.991808281697054],[-4.07880574464798,47.99173109521565],[-4.078178107738495,47.99161441775714],[-4.077102541923523,47.991393627383005],[-4.076885282993317,47.991345161076865],[-4.076775312423706,47.99135234127324],[-4.076276421546936,47.99169339945022],[-4.076735079288483,47.991896238244436],[-4.077142775058746,47.992072150889435],[-4.077504873275756,47.99220139245057],[-4.077719449996948,47.992267808126904],[-4.077724814414978,47.992309093504254],[-4.078961312770844,47.99252808495354],[-4.078990817070007,47.992555010067576],[-4.079079329967498,47.992563985102464],[-4.079114198684691,47.99252628994544],[-4.080004692077637,47.99251551989551],[-4.080010056495666,47.99249218477963],[-4.081195592880249,47.9924814147226],[-4.082668125629424,47.992598090220795],[-4.083341360092163,47.99265373536551],[-4.084481298923492,47.99283323542329],[-4.085656106472015,47.99301811983003],[-4.086932837963104,47.99322813335255],[-4.088636040687561,47.99349379025918],[-4.089971780776977,47.99370918674701],[-4.091009795665741,47.99387791336779],[-4.091066122055054,47.99392637729517],[-4.091433584690094,47.993987405879714],[-4.092849791049956,47.99420459525683],[-4.093565940856934,47.994330241586525],[-4.094086289405824,47.99445588761027],[-4.094730019569397,47.99465333074371],[-4.095046520233154,47.994807694849065],[-4.095287919044495,47.99496564833932],[-4.095368385314941,47.99505898426537],[-4.09540593624115,47.99516667935487],[-4.095363020896912,47.995421556837854],[-4.095722436904906,47.99561181667346],[-4.09338355064392,47.995963616031005],[-4.093480110168456,47.99600669333851],[-4.094665646553039,47.996114386449946],[-4.095448851585387,47.99617182268413],[-4.095625877380371,47.99618618173268],[-4.096961617469788,47.996089258077376],[-4.096830189228057,47.99616105339509],[-4.097009897232054,47.996356695128824],[-4.096733629703521,47.996397977234736],[-4.096248149871825,47.9964877208293],[-4.096248149871825,47.99652361822341],[-4.096178412437438,47.99663848971675],[-4.096355438232421,47.99669592536753],[-4.096307158470154,47.99679823246208],[-4.09629911184311,47.9968359244984],[-4.096398353576661,47.99687541136407],[-4.096446633338929,47.997137459797756],[-4.096189141273498,47.99726130414232],[-4.096055030822754,47.997318739099775],[-4.095867276191711,47.997397712061876],[-4.095743894577026,47.99745694170411],[-4.095478355884552,47.997598733601734],[-4.095301330089569,47.997688475107736],[-4.095100164413452,47.997747704416184],[-4.094209671020509,47.997952314231284],[-4.093860983848572,47.998049234386805],[-4.093345999717713,47.99836871064724],[-4.092873930931091,47.99855895961533],[-4.092385768890379,47.99872049120734],[-4.091795682907104,47.998831768232066],[-4.091393351554871,47.998925097164516],[-4.091017842292787,47.99896458243127],[-4.090288281440735,47.99902201549259],[-4.089628458023071,47.99900765723326],[-4.088947176933289,47.99913688142344],[-4.088716506958009,47.999212262051564],[-4.088534116744996,47.999208672500345],[-4.088711142539978,47.99969325965645],[-4.088802337646485,47.999836840161905],[-4.088872075080872,47.9999122197673],[-4.088957905769348,48.000052210170836],[-4.089033007621765,48.000378852968474],[-4.089472889900208,48.00024963188919],[-4.089682102203369,48.00033936878414],[-4.089741110801697,48.00024963188919],[-4.089982509613037,48.00017066329251],[-4.090003967285156,48.000213737087506],[-4.090186357498168,48.00015630535285],[-4.090218544006348,48.00020296864212],[-4.090797901153564,48.00003426270443],[-4.090765714645386,47.999991188759594],[-4.091704487800598,47.99971479675774],[-4.092096090316772,47.999589163540115],[-4.092101454734803,47.99955685780615],[-4.092444777488708,47.999467119550054],[-4.09241259098053,47.999413276521466],[-4.092718362808228,47.99934866481299],[-4.092782735824585,47.999413276521466],[-4.093045592308044,47.99933430664456],[-4.09339427947998,47.99906867980786],[-4.093989729881286,47.998842536963664],[-4.09413993358612,47.998820999498236],[-4.094316959381104,47.998831768232066],[-4.094762206077576,47.99849434683691],[-4.094874858856201,47.99830050801616],[-4.0956312417984,47.99806359291287],[-4.096253514289855,47.99786257318423],[-4.096747040748596,47.997693859593134],[-4.097235202789307,47.9976328353924],[-4.097449779510498,47.9976328353924],[-4.097530245780945,47.99774411476306],[-4.098082780838013,47.99790923854817],[-4.098275899887085,47.998070772174415],[-4.098447561264038,47.9980276965902],[-4.099203944206238,47.99798462097002],[-4.099434614181518,47.998192819467725],[-4.099600911140442,47.99822512605586],[-4.100775718688965,47.99904355287411],[-4.100979566574096,47.999492246277484],[-4.100716710090636,48.00000913624099],[-4.100716710090636,48.00008810508492],[-4.100866913795471,48.00020655812417],[-4.101220965385436,48.000360905615715],[-4.101687669754028,47.999721975789505],[-4.102095365524292,47.99960352163762],[-4.102776646614076,47.99949224627748],[-4.102942943572999,47.999822482129346],[-4.103356003761292,48.000141947409205],[-4.103726148605347,48.00020655812417],[-4.103785157203675,48.000192200194505],[-4.103978276252747,48.000242452930856],[-4.104343056678772,48.00027116875822],[-4.104369878768921,48.000170663292515],[-4.105507135391235,48.00015630535286],[-4.105786085128784,48.00014912638154],[-4.10589337348938,48.00012399997402],[-4.105796813964844,47.99991580926959],[-4.105721712112427,47.99982966114613],[-4.10614013671875,47.99970402820822],[-4.106703400611877,47.99956044733314],[-4.106810688972473,47.999556857806134],[-4.107781648635864,47.999047142436815],[-4.108597040176392,47.99978658703045],[-4.109970331192017,48.001251086787484],[-4.110345840454102,48.000935217807346],[-4.11035656929016,48.00084907138619],[-4.110512137413024,48.00089932348268],[-4.110710620880126,48.000762924821174],[-4.110844731330871,48.00070549369792],[-4.11089301109314,48.00072344093081],[-4.111059308052062,48.000637294156014],[-4.111177325248717,48.00072344093081],[-4.111247062683105,48.000701904250604],[-4.111316800117492,48.00077369314968],[-4.111467003822326,48.000701904250604],[-4.11160111427307,48.00081317700159],[-4.111933708190916,48.000823945319596],[-4.111946416583314,48.00064436581246],[-4.112067818641662,48.00065524141263],[-4.112078547477721,48.00080958756176],[-4.112239480018614,48.000823945319596],[-4.112491607666015,48.00078805091751],[-4.112904667854309,48.000727030376645],[-4.113875627517699,48.000421926589645],[-4.114530086517333,48.00020296864212],[-4.114760756492615,48.000123999974015],[-4.114353060722351,47.999477888149016],[-4.113999009132385,47.999578394964374],[-4.113907814025879,47.999477888149016],[-4.113580584526062,47.99949942534022],[-4.113569855690002,47.99956762638638],[-4.113285541534423,47.999650185426894],[-4.113151431083679,47.999790176541474],[-4.11237895488739,47.99973633385005],[-4.112314581871034,47.99974351287882],[-4.112218022346497,47.9997327443353],[-4.111987352371217,47.999675312065186],[-4.111574292182923,47.99953173111017],[-4.111467003822328,47.99951737299269],[-4.111322164535522,47.999564036859894],[-4.11114513874054,47.999380970677336],[-4.111413359642029,47.998878432719394],[-4.111284613609314,47.99778001128305],[-4.110592603683472,47.996864642221894],[-4.11088764667511,47.9966564383645],[-4.110984206199646,47.99662054106279],[-4.111354351043701,47.99664207944681],[-4.111263155937195,47.99603541152354],[-4.111520648002623,47.99602823197877],[-4.111509919166564,47.99592053868751],[-4.111145138740539,47.99589182043855],[-4.110458493232726,47.99581284517147]]]}},{"type":"Feature","properties":{"Label":"OPAH RU DOUARNENEZ","Type":"OPAH-RU","Date_debut":"2022-07-01","Date_fin":"2027-07-01","Maitre_ouvrage":"LE VICE PRÉSIDENT DE DOUARNENEZ CTÉ","Code":"029OPA035","Operateur":"URBANIS","Departement":"29","Territoire":"CG"},"geometry":{"type":"MultiPolygon","coordinates":[[[[-4.329502433974995,48.097101559234154],[-4.330060333450096,48.09645188570701],[-4.330661148269427,48.096461440078386],[-4.331018775264963,48.09660475106218],[-4.331376403570179,48.097034681616755],[-4.331662505428542,48.097034681616755],[-4.332678169448628,48.09683404780536],[-4.332978576858299,48.0969295876674],[-4.333307594060901,48.09718754480179],[-4.333464949886545,48.09764613206733],[-4.333765357296215,48.09774167042032],[-4.33435186787392,48.09766523992709],[-4.335124344070211,48.09715888296187],[-4.335381836135642,48.09668118313193],[-4.33486685200478,48.094932764437885],[-4.334094375371936,48.09363335494805],[-4.333736747939836,48.092935863767366],[-4.333278983831406,48.09218103398486],[-4.332334846258163,48.09033691047594],[-4.331347792904129,48.087737825796275],[-4.331576675176617,48.08689691704444],[-4.330918639461739,48.086705799859445],[-4.330588504890326,48.08705122921272],[-4.330452606300239,48.08691744767378],[-4.330037757754329,48.08695089307289],[-4.328879043459889,48.087916024613904],[-4.328707382082938,48.08808802603586],[-4.328671619514356,48.088355583405075],[-4.328542873481636,48.088522805725994],[-4.328192397952078,48.088785582935174],[-4.328263923744087,48.089206023370984],[-4.328886196235547,48.089038803052894],[-4.32904355206119,48.08933024384548],[-4.328113720039256,48.089339799102746],[-4.327591583132747,48.089335021474305],[-4.327062294105415,48.089320688367714],[-4.326296970029946,48.088780805036585],[-4.325596018970828,48.089206023370984],[-4.325238391975293,48.08938757623729],[-4.324966594358555,48.08869480548306],[-4.324344321867104,48.088790360687504],[-4.324372932314874,48.08892891516712],[-4.324251339057811,48.088957581594755],[-4.323950931648142,48.08921080108425],[-4.323364421725273,48.0889862480064],[-4.323235675692562,48.08911046901175],[-4.324766323188672,48.089712458510924],[-4.324723407407868,48.08977934587096],[-4.325374290347098,48.090132891369265],[-4.324988052248957,48.0903861050718],[-4.325181171298028,48.09049121217716],[-4.325460121035578,48.090285775292244],[-4.325603171964759,48.09057243121314],[-4.325874969581488,48.09058198653123],[-4.325932189822199,48.09072053632974],[-4.325846359133719,48.09153749479305],[-4.32577483334171,48.092215894808476],[-4.324415847440831,48.09230188861961],[-4.323164150337107,48.092292333694004],[-4.322005436042676,48.09222067224213],[-4.322091266731147,48.09234966278361],[-4.322220012763866,48.09244521119712],[-4.32304970941914,48.09263152965914],[-4.323128387331962,48.092856067038745],[-4.323707744479182,48.092856067038745],[-4.324158355593683,48.09373987356562],[-4.324601813932534,48.094461239790164],[-4.324587509254346,48.09563642363567],[-4.324580356478687,48.09681158076735],[-4.324902221560477,48.09719373997343],[-4.325102493385206,48.09728450227724],[-4.325281306882969,48.0972797253869],[-4.325596019843946,48.09726539449466],[-4.32620398678409,48.097098200383556],[-4.326919242739679,48.09680680383314],[-4.32752005755901,48.09632910095056],[-4.328156634946932,48.09672559457094],[-4.329007789710889,48.097093423475904],[-4.329502433974995,48.097101559234154]]],[[[-4.339464828590279,48.09847872911531],[-4.339893982032659,48.09888953682047],[-4.340137168546791,48.0988704296344],[-4.340680763125421,48.09868891024741],[-4.340673610349771,48.09861248094362],[-4.341081306120032,48.09847395233599],[-4.34182517252339,48.09831153916861],[-4.342268630862232,48.09874145545082],[-4.343570396085855,48.098196894219534],[-4.343620463987462,48.0979962648706],[-4.343713447451591,48.09791505748718],[-4.343506023506049,48.097518573039665],[-4.34315554797649,48.09729883312773],[-4.343255683561441,48.097217624861386],[-4.34356324374676,48.09720807084922],[-4.34412829599751,48.09704565368285],[-4.343970939517021,48.09685457377522],[-4.343949481844901,48.096615723220026],[-4.34442870340717,48.09631476975687],[-4.344392940183753,48.096176234739424],[-4.343105479856602,48.09652018233737],[-4.342948124030959,48.097083869404244],[-4.341975376009939,48.09759978083066],[-4.341288730502128,48.09774308864147],[-4.340380355497469,48.0979962648706],[-4.340280219257691,48.09789594993896],[-4.339779540678138,48.0979962648706],[-4.339901134590035,48.0981730096772],[-4.339464828590279,48.09847872911531]]]]}},{"type":"Feature","properties":{"Label":"OPAH RU LANDERNEAU","Type":"OPAH-RU","Date_debut":"2026-04-01","Date_fin":"2031-03-31","Maitre_ouvrage":"POUR LE PRÉSIDENT DE LA CAPLD, LA VICE-PRÉSIDENTE","Code":"029OPA048","Operateur":null,"Departement":"29","Territoire":"DL"},"geometry":{"type":"Polygon","coordinates":[[[-4.26794611948702,48.44598750161909],[-4.25250428575437,48.45462746332875],[-4.251601205188661,48.455602451076665],[-4.251939336785372,48.4557201606912],[-4.252515822116313,48.45552520391234],[-4.252693202218137,48.45563187850589],[-4.25417321830222,48.455157358722346],[-4.254245279091367,48.45501389847583],[-4.255121093753401,48.45479318976315],[-4.255276301506211,48.4550690757757],[-4.255625518622613,48.454966078448436],[-4.255825071728288,48.45509850351407],[-4.255642147884378,48.45517575111036],[-4.256035710353644,48.455528882429036],[-4.256905981601021,48.45525299902364],[-4.257870486641386,48.45538174481386],[-4.258397083859611,48.45490722280111],[-4.258025694066777,48.4547122629006],[-4.25804786674321,48.45434073354413],[-4.257666642308715,48.45413942294528],[-4.258287473319929,48.45426449338586],[-4.259484789334683,48.453970209965995],[-4.259673255611014,48.454345420744836],[-4.260172137392967,48.454889839229196],[-4.260759709225832,48.45474269954477],[-4.260382776673151,48.45396285292384],[-4.259795204840294,48.45329335240943],[-4.260349517494792,48.452881347437554],[-4.260815140753214,48.451983754222944],[-4.264019070725094,48.45096106730586],[-4.264830880220879,48.450748070569304],[-4.266660113421354,48.45021832284738],[-4.266981615101472,48.450063812452505],[-4.267014873625013,48.449821008429176],[-4.269254298556527,48.44856282613947],[-4.269099090803727,48.44825379437058],[-4.269786438862012,48.447643082280855],[-4.269997078142194,48.44733404491506],[-4.269708834985606,48.447311970466146],[-4.269143435501764,48.447216315858704],[-4.268633467545305,48.44698821498105],[-4.26813458576336,48.44656880073571],[-4.26794611948702,48.44598750161909]]]}},{"type":"Feature","properties":{"Label":"OPAH RU LESNEVEN 2022 2027","Type":"OPAH-RU","Date_debut":"2022-09-01","Date_fin":"2027-08-31","Maitre_ouvrage":"POUR LA PRÉSIDENTE DE LA CTÉ LESNEVEN COTE DES LÉGENDES, LE VICE PRÉSIDENT EN CHARGE DE L'AMÉNAGEMENT","Code":"029OPA036","Operateur":"URBANIS","Departement":"29","Territoire":"CG"},"geometry":{"type":"Polygon","coordinates":[[[-4.327891990324134,48.568049074459424],[-4.327677413602942,48.56863597069767],[-4.327534362673759,48.56873536375323],[-4.327305481056102,48.56877322779522],[-4.327598735690117,48.567722492111216],[-4.327648803810008,48.56724444740739],[-4.327469989657403,48.566974657848235],[-4.325039237301098,48.56719571102085],[-4.322678893367993,48.56740396869985],[-4.320890754461288,48.56756489475682],[-4.319875091750873,48.56767848921029],[-4.319102615554584,48.56783941396036],[-4.318473189632641,48.568113932107],[-4.318072647292865,48.56853043947799],[-4.317721053957938,48.56904300783146],[-4.31764952816593,48.5695683646836],[-4.317642376045114,48.57051020692566],[-4.317563697477453,48.57131951469949],[-4.317470714668161,48.57147569541037],[-4.317012950778008,48.57183538241325],[-4.31612603344547,48.57233704709994],[-4.316097423434258,48.572715658480824],[-4.316662475685008,48.57400291628726],[-4.317027255892753,48.57467492745247],[-4.317642375608556,48.57519549347035],[-4.318722411990165,48.57610883705956],[-4.318944141050451,48.57626973526976],[-4.319780990263098,48.57619401860095],[-4.321898147682077,48.57605204940592],[-4.322506114622228,48.57600945856966],[-4.323650524020195,48.576080443276815],[-4.324437305440369,48.576056781646635],[-4.325317070106394,48.575933741366626],[-4.326246902128332,48.57581070071496],[-4.326704666018486,48.57565453339441],[-4.326890632291907,48.57545577428876],[-4.326983615756035,48.57515290184028],[-4.327055141548045,48.574797970579446],[-4.327806160072214,48.57451402395003],[-4.32821385540592,48.5747695761327],[-4.328871891120798,48.57502039454193],[-4.329601451972849,48.57528067633402],[-4.329608604093664,48.5746465328644],[-4.329565688749426,48.57316998855446],[-4.33002345263958,48.57291442843099],[-4.331031963229178,48.57244589818308],[-4.333413764834404,48.5716413408751],[-4.33317057788372,48.57135264390928],[-4.332941696266062,48.571144402491896],[-4.33262698330509,48.57103081582397],[-4.333220645785332,48.57086990094097],[-4.333606883883476,48.57076104639281],[-4.335037395139806,48.57055280232237],[-4.334944412330514,48.570074784590744],[-4.335237666964531,48.57009844880391],[-4.335108920931816,48.569880736368425],[-4.334815666297799,48.56917553065096],[-4.334572479128837,48.56867856774541],[-4.333528205970651,48.56939324633933],[-4.333048984408379,48.56972928356408],[-4.331976100802421,48.57025463328636],[-4.331797286649816,48.57011738042645],[-4.331861659666174,48.56979554426241],[-4.331911727786064,48.569151866005875],[-4.33190457544697,48.569009876891755],[-4.331976100584143,48.568640703704745],[-4.332047626376153,48.568228930432],[-4.3321620675124,48.56801594294076],[-4.331382438540458,48.56784081936483],[-4.3313180655241,48.56791181554078],[-4.331189319491386,48.56788341708236],[-4.3310319630109,48.567926014764005],[-4.331017658114433,48.568181600100345],[-4.329758808235055,48.56856497568283],[-4.329601451754569,48.56841351893767],[-4.329143687864415,48.56855077663901],[-4.328671619296075,48.567926014619566],[-4.327891990324134,48.568049074459424]]]}},{"type":"Feature","properties":{"Label":"OPAH RU MORLAIX","Type":"OPAH-RU","Date_debut":"2024-07-18","Date_fin":"2029-07-18","Maitre_ouvrage":"LE PRÉSIDENT DE MORLAIX COMMUNAUTÉ","Code":"029OPA043","Operateur":"CITEMETRIE AGENCE DE BREST","Departement":"29","Territoire":"DL"},"geometry":{"type":"Polygon","coordinates":[[[-3.834283167694034,48.58539900883966],[-3.836729342315616,48.584689706629696],[-3.833102995727482,48.581128859116404],[-3.830871397827092,48.57975268749142],[-3.828532511566106,48.57620568068676],[-3.825077826354924,48.5770995498577],[-3.828790003631535,48.58000806237674],[-3.834283167694034,48.58539900883966]]]}},{"type":"Feature","properties":{"Label":"OPAH RU MULTISITES BREST METROPOLE 2023 2028","Type":"OPAH-RU","Date_debut":"2023-09-01","Date_fin":"2028-08-31","Maitre_ouvrage":"POUR LE PRÉSIDENT DE BREST MÉTROPOLE, LA CONSEILLÈRE DÉLÉGUÉE","Code":"029OPA041","Operateur":"CITEMETRIE AGENCE DE BREST","Departement":"29","Territoire":"ME"},"geometry":{"type":"Polygon","coordinates":[]}},{"type":"Feature","properties":{"Label":"OPAH RU MULTISITES QUIMPERLE SCAER","Type":"OPAH-RU","Date_debut":"2025-09-01","Date_fin":"2030-08-31","Maitre_ouvrage":"LE PRÉSIDENT DE QUIMPERLÉ COMMUNAUTÉ","Code":"029OPA047","Operateur":"URBANIS","Departement":"29","Territoire":"DL"},"geometry":{"type":"Polygon","coordinates":[]}},{"type":"Feature","properties":{"Label":"OPAH RU MULTISITES SUR LES CENTRES VILLES DE CHATEAULIN ET PLEYBEN","Type":"OPAH-RU","Date_debut":"2024-06-10","Date_fin":"2029-06-10","Maitre_ouvrage":"LA PRÉSIDENTE DE LA CC PLEYBEN CHATEAULIN PORZAY","Code":"029OPA044","Operateur":"URBANIS","Departement":"29","Territoire":"DL"},"geometry":{"type":"MultiPolygon","coordinates":[[[[-4.104025210318474,48.195463059144956],[-4.105381335458333,48.19510805340768],[-4.106479967223098,48.194535458043894],[-4.10687478891396,48.1943522259139],[-4.107235278198461,48.194088828169534],[-4.108248079929583,48.1936307437152],[-4.109329546473421,48.19332153444799],[-4.109414421259792,48.19318390849322],[-4.109590373941972,48.19282316065685],[-4.11028131091873,48.19272295246165],[-4.110440097561438,48.192568345103844],[-4.110744796440046,48.19255116652826],[-4.110761962643228,48.19249963054857],[-4.110817752557992,48.192425189767405],[-4.110852084800637,48.19237938001897],[-4.110937915489117,48.19236506445052],[-4.111096702295542,48.192327843866494],[-4.111272655141432,48.19231066521031],[-4.111234031429848,48.192219045467716],[-4.111139617639782,48.19222477162451],[-4.110860667902232,48.19228203403103],[-4.110641799548394,48.19229348654836],[-4.110384307482964,48.19232498079394],[-4.110053859299579,48.192393695583405],[-4.109865031719447,48.192425189767405],[-4.109736285686736,48.19241660056556],[-4.10965903826356,48.192402285007525],[-4.109392487960954,48.19208131389466],[-4.108851755016453,48.19221874403495],[-4.107924783318976,48.1925909487958],[-4.107075059372091,48.19296315063463],[-4.106683933599554,48.19378085968604],[-4.105527034613713,48.193630101314156],[-4.104685893604715,48.19384769232558],[-4.103758922562064,48.19404237773095],[-4.103381266746965,48.19428287070269],[-4.101647487101669,48.19456917059582],[-4.102145305356775,48.194614978604996],[-4.100516132772275,48.19500294697252],[-4.100206817302939,48.195378602294475],[-4.099941067421412,48.195592714236724],[-4.099417499697838,48.19575303845008],[-4.099091343474528,48.19546674495361],[-4.098508229277746,48.19564925767469],[-4.098396649775625,48.19630772769544],[-4.098260121139798,48.196600031836276],[-4.097272653474831,48.19691387244499],[-4.096585324553248,48.19719345653498],[-4.096417954727091,48.197244987739126],[-4.096013749965999,48.19741550454918],[-4.09562536605153,48.1975343119784],[-4.094935527524738,48.197729815358954],[-4.094447358861517,48.19778314857813],[-4.093895818536553,48.197797462632856],[-4.093646909572717,48.19775595189592],[-4.093425895648116,48.19772016672261],[-4.093241398607384,48.197670483937074],[-4.093095486371492,48.19761752177246],[-4.092910950424018,48.197542972261644],[-4.092795078961832,48.1974756958246],[-4.092704956804413,48.19739983071427],[-4.092719977109411,48.197319671465266],[-4.092973243630999,48.19707439169467],[-4.093563818462292,48.19669607241357],[-4.095469259484538,48.195762767219335],[-4.096114809591441,48.1956184060238],[-4.096775705630775,48.19545235559368],[-4.09735077098163,48.19538937092751],[-4.097685510797655,48.19526912696106],[-4.09799021000368,48.19499141996917],[-4.098213369007921,48.1943214811885],[-4.098221952600634,48.19393783706907],[-4.098058874161561,48.193342324069704],[-4.097852880378258,48.1929128633475],[-4.095761957313201,48.193496888278055],[-4.0952040578381,48.1928154775583],[-4.093822183884592,48.192030985363616],[-4.093667688383405,48.1919565436832],[-4.093538942350685,48.19193363849539],[-4.093315782691618,48.192030985363616],[-4.093229952003138,48.1921512367108],[-4.093187036658898,48.19225430888227],[-4.093367280973735,48.19278684666108],[-4.090668158069202,48.19281741402738],[-4.090577807901031,48.19344130520772],[-4.090591832954065,48.193654363380915],[-4.090518876999827,48.19401224249635],[-4.089496340702358,48.194403281606704],[-4.088899931362789,48.19466686445568],[-4.088569483179414,48.19483148591057],[-4.088116726330439,48.1950089900994],[-4.087945064953488,48.19515965350428],[-4.087743272059487,48.19533943259511],[-4.087640275167835,48.19522491455142],[-4.087550153010415,48.19524495524938],[-4.087176789646509,48.195092502853534],[-4.086713303142929,48.19532153927685],[-4.087477196401343,48.19658122108593],[-4.08750294586982,48.196718639157254],[-4.087148795534519,48.19698403073239],[-4.086659560217307,48.19715580180424],[-4.086719642092137,48.19727031553221],[-4.086785087730166,48.19736622075716],[-4.086931000293476,48.19754371611005],[-4.086956749107118,48.197835723312195],[-4.086263304884106,48.19836070102586],[-4.086349135572577,48.198681331191004],[-4.086829786642248,48.19840650520841],[-4.089301710732308,48.197478957397216],[-4.089713698298925,48.1976850796621],[-4.090144834529805,48.19817242011591],[-4.090269289093585,48.19841289381165],[-4.090198479037522,48.19946638469155],[-4.090310058539641,48.19946065934403],[-4.090358704110184,48.19904454134722],[-4.090574328146172,48.19857903941113],[-4.09070736564783,48.19835860597533],[-4.090909067962195,48.198226917897955],[-4.091475550375173,48.1979492268286],[-4.091836039332256,48.19777173277139],[-4.092256609509341,48.19813244587668],[-4.092820273268515,48.1982792328574],[-4.093641657482102,48.19837171708546],[-4.094182391081438,48.198383168241676],[-4.095224843701056,48.19830408852794],[-4.096065984546346,48.19810655612934],[-4.097245810279028,48.19776068638624],[-4.098368544245473,48.19741663886092],[-4.098630327779842,48.1977143724945],[-4.098771948546795,48.197797394056714],[-4.099068064487518,48.197811708107444],[-4.100918257413027,48.19648305967469],[-4.101511352245959,48.19603962092573],[-4.10212298781608,48.19584311319486],[-4.102466310569981,48.1958574277916],[-4.102891172543423,48.19561980488045],[-4.103235568246419,48.19581806242248],[-4.104025210318474,48.195463059144956]]],[[[-3.966092341563753,48.228988331248345],[-3.967178099249111,48.22890392956525],[-3.96772741644117,48.228732264961984],[-3.968173735759314,48.22845760066096],[-3.968599675209434,48.22791699358761],[-3.969320653123607,48.228040021883125],[-3.969908417500023,48.22807496011246],[-3.970140160751812,48.22805779344364],[-3.970209000618366,48.22796348677269],[-3.970294831306845,48.22794059790255],[-3.97064673732605,48.227883375354985],[-3.970895646126176,48.22780326315703],[-3.97131621663068,48.22775748548149],[-3.971954998074722,48.22776254639921],[-3.972062286435321,48.22698717278583],[-3.972062286435321,48.22682980758533],[-3.971766170658299,48.226852697279696],[-3.971812022011945,48.22616349798921],[-3.971575987618626,48.22615118460876],[-3.971610320024988,48.22554173990358],[-3.971541436294849,48.22520203461091],[-3.971562893966969,48.22482434427485],[-3.971683254827853,48.22451694757087],[-3.971862735348952,48.22401860285506],[-3.972082676488167,48.22404042040979],[-3.972168879325313,48.22373714257267],[-3.971415715230377,48.22370878525297],[-3.971523003590977,48.22341120265972],[-3.97169465034472,48.22305733592584],[-3.971942726328518,48.22263851517054],[-3.971981350040107,48.222595593819825],[-3.971994224610635,48.22257556382201],[-3.972019973915405,48.222531211726285],[-3.972221675902362,48.22243392303212],[-3.972271028450011,48.22246969093985],[-3.97255832189308,48.22239921030584],[-3.972700181728682,48.22235809494145],[-3.972876134574575,48.22231517335561],[-3.972936216121993,48.222298004645694],[-3.973013463872589,48.222280835820875],[-3.973099294561065,48.22225508300947],[-3.973296705079078,48.22219785410519],[-3.973470105678934,48.22217928571246],[-3.973646058606688,48.22215639414635],[-3.973549499082148,48.221914601101844],[-3.973355843599461,48.22195180008093],[-3.97324855523887,48.22197755326323],[-3.973136975245624,48.221903155097166],[-3.973042561619267,48.22184020295345],[-3.972720696537477,48.22204908969147],[-3.972103658869411,48.222416754471155],[-3.972017828180935,48.22247112163377],[-3.971646152587471,48.22282614208024],[-3.971513115085817,48.223055054394614],[-3.971255623020387,48.22301499485989],[-3.971122585518732,48.223229599495156],[-3.970556103105754,48.22324104498494],[-3.970306279949582,48.22326285960047],[-3.970269801808754,48.22339448325701],[-3.970289113746403,48.22346029493106],[-3.970168950815278,48.22356187366505],[-3.9700877106393,48.22382670682036],[-3.969562771414197,48.22404186587906],[-3.968767069365402,48.22447786539508],[-3.967625521601566,48.224380580400776],[-3.967237756445281,48.224325390623385],[-3.967229173507406,48.22469163936929],[-3.967272088851638,48.22526389743345],[-3.967435166635865,48.22660295711738],[-3.966900400030875,48.226544553851824],[-3.965303949356179,48.22637860367368],[-3.965192369199225,48.22703095597228],[-3.966016343677632,48.22709962420903],[-3.966694406247564,48.22728273854729],[-3.967037226570501,48.22732690359542],[-3.967820335361073,48.2272191992106],[-3.967805411297852,48.227564379309854],[-3.967760253813656,48.22771131743704],[-3.96770763574863,48.22784376981733],[-3.967642419338918,48.227970798159156],[-3.967583181184854,48.22808982657381],[-3.967501642292737,48.22824718779084],[-3.96744585221426,48.22829582652727],[-3.967269623185498,48.22839547074135],[-3.966698848976155,48.22853280346113],[-3.966010802671639,48.22854915559174],[-3.966092341563753,48.228988331248345]]]]}},{"type":"Feature","properties":{"Label":"PACTE TERRITORIAL BREST METROPOLE PIG COPROPRIETES","Type":"PIG","Date_debut":"2025-01-01","Date_fin":"2029-12-31","Maitre_ouvrage":null,"Code":"029PTA005","Operateur":null,"Departement":"29","Territoire":"ME"},"geometry":{"type":"Polygon","coordinates":[]}},{"type":"Feature","properties":{"Label":"PACTE TERRITORIAL BREST METROPOLE PIG LHI ENERGIE ADAPTATION","Type":"PIG","Date_debut":"2025-01-01","Date_fin":"2029-12-31","Maitre_ouvrage":null,"Code":"029PTA008","Operateur":"AGENCE MAITRISE ENERGIE BREST SA REGION ENEREGENCE","Departement":"29","Territoire":"ME"},"geometry":{"type":"Polygon","coordinates":[]}},{"type":"Feature","properties":{"Label":"PACTE TERRITORIAL CA MORLAIX COMMUNAUTE PIG","Type":"PIG","Date_debut":"2025-01-01","Date_fin":"2029-12-31","Maitre_ouvrage":null,"Code":"029PTA006","Operateur":"MORLAIX COMMUNAUTE","Departement":"29","Territoire":"DL"},"geometry":{"type":"Polygon","coordinates":[]}},{"type":"Feature","properties":{"Label":"PACTE TERRITORIAL CC DU PAYS DE LANDERNEAU DAOULAS PIG","Type":"PIG","Date_debut":"2025-01-01","Date_fin":"2029-12-31","Maitre_ouvrage":null,"Code":"029PTA004","Operateur":"SOLIHA ANTENNE DE BREST","Departement":"29","Territoire":"DL"},"geometry":{"type":"Polygon","coordinates":[]}},{"type":"Feature","properties":{"Label":"PACTE TERRITORIAL CC DU PAYS FOUESNANTAIS PIG","Type":"PIG","Date_debut":"2025-01-01","Date_fin":"2029-12-31","Maitre_ouvrage":null,"Code":"029PTA002","Operateur":"CC DU PAYS FOUESNANTAIS","Departement":"29","Territoire":"DL"},"geometry":{"type":"Polygon","coordinates":[]}},{"type":"Feature","properties":{"Label":"PACTE TERRITORIAL CC PRESQU'ILE DE CROZON AULNE MARITIME PIG","Type":"PIG","Date_debut":"2026-01-01","Date_fin":"2029-12-31","Maitre_ouvrage":null,"Code":"029PTA007","Operateur":"CITEMETRIE AGENCE DE BREST","Departement":"29","Territoire":"DL"},"geometry":{"type":"Polygon","coordinates":[]}},{"type":"Feature","properties":{"Label":"PACTE TERRITORIAL QUIMPERLE COMMUNAUTE PIG","Type":"PIG","Date_debut":"2025-01-01","Date_fin":"2029-12-31","Maitre_ouvrage":null,"Code":"029PTA001","Operateur":"CITEMETRIE AGENCE DE BREST","Departement":"29","Territoire":"DL"},"geometry":{"type":"Polygon","coordinates":[]}},{"type":"Feature","properties":{"Label":"PACTE TERRITORIAL SI OUEST CORNOUAILLE AMENAGEMENT SIOCA PIG","Type":"PIG","Date_debut":"2025-01-01","Date_fin":"2029-12-31","Maitre_ouvrage":null,"Code":"029PTA003","Operateur":"SIOCA","Departement":"29","Territoire":"DL"},"geometry":{"type":"Polygon","coordinates":[]}},{"type":"Feature","properties":{"Label":"PIG LOGEMENTS VACANTS DE CCA","Type":"PIG","Date_debut":"2024-12-16","Date_fin":"2027-12-15","Maitre_ouvrage":"LE PRÉSIDENT DE CONCARNEAU CORNOUAILLE AGGLOMÉRATION","Code":"029PIG021","Operateur":"URBANIS","Departement":"29","Territoire":"DL"},"geometry":{"type":"MultiPolygon","coordinates":[[[[-3.79963103842268,47.82361486867102],[-3.79986707281599,47.823333908551476],[-3.80181582052663,47.82174792778481],[-3.801907015633136,47.82128324543799],[-3.801563692879225,47.8208149566946],[-3.801139903854878,47.82082216116875],[-3.799680782150777,47.82121840571009],[-3.799283815216568,47.8208473768206],[-3.79918725569201,47.82055199270214],[-3.798586440872679,47.82015574307434],[-3.798377228569513,47.82019897045343],[-3.798012448143484,47.82023499324189],[-3.797154190348948,47.81985660437436],[-3.796451451587044,47.8189380087668],[-3.796311976718272,47.81870745672945],[-3.796059849070869,47.81841566283936],[-3.795845535852168,47.81822682519759],[-3.795362971858045,47.81765035987805],[-3.795006238059066,47.81722887070664],[-3.794805072382953,47.817084771059776],[-3.794555626944565,47.81695327978307],[-3.794357966946508,47.816810285384996],[-3.794218492077729,47.81667879341309],[-3.794038784073735,47.81657792263365],[-3.79379738526239,47.816455436423645],[-3.793698143528842,47.81638158430455],[-3.793494295643712,47.81622847591799],[-3.794178258942505,47.81609157862532],[-3.794315470535014,47.81604664132056],[-3.794728530723309,47.81585750614563],[-3.795126512118457,47.81569486845141],[-3.794946247157316,47.815491971976016],[-3.794900649604068,47.81532625180417],[-3.795040124472839,47.815140716636385],[-3.795260065612063,47.81496959137933],[-3.795535560845364,47.81415652369676],[-3.795481916665065,47.81397098434933],[-3.795345124005303,47.813783642976446],[-3.794618245362268,47.81388812190237],[-3.794018759795272,47.81400882773871],[-3.793337478705486,47.8140880872891],[-3.792661562033736,47.81431865983871],[-3.79226995951756,47.81441232964456],[-3.79206323610263,47.81444668494028],[-3.791953265533023,47.81418549004084],[-3.791572391852907,47.81389186937845],[-3.791502654418513,47.81381801361309],[-3.7911942003818,47.81357663062281],[-3.790866970881985,47.813400096083775],[-3.790821181633682,47.813418527997776],[-3.79000579009316,47.81395173234019],[-3.789582001068804,47.8141066487916],[-3.789429406645205,47.81420127896324],[-3.788986842157747,47.8138067822272],[-3.78853086662522,47.81337625497187],[-3.788479904653938,47.81340327561591],[-3.788387581052485,47.81329212756785],[-3.788159593286217,47.81312640037516],[-3.78812472456902,47.813029125472205],[-3.788020118417438,47.81289582253154],[-3.787928923310932,47.812820163953496],[-3.787743850888895,47.812706931766165],[-3.787625833692244,47.81278259050912],[-3.787502452077559,47.812867256114664],[-3.787008925618818,47.81320951992149],[-3.786654874028849,47.813405870245],[-3.786327644529033,47.81356979517583],[-3.786086245717689,47.8137103018475],[-3.785847529115343,47.813796767302655],[-3.785225256623892,47.81407777903758],[-3.784766449019968,47.8141129557207],[-3.784457994983254,47.814305699939304],[-3.784061028049045,47.81399766911718],[-3.783653332278784,47.81428588514608],[-3.783818871790192,47.81487824906972],[-3.784336538130069,47.815270936354665],[-3.784491329578118,47.815629159490705],[-3.784829287913994,47.81638209683909],[-3.784944622901637,47.816557590488834],[-3.785011399600128,47.816687334345794],[-3.783844638678654,47.81705659171673],[-3.783992160174476,47.81740243038511],[-3.784989941928008,47.8170511879693],[-3.785692680689913,47.8167467759536],[-3.785968948218446,47.816575655989574],[-3.786054778906926,47.8166134825565],[-3.785995770308593,47.81673957091384],[-3.786052096697909,47.816853050173705],[-3.786259565382902,47.817108309990104],[-3.786232743292757,47.81719476978701],[-3.786458048850007,47.81732806169186],[-3.786833558112097,47.817544209999355],[-3.787091050177527,47.81765588627237],[-3.787010583907083,47.8177567549577],[-3.787026677161168,47.81804495012155],[-3.787273440390538,47.818120601086974],[-3.787353906660983,47.818120601086974],[-3.787976179152443,47.818189047103566],[-3.788190755873633,47.818185444683884],[-3.789086613684618,47.818714997694194],[-3.789247546225509,47.818844683322304],[-3.789419207602459,47.81901759698925],[-3.788102111132369,47.81959301371517],[-3.788287183554388,47.81991181824541],[-3.787849983484965,47.8201441660765],[-3.787294480912922,47.8202966497277],[-3.787760315103042,47.820906876934835],[-3.787650344533434,47.82096451259839],[-3.787005331717408,47.8211574976247],[-3.786785390578183,47.82088552978691],[-3.786493029795565,47.82097918774622],[-3.786460843287386,47.820926955443504],[-3.786307957373529,47.820912546523175],[-3.786232855521118,47.820829695153776],[-3.786170179457768,47.82066015870944],[-3.785794670195678,47.820797043956404],[-3.785531813712223,47.82044402337407],[-3.785601551146609,47.82040439846497],[-3.785397703261486,47.820217080303635],[-3.784587676138991,47.82039719393296],[-3.784571582884896,47.82109963111657],[-3.784957820983046,47.821820069636956],[-3.785242135138631,47.82219469371637],[-3.785462076277846,47.822144263709305],[-3.785864407630081,47.82272780793755],[-3.786095077605367,47.82304119009353],[-3.786422307105182,47.82325371254807],[-3.786572510810013,47.82326451875132],[-3.786937291236042,47.823430213586256],[-3.786990935416342,47.823495050551585],[-3.787253791899798,47.82361752015406],[-3.787532741637348,47.82346623413255],[-3.787066037268753,47.822605336235995],[-3.78889530381692,47.8220830272063],[-3.790198857398156,47.82148506696863],[-3.790273959250575,47.82154270199027],[-3.79039734086526,47.82179125228809],[-3.790531451316015,47.822018188477344],[-3.79061191758646,47.82231356425346],[-3.790735299201144,47.82269178687887],[-3.79093378266825,47.82309522130856],[-3.791228825659894,47.82354547924646],[-3.791260068807579,47.82364639484782],[-3.79137808600423,47.82391294518846],[-3.791705315504044,47.823858914824626],[-3.791898434553124,47.823779670189204],[-3.792617266569114,47.82376886409321],[-3.79265481749532,47.82383370063554],[-3.792923038396811,47.824345186074765],[-3.793239539060593,47.82481344297327],[-3.793384378347398,47.82474860765471],[-3.793893998060242,47.82528529757504],[-3.793443386945742,47.825559043316815],[-3.792724554929759,47.825861602720295],[-3.793169801626234,47.8263622626211],[-3.793223445806535,47.82645591069949],[-3.793690150175121,47.82695296305652],[-3.794451897535352,47.82651354020224],[-3.794918601903946,47.82631543851852],[-3.795267289075891,47.826715242957924],[-3.795714966001745,47.827152694020754],[-3.79580616110825,47.8273904121158],[-3.795736423673865,47.82740842101806],[-3.79587053412461,47.827855039794315],[-3.795940271558995,47.82783703104709],[-3.796101204099886,47.82833767189332],[-3.796723476591346,47.82842771469867],[-3.797007790746922,47.82842051127995],[-3.798064581098787,47.8285285624551],[-3.799775830450294,47.82795588866354],[-3.798781042769926,47.82641097715492],[-3.797568684295195,47.824581205592374],[-3.79963103842268,47.82361486867102]]],[[[-3.868539390390362,47.857427599050034],[-3.868287331889986,47.857970148328455],[-3.868975604177856,47.85841065094778],[-3.87013430041281,47.85778404123125],[-3.869860719357336,47.85738430349006],[-3.86884686015175,47.85726546194563],[-3.868750302132165,47.85619587578811],[-3.867784721936371,47.855871754414544],[-3.864775330326143,47.855396372735015],[-3.863407425048767,47.85543958943142],[-3.860800358520121,47.85573130119014],[-3.859947429347176,47.855979795097525],[-3.85930990493639,47.85594631394159],[-3.85877883582871,47.855027960367536],[-3.858167301704704,47.85455257095198],[-3.8570077713197,47.85407661714985],[-3.856508888218536,47.85305018389936],[-3.857345724388223,47.8528016759522],[-3.85736181739149,47.85254236204197],[-3.856766376270742,47.8522614371759],[-3.857651491450221,47.8513862384143],[-3.857731686516983,47.8511270382581],[-3.861102931112666,47.84906617185269],[-3.86107074510614,47.84809366795607],[-3.860571862004976,47.84770483622896],[-3.859493630786341,47.84716454435639],[-3.859708693502127,47.84655577182913],[-3.860111018583708,47.84449975464482],[-3.860255855613074,47.843768724599116],[-3.861092691782762,47.84366065847458],[-3.860432878648973,47.84310951773751],[-3.86062599468813,47.84215851602982],[-3.861076598779503,47.84187753491608],[-3.8605954712651,47.841219132163395],[-3.860386262222677,47.84073280892866],[-3.860273611199836,47.840581507436916],[-3.8601592975935,47.840318782881056],[-3.858968415352014,47.83983245120615],[-3.859254190406708,47.83773009877047],[-3.856920704933537,47.838129988018125],[-3.857226471995534,47.8391351014365],[-3.856534472855213,47.83925398453155],[-3.854780335499522,47.839092967665565],[-3.854796428502788,47.84017371393424],[-3.8572425649988,47.839903529477716],[-3.857596611070591,47.84167591385168],[-3.858240331201122,47.84248643530848],[-3.858240331201122,47.84393453545259],[-3.857081634966168,47.84383727626153],[-3.857041246355639,47.84361033743985],[-3.851891485311406,47.84312403662167],[-3.8498798599035,47.84351307764094],[-3.847482002417278,47.84447486097119],[-3.847739490469484,47.84489631096852],[-3.847578560436853,47.844961149125744],[-3.844585261829892,47.844831472730256],[-3.844408238793994,47.845663557300554],[-3.84506805192779,47.84569597590971],[-3.845019772917998,47.846214670901404],[-3.846822189283481,47.84623628308015],[-3.847562467433594,47.845771619252425],[-3.848013071524967,47.84568516970896],[-3.847932606508642,47.84541501395684],[-3.851006370131928,47.84488550460114],[-3.85280878649741,47.84474502161988],[-3.854756039892259,47.84485308548536],[-3.854877817279978,47.84540186868997],[-3.855843397475773,47.84546670621523],[-3.855698560446398,47.84667699181008],[-3.857243488759674,47.84653651368084],[-3.85838609199136,47.84654731970427],[-3.858450464004418,47.84722809464305],[-3.857098651730299,47.847271318147065],[-3.857179116746615,47.84807094647314],[-3.856905535691143,47.84803852934834],[-3.857205790746953,47.8494429553827],[-3.857125325730638,47.85044784961797],[-3.856304582564208,47.85022093971842],[-3.8561141385895,47.8504964933884],[-3.856323347631915,47.85059374009307],[-3.855727906511178,47.85112319117501],[-3.854440466250118,47.85059374009304],[-3.853458793051064,47.85117721649169],[-3.852203538796537,47.851728271507035],[-3.852090887773688,47.85138251218178],[-3.851752934705165,47.85065857112815],[-3.851608097675798,47.85003679538333],[-3.851752934705165,47.84944250073585],[-3.850980470548535,47.849562170752776],[-3.850304564411471,47.848881426450305],[-3.849773495303782,47.84782247310826],[-3.847826241908934,47.84797375348086],[-3.847327358807778,47.84834114683445],[-3.84726298679472,47.849021898228514],[-3.846828475706614,47.849476823820595],[-3.846860661713138,47.849865817193276],[-3.848019357948091,47.85041688614344],[-3.847665311876301,47.85095714413553],[-3.844543269243233,47.85053574338456],[-3.844735441566764,47.84995352704526],[-3.844818896882503,47.84893673465123],[-3.842533690419131,47.84968231048339],[-3.842437132399548,47.84864498466887],[-3.840795646066697,47.848709818140115],[-3.840827832073222,47.84888270700057],[-3.840811739069964,47.8494553972343],[-3.839524298808904,47.84953103509431],[-3.839476019799112,47.848915123597735],[-3.839105880724056,47.84821275945598],[-3.838590904619635,47.84781294792712],[-3.837705789440155,47.84762924970487],[-3.838413881583734,47.84862337349378],[-3.838623090626158,47.84861256790285],[-3.838832299668582,47.84956345128626],[-3.83849434660005,47.85041707038221],[-3.837544859407521,47.84979036406248],[-3.837641417427106,47.85103296404192],[-3.838703555642474,47.85113020974062],[-3.838655276632684,47.85129228549991],[-3.84037722798185,47.85177850973852],[-3.840328948972058,47.85247002080334],[-3.840747367056906,47.85247002080334],[-3.84073127405364,47.852858991724986],[-3.840972669102587,47.852470020803274],[-3.842726806458279,47.853604511169735],[-3.842855550484387,47.854677789160746],[-3.841101413128697,47.854548137058636],[-3.840554251017749,47.85577981894],[-3.841326715174379,47.855920272033],[-3.841214064151537,47.85617956905131],[-3.840747367056906,47.856276805098844],[-3.840618623030799,47.85671976700801],[-3.8420187143147,47.85716272513279],[-3.844161922018291,47.856849413680145],[-3.845256478771189,47.85652711243632],[-3.846415175006142,47.85648389664628],[-3.846994523123623,47.85709971825329],[-3.845889470232873,47.85924243234],[-3.846549283366668,47.860334658018154],[-3.84689796510404,47.860556826569855],[-3.846286430980034,47.8609673428698],[-3.845674896856028,47.8616695342681],[-3.845723175865821,47.86231770250147],[-3.847026709130139,47.8613022353384],[-3.851838517105849,47.859357668235354],[-3.852079912154797,47.85945489832277],[-3.852810344600549,47.85955561078431],[-3.854107054343293,47.861253061056814],[-3.85582900569246,47.86130707581977],[-3.856971608924145,47.861047804444475],[-3.856875050904562,47.86128546992134],[-3.857341747999202,47.86144751394001],[-3.857937189119941,47.86138269639329],[-3.859014476622951,47.86123018813503],[-3.859304150681691,47.86213762908305],[-3.85837075649242,47.86227806495327],[-3.858644337547894,47.86319629011316],[-3.857421269299892,47.86309906704261],[-3.856761456166095,47.86319629011318],[-3.856648805143253,47.863477155737165],[-3.855606950270738,47.86369365381588],[-3.857731226701486,47.865357204362816],[-3.857361087626429,47.865605652134995],[-3.857271443626884,47.865826893684236],[-3.857601117609827,47.86634229657354],[-3.85764939661961,47.866590739623966],[-3.85711832751193,47.866882388641876],[-3.857501857146495,47.86732420288826],[-3.858209949290075,47.86743221970584],[-3.859851435622926,47.867378211325175],[-3.861251526906826,47.86700015108489],[-3.861042317864411,47.86662099215595],[-3.859577854567452,47.866631793994394],[-3.858815103072408,47.86676722675195],[-3.858309209753406,47.865888614886934],[-3.858929022963002,47.8655028325195],[-3.859603379414446,47.86511235611788],[-3.859941332482969,47.86473427935024],[-3.85916886832634,47.86450743196596],[-3.859394170372022,47.86425897892983],[-3.859780402450337,47.863654044818816],[-3.860858633668973,47.86230371999749],[-3.861180493734238,47.86190401710364],[-3.859955912547354,47.859139393406004],[-3.859167355387449,47.85879299180764],[-3.859328285420081,47.85817719031231],[-3.859005591204764,47.85761484012212],[-3.860357403478874,47.857949754247095],[-3.86225637786394,47.85770126978085],[-3.862803539974887,47.85706384766079],[-3.865330141487215,47.85783091399871],[-3.865700280562272,47.856836966710105],[-3.868539390390362,47.857427599050034]]],[[[-3.761398461476495,47.859419030368485],[-3.761747148648439,47.85936863653353],[-3.762026098385989,47.858706313007595],[-3.762063649312195,47.858519133086276],[-3.761926176901155,47.85823696886318],[-3.760608570232091,47.85636674502283],[-3.760436908855141,47.85612196009834],[-3.760313527240455,47.85518240723155],[-3.759798543109596,47.85519680663768],[-3.759841458453836,47.85583757616139],[-3.757910267963114,47.85592757124685],[-3.757711784496008,47.85619395578433],[-3.757159335850261,47.8562924969342],[-3.757631404636891,47.85540628730596],[-3.758141024349743,47.85508950072763],[-3.758505804775764,47.8552298950182],[-3.75919781470161,47.854801511249676],[-3.759353382824475,47.85475471280844],[-3.759664519070205,47.85459631777085],[-3.759868366955335,47.85460351755574],[-3.761213264861597,47.85467340682981],[-3.761095247664946,47.854309816931234],[-3.760977230468286,47.8541046215066],[-3.760735831656951,47.85417661999369],[-3.760204754271996,47.85416582022701],[-3.760183296599885,47.854241418546586],[-3.75988825360824,47.85420901928023],[-3.759668312469026,47.85400022352281],[-3.759260616698755,47.8537086280408],[-3.759196243682404,47.8536222290646],[-3.759260616698755,47.85352863001122],[-3.75911577741195,47.853348631356845],[-3.758944116034999,47.853208231972644],[-3.7583325723796,47.85249182919648],[-3.756782255568984,47.852959832131056],[-3.756927094855788,47.85323343189017],[-3.757179222503183,47.85316863207766],[-3.75724895993757,47.853258631795406],[-3.757967791953561,47.85341343094446],[-3.75802143613386,47.85349263033041],[-3.758101292555343,47.8537342369725],[-3.757945724432477,47.853766636535504],[-3.757816978399759,47.85380983592133],[-3.757715054457194,47.85391063434824],[-3.757280536596786,47.854126630317545],[-3.757339545195112,47.85436062493569],[-3.756947942678937,47.85450462109897],[-3.756905027334697,47.85445782238973],[-3.756390043203837,47.85464861686232],[-3.75481826872111,47.8550878014709],[-3.754314013426309,47.85360823847962],[-3.754073438660794,47.85336925525295],[-3.752898631112275,47.85353485397214],[-3.752346096055201,47.85370765207182],[-3.751664814965426,47.85385165004836],[-3.751289305703335,47.85398484782064],[-3.751090822236239,47.853232455912185],[-3.749830183999233,47.85333685544171],[-3.749020156876746,47.85284365581521],[-3.748891410844026,47.851997645531824],[-3.749642429368197,47.85188604314489],[-3.749953565613927,47.85206244680759],[-3.750736770646278,47.85243325255036],[-3.750956711785503,47.85250885339583],[-3.75190621377677,47.85251245343337],[-3.752287087456884,47.85274645533549],[-3.752684054391085,47.85307765622278],[-3.753617463128275,47.85253045361717],[-3.753193674103903,47.85220284929385],[-3.753435072915247,47.85193284417499],[-3.752587494866537,47.8514792324105],[-3.752662596718956,47.851371229024636],[-3.752437291161706,47.85127042566153],[-3.752196449531135,47.85103468662007],[-3.752518314612916,47.850933882602824],[-3.752282280219597,47.85006623992444],[-3.752620238555473,47.84964861420722],[-3.751874584449327,47.84935339399891],[-3.751783389342822,47.84929578985984],[-3.751708287490402,47.8493245919374],[-3.751359600318467,47.849036570442465],[-3.751166481269396,47.84898616651641],[-3.751161116851371,47.84844612137736],[-3.750726598990956,47.84845332201623],[-3.75023843695025,47.84784486450717],[-3.749578613532566,47.84794207417415],[-3.749165553344271,47.84816169534346],[-3.74900462080338,47.84854332991742],[-3.749144095672151,47.84872694555147],[-3.748626453829125,47.84962957887805],[-3.74836359734566,47.84981679089103],[-3.748181207132649,47.85002560349292],[-3.748036367845845,47.85023441525403],[-3.747907621813126,47.85057283252969],[-3.747384765063276,47.85120407497834],[-3.7475510620222,47.85187369450331],[-3.747771003161417,47.85269450664172],[-3.747926571284281,47.853270507402314],[-3.747309663210856,47.853367706899704],[-3.747309663210856,47.85310490783893],[-3.747257405759536,47.85291063014928],[-3.746973091603952,47.852730629349686],[-3.746779972554882,47.852507427490494],[-3.746211344243722,47.85174061378353],[-3.746291810514167,47.851276199969085],[-3.746712126646989,47.85071310011306],[-3.747012965435735,47.85006593538114],[-3.747034423107855,47.84966271060434],[-3.747088067288154,47.84928828479013],[-3.747023694271796,47.84888145367778],[-3.746744744534245,47.84884185047871],[-3.746347777600043,47.84888145367778],[-3.745934717411749,47.84895705970116],[-3.745693318600404,47.848982261684455],[-3.745001308674559,47.84901826449658],[-3.744228832478267,47.849115471964225],[-3.743547551388482,47.84942509453576],[-3.7422171757171,47.850019132666205],[-3.743912331814504,47.850008332033674],[-3.742978923077304,47.85023514484488],[-3.742463938946452,47.85010193744107],[-3.741841666454993,47.850055134758506],[-3.740988723988257,47.849767117320695],[-3.740098230595289,47.849900325584606],[-3.740066044087109,47.8498247209363],[-3.739985577816664,47.849781518230635],[-3.739797823185618,47.849893125146686],[-3.739475958103837,47.849705913409224],[-3.738032929653821,47.849687912244995],[-3.737984649891556,47.84984992249795],[-3.737874931301578,47.8500387647097],[-3.737799829449156,47.85008196720109],[-3.737080997433167,47.84999556218246],[-3.736329978908996,47.84993435854046],[-3.736211961712336,47.85007836699489],[-3.736158317532045,47.85017197227583],[-3.737134641613466,47.85024037602815],[-3.737140006031492,47.850398784371315],[-3.737013024836156,47.85090763917406],[-3.736954016237832,47.8509364403564],[-3.736599964647862,47.85192647127487],[-3.735130114107691,47.85198047241777],[-3.735038919001186,47.85204167364499],[-3.734298629313075,47.85204887378465],[-3.73432545140323,47.852398079357066],[-3.733740729837993,47.853132483403236],[-3.733681721239667,47.85341688217635],[-3.733751458674052,47.85398207510806],[-3.734915537386518,47.85393167598855],[-3.736160082369429,47.85387407693479],[-3.736680430918324,47.85389207664596],[-3.737506551294906,47.85387407693479],[-3.737688941507917,47.85384527738394],[-3.737678212671857,47.85436615245858],[-3.737662119417772,47.85481973897039],[-3.737490458040821,47.85497813332555],[-3.737393898516281,47.855100528632214],[-3.737377805262196,47.85523372319648],[-3.737372440844161,47.855442513987114],[-3.73724369481145,47.855417315143185],[-3.737120313196765,47.85549291163817],[-3.7370183892542,47.85542811464923],[-3.736739439516651,47.855413715307336],[-3.73665360882817,47.85535611789986],[-3.73653559163152,47.855338118696885],[-3.735811395197493,47.855374117096574],[-3.735612911730398,47.855442513987114],[-3.735242766886343,47.855474912482705],[-3.734958452730759,47.855528909930406],[-3.734738511591543,47.85553610958586],[-3.734845799952143,47.85579169670648],[-3.73628882840215,47.855615305729806],[-3.736809176951044,47.85561170590766],[-3.737249059229485,47.85568370230217],[-3.73705057576238,47.85606888131455],[-3.7371256776148,47.85608688026382],[-3.737114948778732,47.85650445413353],[-3.737002296000107,47.856587248553],[-3.736358565836535,47.85660884707551],[-3.736374659090629,47.856911225445394],[-3.73686818554937,47.856886027315284],[-3.736852092295285,47.85737558879423],[-3.73798398449957,47.85736478969386],[-3.73932508900703,47.85742598456643],[-3.740617913752207,47.857526775963905],[-3.740725202112806,47.85711640976351],[-3.741760534792553,47.85708041257347],[-3.741771263628613,47.85713080863261],[-3.742275518923414,47.85729639533899],[-3.742645663767469,47.85751957658485],[-3.74250618889869,47.85799113379976],[-3.742983622103335,47.85833669972284],[-3.743509335070256,47.85910701546963],[-3.742688579111699,47.85903862341302],[-3.742339891939764,47.859125013364306],[-3.74225942566932,47.85917180786107],[-3.742087764292367,47.859243799312175],[-3.741996569185863,47.859243799312175],[-3.741427940874712,47.85949216905104],[-3.740102929621355,47.860010502064654],[-3.738397044687884,47.859988904959195],[-3.736701888590472,47.860039298191246],[-3.735940141230241,47.86026966662815],[-3.735843581705701,47.860327258577406],[-3.735747022181171,47.860636814208625],[-3.73582212403359,47.860982362497396],[-3.736605658318336,47.8609058566019],[-3.737158193375401,47.86065749363557],[-3.737555160309612,47.86055670832437],[-3.738075508858498,47.86059990205314],[-3.738622679497538,47.860610700479725],[-3.739191307808698,47.86057830519324],[-3.739545359398658,47.86059990205314],[-3.740124716545879,47.86069348834207],[-3.740779175545511,47.86069708781136],[-3.741321883754087,47.86056608130232],[-3.742067537860232,47.860310517716776],[-3.742523513392758,47.860105346039184],[-3.742856107310609,47.860008159171706],[-3.743440828875853,47.859907372598066],[-3.743827066973994,47.85980658582864],[-3.744234762744264,47.859709398401016],[-3.744374237613035,47.85964460668142],[-3.744481525973643,47.85955461804756],[-3.744588814334244,47.859666203930225],[-3.7447980266374,47.85959061351984],[-3.744835577563613,47.859536620302094],[-3.744706831530893,47.85944303192476],[-3.745109162883129,47.85909387379543],[-3.745393477038705,47.858820304958364],[-3.745597324923844,47.85849274037289],[-3.745768986300803,47.85813637655022],[-3.745736799792624,47.85791319795944],[-3.745602689341878,47.85762162448214],[-3.745495400981279,47.85754603109075],[-3.745452485637039,47.857463238202236],[-3.74592455442366,47.857492035743675],[-3.746021113948199,47.857520833269135],[-3.746283970431664,47.85752443295868],[-3.746659479693745,47.85763602321088],[-3.747029624537809,47.857751212896716],[-3.747249565677025,47.858064383561405],[-3.747330031947471,47.85812197796048],[-3.747271023349144,47.858150775136025],[-3.74742659147201,47.858211969080934],[-3.747490964488369,47.85828396186485],[-3.747868331127596,47.858511949969326],[-3.74769130533261,47.858637936546614],[-3.747321160488556,47.85880351843972],[-3.747299702816436,47.85964221860114],[-3.747836144619416,47.859613422254014],[-3.748265298061796,47.85935785397221],[-3.748356493168311,47.858947502264705],[-3.749225528889132,47.85871712795276],[-3.749370368175937,47.85877472162672],[-3.749606402569257,47.85877472162672],[-3.749472292118511,47.859415446934435],[-3.749783428364232,47.859512634913074],[-3.749890716724832,47.859361453534206],[-3.750191124134502,47.85873512598273],[-3.751140626125768,47.85892230512423],[-3.751376660519079,47.85901229485552],[-3.751634152584509,47.85911308316919],[-3.751812721802733,47.85914825769537],[-3.751869048192041,47.85913925875288],[-3.751914645745298,47.85906006799152],[-3.752174820019736,47.8590924642267],[-3.752894790821515,47.85922107043063],[-3.753838928394774,47.859897785481046],[-3.754294903927309,47.85985459116724],[-3.75444510763214,47.859480238940286],[-3.756032975368961,47.8597034107856],[-3.7558731109058,47.858645119646134],[-3.755878475323826,47.85856232851279],[-3.755867746487765,47.858483136870134],[-3.755835559979586,47.85841114436283],[-3.755846288815646,47.85828155759771],[-3.75628080667606,47.858270758686025],[-3.75691380800359,47.85833555212257],[-3.757112291470686,47.8584687383767],[-3.757369783536116,47.858569527747036],[-3.75771847070806,47.8586559184799],[-3.75864115060919,47.85862352197189],[-3.759097126141718,47.858839498309294],[-3.75909176172369,47.85899068121013],[-3.759059575215511,47.859127465359606],[-3.759059575215511,47.85923905216164],[-3.759263423100641,47.85932544177889],[-3.759461906567747,47.859332640907176],[-3.759655025616818,47.85937583565583],[-3.760084179059198,47.85946582459994],[-3.760481145993407,47.859447826823605],[-3.760856655255487,47.85938663433737],[-3.760910299435788,47.85944422726761],[-3.761049774304559,47.859458625490134],[-3.761398461476495,47.859419030368485]]],[[[-3.898784897578994,47.875912568557624],[-3.899385712398327,47.87681216389685],[-3.900394222987926,47.877646974399134],[-3.902282498134411,47.87835223485887],[-3.903400660524738,47.878855279808164],[-3.90535330868758,47.87701296444227],[-3.906941176424396,47.87554482248355],[-3.907649279604328,47.874882705636566],[-3.907992602358234,47.87443649168491],[-3.907520533571613,47.87400466807312],[-3.90685534573592,47.87442209762251],[-3.906383276949299,47.87422058032884],[-3.907177210817707,47.87377436067539],[-3.907198668489826,47.87299706565094],[-3.908314467440021,47.87276675377492],[-3.909408808718098,47.87265159745306],[-3.910138369570149,47.873040249013734],[-3.910631896028889,47.87263720289482],[-3.910846472750081,47.87224854831128],[-3.910998897147749,47.87157124961545],[-3.911535338950727,47.87126895675104],[-3.911749915671919,47.8709954521638],[-3.911236018498152,47.87053476238934],[-3.911380857784956,47.86996615107303],[-3.911241382916181,47.869595470716554],[-3.9109570687606,47.86931835842691],[-3.910919517834392,47.86893327785006],[-3.911214560826041,47.86835025321367],[-3.911525697071769,47.868047941560896],[-3.911273569424361,47.867468505964105],[-3.911182374317856,47.86685667252649],[-3.910999984104843,47.86645357831511],[-3.910436720211707,47.86622683644354],[-3.909996837933265,47.866176449226266],[-3.909460396130287,47.86628082269339],[-3.909192175228797,47.86619084557906],[-3.909272641499244,47.86603608457703],[-3.909492582638465,47.86564378136211],[-3.909417480786049,47.86552141094442],[-3.909246261512703,47.865255865319796],[-3.908999498283333,47.865065109879964],[-3.90858107367701,47.86504351488029],[-3.908280666267342,47.86504711404752],[-3.907604749595589,47.864895948808304],[-3.906766510585044,47.864649458598215],[-3.906342721560691,47.86423554955221],[-3.906058407405112,47.86377844615666],[-3.906873798945636,47.86333933516182],[-3.907447791674823,47.862975806032026],[-3.907420969584674,47.86270225767919],[-3.90727076587984,47.862270336288354],[-3.907024002650463,47.86191399843163],[-3.90660557804414,47.86147127222795],[-3.90603158531494,47.8612301108352],[-3.905918932536314,47.86100694556194],[-3.905672169306944,47.86094215546395],[-3.905548787692258,47.860826972867606],[-3.905543423274229,47.86070459107857],[-3.905382490733335,47.860549813696366],[-3.905157185176084,47.86047062508957],[-3.904899693110655,47.86044902817581],[-3.90451345501251,47.86042023227681],[-3.904234505274962,47.86048142354307],[-3.904078937152091,47.86042023227679],[-3.903939462283317,47.8604922219943],[-3.903440571406547,47.86062540270818],[-3.903242087939446,47.86058580847762],[-3.902936316111747,47.86066139743697],[-3.902764654734794,47.86081977394681],[-3.902694917300407,47.861201315370025],[-3.902641273120109,47.8615288628423],[-3.90209410248106,47.86175562526461],[-3.9013269907028,47.86193559473504],[-3.90069877295826,47.862470960083826],[-3.90045200972889,47.862517751560574],[-3.900242797425728,47.86240617181555],[-3.900323263696176,47.86225499887467],[-3.900344721368295,47.862096626749484],[-3.900500289491158,47.862003042993535],[-3.900564662507515,47.861905859683546],[-3.900366179040414,47.86168629671984],[-3.900355450204354,47.86137314793314],[-3.900209243088256,47.86125703415944],[-3.900225336342345,47.86093308442258],[-3.900343353539001,47.86083229964712],[-3.90035408237506,47.8607171168067],[-3.900150234489929,47.86062713003454],[-3.899914200096618,47.86055154102523],[-3.899447495728026,47.860547941545846],[-3.899324114113342,47.86056233946188],[-3.899264609395532,47.860400029782966],[-3.899339711247949,47.86014446537884],[-3.899216329633264,47.86000048487803],[-3.899033939420251,47.8597161222142],[-3.898754989682702,47.85937056548544],[-3.897720716395591,47.85870030926855],[-3.898815057673673,47.85757002010218],[-3.899228117861967,47.85758081915985],[-3.90176012317204,47.859733386411435],[-3.902323387065167,47.85949581648694],[-3.902698896327252,47.85923664805501],[-3.902853784410276,47.85894670438279],[-3.90300935253314,47.85855794713157],[-3.903084454385557,47.85811879191551],[-3.90324538692645,47.85767963297967],[-3.903450846025747,47.85754176383646],[-3.903531312296193,47.85743737277282],[-3.903461574861807,47.85727898593008],[-3.90389609272223,47.85693701268769],[-3.904309152910522,47.85661663570901],[-3.90511918003302,47.85628545742552],[-3.906192063638995,47.85606947044879],[-3.907152294466327,47.856026272945485],[-3.908383791473483,47.85629594550058],[-3.908818309333917,47.85640753839682],[-3.909617607620355,47.856925902249586],[-3.909896557357903,47.857134686226246],[-3.909998481300468,47.85763881840926],[-3.910068218734855,47.857815202502096],[-3.91018623593151,47.85795198975283],[-3.910390083816642,47.858013183932364],[-3.911194746521109,47.858128372780264],[-3.91218179943859,47.858441541166805],[-3.912401740577821,47.858743908848595],[-3.912782614257936,47.859031876429846],[-3.913045470741396,47.85893468754999],[-3.913603370216493,47.85886989486221],[-3.913989608314637,47.858801502492796],[-3.914299822057016,47.858522687437066],[-3.91445539017988,47.85842549760269],[-3.914755797589548,47.85842549760269],[-3.914889908040292,47.858439896108166],[-3.915007925236947,47.858346305751084],[-3.915034747327097,47.85817352310954],[-3.915361976826913,47.85802953713506],[-3.915726757252938,47.85789275008892],[-3.916037893498666,47.85766597076995],[-3.916123724187149,47.85766957044945],[-3.916236376965775,47.857701967553496],[-3.91636512299849,47.857701967553496],[-3.916483140195145,47.85757597870182],[-3.916499233449235,47.85744638984926],[-3.916670894826188,47.85735639739999],[-3.91685864945723,47.857331199486204],[-3.916928386891617,47.85718361145952],[-3.917293167317642,47.857126016018064],[-3.917491650784745,47.85710441771103],[-3.917786693776383,47.85720880944504],[-3.918516219984072,47.856814389062016],[-3.918602050672548,47.85669919729485],[-3.91856986416437,47.856522809405405],[-3.918618143926638,47.85641841629022],[-3.918784440885561,47.85626722588869],[-3.918693245779055,47.85608723674064],[-3.918387473951357,47.856162832258924],[-3.91806560886957,47.85613763376508],[-3.91780811680414,47.85605123883606],[-3.917604268919009,47.85602964008131],[-3.917234124074954,47.85601884070056],[-3.916901530157107,47.85601524090648],[-3.916606487165468,47.855939645173],[-3.916429461370472,47.85579565299481],[-3.915764273534779,47.85571285731129],[-3.915560425649646,47.85576325469962],[-3.915066899190907,47.85568765859876],[-3.914578737150197,47.8555724643284],[-3.912523113850144,47.85485554293973],[-3.912308537128952,47.85425076045985],[-3.911970578793077,47.85412476322202],[-3.910983525875596,47.8537359698154],[-3.910602652195469,47.85351277228344],[-3.910275422695652,47.85312397428827],[-3.910339795712009,47.85253717179416],[-3.910388075474272,47.85203596149522],[-3.910318338039886,47.85163635213396],[-3.910071574810516,47.85103873238821],[-3.908816300991546,47.850318699450916],[-3.908344232204925,47.85085152478622],[-3.907679044369232,47.8507939223112],[-3.906842195156585,47.85101713154554],[-3.906295024517547,47.851434746242504],[-3.905855142239105,47.85180915655996],[-3.904835902813445,47.85138434464719],[-3.904245816830173,47.8512115388058],[-3.903484069469944,47.85062831483928],[-3.902969085339085,47.85026109638425],[-3.901928388241306,47.85046990719719],[-3.901402675274388,47.85062831483928],[-3.90184255755283,47.851816356732066],[-3.900072299603001,47.85221956476411],[-3.898988687160985,47.852478768272086],[-3.898237668636813,47.85140594533706],[-3.896681987408177,47.851722754419114],[-3.89734717524387,47.85275237056935],[-3.898162566784398,47.85432915567617],[-3.896842919949072,47.85490513827953],[-3.895415984753149,47.85508513153098],[-3.895051204327124,47.85528672323085],[-3.893592082623022,47.85567550501013],[-3.895201408031958,47.85774312344122],[-3.895029746655006,47.85896699823943],[-3.89440747416355,47.85905338831002],[-3.893924676540872,47.85844865479286],[-3.893034183147928,47.85768552862125],[-3.892208062771341,47.85792310684105],[-3.892025672558329,47.85830466958246],[-3.891457044247171,47.85849185027801],[-3.890158855083964,47.859276561992715],[-3.890179897894814,47.86067121065468],[-3.888881708731607,47.86139109984623],[-3.88906409894462,47.86165745631346],[-3.887991215338662,47.86203899157152],[-3.886660839667275,47.861693450325696],[-3.886875416388467,47.86083678605394],[-3.885759617438272,47.86077919467069],[-3.884729649176558,47.86026806834087],[-3.88366749440666,47.85965614990978],[-3.884450699439009,47.859353787548294],[-3.883710409750899,47.85882104957322],[-3.882916475882491,47.85896503334955],[-3.881521727194747,47.85964175174206],[-3.881028200736007,47.85942577874668],[-3.8806848779821,47.85975693697172],[-3.881189133276899,47.86005209795461],[-3.881789948096236,47.85992971433636],[-3.883249069800337,47.8603904511603],[-3.883291985144574,47.86118233300967],[-3.882337118735273,47.86231254342421],[-3.882700611966903,47.86279255118213],[-3.882958104032333,47.864261054434415],[-3.883204867261703,47.864692959238404],[-3.882743527311142,47.86540559429728],[-3.882968832868392,47.86557835283606],[-3.882754256147201,47.865852691633975],[-3.88177793206578,47.86603984507733],[-3.882000041641916,47.86649179858113],[-3.882246804871286,47.866801317401745],[-3.88212878767463,47.867261993153825],[-3.881452871002878,47.86733397337022],[-3.881785464920724,47.868276904972845],[-3.881388497986521,47.86893190843158],[-3.880776954331126,47.86978124124929],[-3.880567958205451,47.87096797416329],[-3.883335997908819,47.87093198659105],[-3.882960488646734,47.872997632785214],[-3.885353019088017,47.87274572912109],[-3.886576106398809,47.87272413732148],[-3.887885024398073,47.87296884385708],[-3.887670447676882,47.873465450627045],[-3.888217618315919,47.87353742222784],[-3.887992312758669,47.874199556264955],[-3.888614585250123,47.87421395038919],[-3.8886467717583,47.87531508904012],[-3.88866822943042,47.87637302374176],[-3.889687468856079,47.8773877571391],[-3.890266826003296,47.877459723292006],[-3.891200234740479,47.87679763091471],[-3.892208745330078,47.87650256528201],[-3.891704490035278,47.87581167332469],[-3.894536278499404,47.87481144260371],[-3.896167061580459,47.874530759696434],[-3.89640309597377,47.87510651786687],[-3.897454521907607,47.87492659412584],[-3.897272131694594,47.87431484873315],[-3.898323557628432,47.874221287036335],[-3.898784897578994,47.875912568557624]]],[[[-3.938315897761202,47.88776224226722],[-3.93960335808835,47.88771907117423],[-3.939914494334078,47.88787016984218],[-3.940300732432223,47.887862974677525],[-3.940783530054903,47.88766150966095],[-3.940644055186129,47.887215405764024],[-3.939646273432588,47.88696357122227],[-3.939142018137789,47.887071500461566],[-3.939060559010956,47.88564274805168],[-3.938856711125825,47.885103084720164],[-3.938380114478948,47.88446776001761],[-3.935740820808293,47.883748191337],[-3.935654990119817,47.88337401167274],[-3.93408858005512,47.88314374592047],[-3.933537191662076,47.8822392990418],[-3.933043665203335,47.88178415343331],[-3.933051711830373,47.88169240422948],[-3.93275398662972,47.88142974874762],[-3.932756668838736,47.88140276351993],[-3.93274325779366,47.8813919694249],[-3.932689613613363,47.88137757729477],[-3.932210609140248,47.880865830366645],[-3.931958481492847,47.88060317069394],[-3.931916448190448,47.880608422609825],[-3.931894990518328,47.880581436954245],[-3.931785019948718,47.88056344650945],[-3.931712600305315,47.880543657012936],[-3.931656273916004,47.88051847037008],[-3.93159994752669,47.88048069038278],[-3.931543621137378,47.88044470941699],[-3.931304592556482,47.880172108128676],[-3.930891532368188,47.87972593972819],[-3.931077454864207,47.8796648597098],[-3.930583928405467,47.87904237567457],[-3.930531604358541,47.87886931759769],[-3.93035842181406,47.878336297070625],[-3.930192124855137,47.87828232337846],[-3.930483156666646,47.87749607743288],[-3.930831843838582,47.87743130794521],[-3.930922528904012,47.877340064216],[-3.930858155887655,47.87715295157838],[-3.930879613559775,47.87689387142607],[-3.930874249141745,47.8767859209803],[-3.930820604961446,47.876685167027986],[-3.930749789053841,47.87663743002715],[-3.930663958365364,47.87647910184606],[-3.930427923972054,47.87634956024716],[-3.930170431906624,47.87607608247468],[-3.929805651480599,47.87560109133403],[-3.929397955710336,47.87476624786811],[-3.929204836661264,47.874420791465],[-3.929076090628549,47.8743344270043],[-3.929140463644906,47.87394578515011],[-3.929247752005502,47.87370108322802],[-3.929526701743051,47.87348516880769],[-3.929827109152719,47.873370014082276],[-3.930685416037484,47.872894998135166],[-3.930942908102914,47.87239118858454],[-3.930170431906624,47.87157068826091],[-3.930106058890267,47.87139794969528],[-3.929912939841195,47.87128279033165],[-3.928861513907356,47.871052470836666],[-3.927745714957162,47.870663804367794],[-3.927080527121469,47.8703327158174],[-3.927187815482064,47.870174368371586],[-3.926369031950658,47.86981355219785],[-3.92532833485288,47.869662400859596],[-3.924040874525732,47.86984234287896],[-3.923461517378514,47.87010145828925],[-3.922864716450236,47.87029984159608],[-3.920547287861369,47.869724030018034],[-3.918991606632731,47.86947211044089],[-3.918464013296655,47.86957600421187],[-3.917959758001856,47.869259304212385],[-3.918002673346094,47.869100953486914],[-3.91760570641189,47.86838836923497],[-3.91711217995315,47.86793490142806],[-3.916489907461694,47.868078859891845],[-3.916371890265039,47.86863309624429],[-3.915942736822656,47.86859710705068],[-3.915663787085107,47.868805844025694],[-3.914333411413721,47.86895699786209],[-3.913818427282861,47.86889221770048],[-3.913818427282861,47.86895699786209],[-3.914322682577661,47.86913694233064],[-3.915417023855737,47.8690649646182],[-3.915910550314477,47.869453643077854],[-3.917066419265927,47.87122847637318],[-3.91573604359454,47.871559559200875],[-3.91472753300494,47.87209936362325],[-3.913300597809017,47.87203458738945],[-3.913118207596005,47.87233687578775],[-3.912903630874813,47.87281909410636],[-3.912152612350643,47.87278310781963],[-3.911699065417629,47.872918468635866],[-3.912203320712429,47.873244142769906],[-3.912098714560848,47.87331071678843],[-3.912179180831295,47.87335389988986],[-3.912332066745145,47.87329452311612],[-3.912911423892362,47.873359297775],[-3.913254746646268,47.873330509047726],[-3.913576611728056,47.8732873259268],[-3.913683900088651,47.87330891749176],[-3.913759001941068,47.87328012873648],[-3.913759001941068,47.873186565171395],[-3.914810427874906,47.872776322930214],[-3.915057191104276,47.87269715300104],[-3.91520739480911,47.87281230922168],[-3.915368327350004,47.872805111965384],[-3.915421971530302,47.87274033661377],[-3.915432700366361,47.8726683639059],[-3.915368327350004,47.87259639109807],[-3.916119345874174,47.87230849886713],[-3.916237363070829,47.872315696192395],[-3.916366109103543,47.87227970955606],[-3.916773804873808,47.872682758455454],[-3.917310246676786,47.87371195838619],[-3.916848906726225,47.873891886344815],[-3.916881093234403,47.87395666025697],[-3.914661157411475,47.87497112796511],[-3.914564597886939,47.87484877956951],[-3.913583941885723,47.87530794779522],[-3.911609836050762,47.87619316006137],[-3.909485526510967,47.874775373779826],[-3.908605761954083,47.87543029510663],[-3.908820338675274,47.87560302023094],[-3.907017894217266,47.877107143849486],[-3.905247639557306,47.878565272463305],[-3.905193995377008,47.87944323274554],[-3.906585206821386,47.879838801904725],[-3.90970729811472,47.88119888094013],[-3.910523718292227,47.88165395749816],[-3.911135261947623,47.882107305259396],[-3.912369078094473,47.88417970164476],[-3.911320165089945,47.886189142804795],[-3.911524012975078,47.88654171609201],[-3.911684945515971,47.886995021077674],[-3.912232116155009,47.88784405783671],[-3.911996081761699,47.8879303997783],[-3.91218920081077,47.88822540032605],[-3.912395019806006,47.88839472667762],[-3.912588138855078,47.888452287376],[-3.91280271557627,47.8884450922922],[-3.913135309494117,47.88839472667762],[-3.913982887542823,47.89015029919892],[-3.913587456630703,47.89061693732096],[-3.91339433758163,47.89086155935073],[-3.913276320384975,47.89106301191939],[-3.913233405040737,47.89150188801641],[-3.913544541286464,47.891595418507116],[-3.91365182964706,47.89179686822105],[-3.913748389171596,47.89201990091881],[-3.913834219860073,47.89217818160545],[-3.913995152400966,47.892300489077414],[-3.913877135204311,47.89247315795781],[-3.915078764842982,47.892566686694266],[-3.914703255580897,47.893283055363526],[-3.91423412188043,47.89396364894998],[-3.913826426110166,47.89433775211425],[-3.914395054421323,47.89448883147214],[-3.915371378502745,47.8944096947206],[-3.916730294961318,47.89404278638321],[-3.917599330682143,47.893927677349446],[-3.917583596959547,47.894066904251666],[-3.917551410451368,47.89469999906858],[-3.917605054631666,47.89523236826426],[-3.917841089024976,47.895807896372666],[-3.920555484548048,47.894951795991965],[-3.921027553334669,47.89485827156335],[-3.920866620793776,47.894383452627686],[-3.923033845677807,47.89400215548182],[-3.925512206807567,47.893843880370234],[-3.926091563954784,47.89398776685531],[-3.926273954167798,47.89394460095178],[-3.926628005757763,47.89353452307345],[-3.926574361577464,47.893361857732074],[-3.927947652593089,47.89256327303907],[-3.928806664441976,47.891763960056366],[-3.929235817884358,47.89146897966426],[-3.929579140638264,47.89173518155548],[-3.930415989850911,47.89124594459375],[-3.929847361539753,47.891087661057774],[-3.929139258359822,47.890900598073294],[-3.928323866819295,47.89060561276345],[-3.928066374753865,47.89030948393103],[-3.928087832425984,47.89003607984844],[-3.928130747770223,47.88984901306549],[-3.928141476606283,47.889661945606925],[-3.928044917081747,47.889496462291824],[-3.927841069196615,47.889374148197376],[-3.927766875913374,47.88925390618943],[-3.927733936338259,47.88869501872191],[-3.927733936338259,47.88798270391523],[-3.927854501495957,47.88778443801233],[-3.928047620545029,47.887647729486396],[-3.928240739594102,47.8875757774857],[-3.928476773987413,47.88751102059964],[-3.928723537216782,47.88748223973539],[-3.928991758118272,47.88743906840905],[-3.930660589860284,47.88740892533701],[-3.931529625581109,47.88742331579147],[-3.932133476319544,47.88710807208031],[-3.933131258073085,47.88708648626568],[-3.933378021302454,47.886431712280334],[-3.93372134405636,47.886561228670416],[-3.934214870515101,47.886611596068036],[-3.935330669465296,47.886518056576385],[-3.935309211793176,47.886669158748106],[-3.935047898765892,47.887735041356414],[-3.934157405372947,47.88779260278798],[-3.934211049553245,47.88826028704782],[-3.935155187126488,47.88828906747971],[-3.935208831306784,47.88890064787664],[-3.935412679191915,47.889339542298664],[-3.935713086601584,47.889735263588975],[-3.936228070732444,47.89023170965886],[-3.93653920697817,47.89030365796977],[-3.936689410683005,47.8904115802488],[-3.936775241371481,47.89059145021402],[-3.936989818092673,47.8909655777406],[-3.937908885239818,47.89184802643532],[-3.938084159370748,47.89117422461029],[-3.937930342911937,47.89091991322996],[-3.937887427567698,47.8902867721972],[-3.938059088944651,47.89012848572957],[-3.93812346196101,47.88994141928045],[-3.938220021485546,47.88976154705753],[-3.938209292649486,47.889603258984586],[-3.93812346196101,47.88958167420987],[-3.937801596879223,47.889480945142324],[-3.937918930826998,47.88906455332233],[-3.938315897761202,47.88776224226722]]],[[[-3.843038107699061,47.90732956563192],[-3.843129302805566,47.90727202591661],[-3.842882539576195,47.90663548854838],[-3.84322049791207,47.90655277407838],[-3.842936183756494,47.905923420520814],[-3.842152978724144,47.90623270379684],[-3.84173991853585,47.90579035621728],[-3.840862962215977,47.9058787198717],[-3.840852233379918,47.90553347094302],[-3.840385529011332,47.90559820529255],[-3.840335767998327,47.90498737211504],[-3.840325039162267,47.90451624249527],[-3.839901250137912,47.90453782104485],[-3.839480079587393,47.90449990190235],[-3.839383520062852,47.904147450874774],[-3.839383520062852,47.903863330442206],[-3.839340604718621,47.90361517043765],[-3.839555181439811,47.90346771420801],[-3.840021885808408,47.9032159586988],[-3.840316928800042,47.90290306085937],[-3.840274013455803,47.90284551622326],[-3.83924404519409,47.903604380971686],[-3.83857602412318,47.90412607175883],[-3.838213903365478,47.90435431000725],[-3.837489706931462,47.904267995449],[-3.837366325316776,47.904232031007226],[-3.837371689734802,47.90385440286017],[-3.836422187743536,47.90385080638841],[-3.836255890784611,47.90389036756431],[-3.835778457579956,47.90393352517627],[-3.835274202285155,47.90400545444959],[-3.834830920217978,47.90407921693063],[-3.834648530004968,47.903597289577604],[-3.834482233046034,47.90342465779245],[-3.834455410955887,47.90327000799606],[-3.834214012144534,47.902694562835215],[-3.835152785299749,47.9024895589513],[-3.835125963209595,47.90201480999791],[-3.834165732382269,47.90219463965912],[-3.834047715185609,47.902129901053065],[-3.833688299177614,47.90211191809254],[-3.833081993350727,47.90130831815598],[-3.830490979442339,47.9020743986302],[-3.830412908062557,47.90201714959492],[-3.829173727497652,47.90211066109255],[-3.828433437809551,47.90193442774471],[-3.827379563379934,47.90201154169147],[-3.826676824618029,47.90189285376532],[-3.826509512278884,47.901822851265024],[-3.826074994418469,47.90157288607128],[-3.825771904799782,47.90144520554257],[-3.825562633665895,47.90138215869404],[-3.824841119440886,47.90118973791309],[-3.824583627375457,47.901196931226195],[-3.824543725940287,47.90188815180039],[-3.824583959075501,47.90206078870966],[-3.824661743136928,47.902402464228445],[-3.824345242473173,47.902425841944684],[-3.824055563899563,47.902474395629255],[-3.824065156742428,47.902610641899095],[-3.824086614414548,47.902650204022805],[-3.82411611871371,47.90266459024208],[-3.824142940803856,47.90339648387377],[-3.824165523489567,47.90339274832627],[-3.824235260923961,47.90327406356693],[-3.824849486788369,47.90313739593113],[-3.824895084341617,47.90313739593113],[-3.825434208353615,47.90302230711589],[-3.825455666025735,47.90296476261234],[-3.825520039042095,47.90294318340696],[-3.825994790037723,47.903631915272236],[-3.826064527472108,47.903574371446375],[-3.825981378992654,47.90336217803547],[-3.826056480845066,47.903275861822834],[-3.826091349562263,47.90321472108513],[-3.82612621827946,47.90322191411686],[-3.826230824431033,47.90316796635461],[-3.826343477209658,47.9031014307038],[-3.826217413385965,47.902883840545854],[-3.826214731176948,47.902860463036504],[-3.827107906778907,47.902948578209134],[-3.828135192831619,47.902995333137795],[-3.827982306917772,47.90331542343817],[-3.828550935228922,47.903410730841834],[-3.828534841974845,47.90344849410409],[-3.8287252788149,47.90348445909022],[-3.828770876368156,47.90347007309876],[-3.828990817507372,47.90350963456565],[-3.829009592970484,47.90352941528778],[-3.828994899270743,47.9035745438681],[-3.828619390008653,47.90394138466111],[-3.829692273614613,47.90425787266803],[-3.830850987909046,47.90417155794895],[-3.831099630665734,47.90417620446963],[-3.832226158451986,47.904607776586964],[-3.832601667714076,47.904845139717686],[-3.832826973271326,47.90504653788418],[-3.832183243107746,47.90517600772028],[-3.832483650517417,47.90565792037515],[-3.830262781453083,47.90597439788681],[-3.829479576420742,47.905988783182266],[-3.829393745732262,47.90616859903818],[-3.829887272191003,47.90711801640074],[-3.830091120076134,47.90760710339698],[-3.830863596272414,47.908894530894415],[-3.831453682255695,47.90876507035971],[-3.833041549992508,47.9082975712882],[-3.833341957402177,47.90872191677618],[-3.833706737828207,47.90893049209662],[-3.834082247090288,47.909218180814484],[-3.834382654499958,47.90898802996813],[-3.83496201164717,47.90907433665547],[-3.83500492699141,47.90941956196548],[-3.83585250504012,47.909333255853845],[-3.835766674351641,47.90885137741886],[-3.836528421711871,47.908772262620154],[-3.836678625416702,47.90898083773767],[-3.837118507695151,47.90957778946296],[-3.837601305317831,47.91023227079092],[-3.839502381649827,47.909526058272874],[-3.839389728871194,47.90930669707529],[-3.839755898708789,47.909210404353125],[-3.839825636143175,47.90915646283224],[-3.839674617594391,47.907944330978474],[-3.842496301478054,47.90746963205286],[-3.843038107699061,47.90732956563192]]],[[[-3.85290619111527,47.9655304500539],[-3.8535606501149,47.96558792497252],[-3.855148517851712,47.96484793050635],[-3.855395281081083,47.96384209578743],[-3.854236566786652,47.96378461892618],[-3.853839599852451,47.96204591364498],[-3.849103374336282,47.962060734154655],[-3.849071187828111,47.96074588961174],[-3.848094863746689,47.960882405082934],[-3.846228046272319,47.96101892019339],[-3.844128884041979,47.961079618765076],[-3.842068947518537,47.96050481653705],[-3.842101134026716,47.95956356407767],[-3.844440020287708,47.958500143720805],[-3.844279087746807,47.95799716700831],[-3.841929472649766,47.95811213354571],[-3.840888775551985,47.957932498218625],[-3.840824402535634,47.95755885473751],[-3.840084112847523,47.95746544344507],[-3.840073384011463,47.956538506851444],[-3.839890993798453,47.95615766761729],[-3.839579857552723,47.955582810626716],[-3.839526213372423,47.95536005182357],[-3.839107788766102,47.95427498714712],[-3.838893212044911,47.95394443311515],[-3.838474787438591,47.95336955150103],[-3.836862396647922,47.95402347883693],[-3.8365512604022,47.95355638872717],[-3.83574659769773,47.95385101528805],[-3.835446190288061,47.95387257326314],[-3.833783220698829,47.95384382929433],[-3.831841301372046,47.952995875022324],[-3.830403637340065,47.95338392361944],[-3.830349993159766,47.95252877562376],[-3.828472446849343,47.95239942427461],[-3.826069187572,47.95269405743206],[-3.82604772989988,47.95326894656113],[-3.82595117037535,47.953534830620264],[-3.826530527522561,47.95373603926916],[-3.825736593654159,47.95422468558317],[-3.822023064502865,47.95558563978395],[-3.821368605503235,47.95631858128556],[-3.821025282749324,47.956404809013975],[-3.819609076389464,47.9560958256544],[-3.817897060692526,47.95603834017434],[-3.817424991905907,47.95588025477439],[-3.817199686348656,47.95617486808502],[-3.815579632103664,47.95583714049049],[-3.815032461464624,47.95751138542193],[-3.814806598406503,47.95843905130466],[-3.814452546816542,47.959128840792026],[-3.814516919832902,47.959509658125754],[-3.80665494170357,47.95910009974735],[-3.806633484031451,47.95852527549431],[-3.804487716819538,47.958424680592465],[-3.801912796165237,47.958719279394685],[-3.802041542197947,47.959222249077165],[-3.802663814689406,47.96038624584897],[-3.802052271034007,47.960637723187894],[-3.802449237968216,47.96124126380674],[-3.804401886131059,47.960795794031505],[-3.805871736671219,47.960745498815506],[-3.805871736671219,47.960939494378685],[-3.807448875571973,47.96096823440014],[-3.807459604408033,47.960846089198455],[-3.808307182456733,47.96073112874479],[-3.808285724784614,47.96044372649149],[-3.809723388816595,47.960414986178165],[-3.811214697028877,47.96055868758465],[-3.811836969520336,47.960501207070024],[-3.811676036979437,47.96129874349786],[-3.812373411323317,47.96143525750813],[-3.813188802863838,47.96118378405154],[-3.8147122975843,47.96160051082733],[-3.815130722190621,47.96264231305966],[-3.815613519813302,47.963461370406876],[-3.81693011967245,47.96484186938469],[-3.817176882901821,47.96542380773906],[-3.81740218845908,47.965725550971285],[-3.817681138196622,47.966609217439604],[-3.819698159375824,47.96650145404563],[-3.821350400128996,47.96547409840028],[-3.821275298276576,47.96437487707489],[-3.8205677187168,47.96245920196605],[-3.817982069226438,47.96270348445249],[-3.817241779538327,47.960878522662846],[-3.816919914456546,47.959736092511406],[-3.827174711804361,47.96024961192672],[-3.827239084820712,47.960465164576526],[-3.827421475033731,47.960713049011964],[-3.827528763394322,47.960996857267375],[-3.82767896709916,47.96111181712971],[-3.827743340115512,47.961241146669046],[-3.828054476361241,47.96151776709679],[-3.828231502156227,47.96172612955785],[-3.828429985623332,47.96188419707113],[-3.828687477688771,47.96213925953865],[-3.828188586811996,47.96240869035477],[-3.827512670140245,47.96285414622171],[-3.826515395469144,47.963412940866675],[-3.826547581977324,47.96385479577278],[-3.826762158698515,47.96469538735434],[-3.826928455657431,47.96469538735434],[-3.82695499424424,47.96483100457229],[-3.826914761109017,47.9651435279026],[-3.826845023674623,47.965143527902654],[-3.826849449909135,47.96566908462249],[-3.826860178745195,47.96575350066062],[-3.826895047462383,47.96576427716616],[-3.82667242411415,47.96596543819085],[-3.826689937396066,47.96640333298159],[-3.82672244183883,47.96704531641403],[-3.826888738797755,47.96796128845134],[-3.82688229370285,47.96816422387413],[-3.827606490136866,47.96829353575686],[-3.827821066858056,47.96826479981089],[-3.828250220300437,47.969281324178056],[-3.829317739488362,47.96925977263231],[-3.831157734872598,47.969076584130164],[-3.831238201143114,47.96937798238914],[-3.831817558290326,47.969248673221635],[-3.832718780519337,47.96863804222303],[-3.834478309633098,47.96713657765495],[-3.83595888900932,47.966224183127714],[-3.838501623155435,47.965175268717154],[-3.839859368965966,47.96559436269312],[-3.840771320031026,47.965400384610675],[-3.842102253203287,47.96702477715248],[-3.842885458235629,47.96785094905646],[-3.843336069350139,47.96826762204683],[-3.84338971353043,47.9685046931098],[-3.843475544218909,47.969072222446016],[-3.84378668046463,47.96956790752338],[-3.8442480204152,47.96966848072665],[-3.84429093575943,47.96977623751278],[-3.844569885496981,47.96994146414815],[-3.844902479414831,47.970106690254916],[-3.845428192381751,47.97019289497036],[-3.845277988676912,47.97062391638901],[-3.845674955611121,47.97070293659223],[-3.846468889479533,47.97093999647637],[-3.847509586577304,47.97090407838205],[-3.845438921217811,47.96894291251299],[-3.846511804823763,47.96874894700637],[-3.846425974135292,47.96838974970005],[-3.846983873610383,47.96839693367066],[-3.846887314085853,47.967858133102034],[-3.84474154687394,47.96818859811732],[-3.844280206923379,47.96774318825325],[-3.84453769898881,47.967197196728044],[-3.84422656274308,47.967103802862766],[-3.844623529677281,47.966335093094635],[-3.84376522279251,47.96593995745352],[-3.84386178231705,47.965329287335166],[-3.8441943762349,47.96527181212875],[-3.84428020692337,47.96498443513741],[-3.846254312758332,47.96535084052103],[-3.847702705626375,47.965329287335116],[-3.848968708281405,47.96564539982717],[-3.849194013838655,47.964941328450756],[-3.850084507231597,47.96504909509981],[-3.85290619111527,47.9655304500539]]],[[[-3.941154916707694,47.96239922091286],[-3.941830822844748,47.96236148437521],[-3.943196045954916,47.962332732709015],[-3.943196045954916,47.960984980397825],[-3.942133907739547,47.95983127648773],[-3.94052460741322,47.95923824108791],[-3.939204981145636,47.96003614168023],[-3.938609540024897,47.960413522802895],[-3.938207214943315,47.96074777235222],[-3.938239400949841,47.961394700820335],[-3.938418056180989,47.961989898533986],[-3.938015731099408,47.96278775662774],[-3.937790429053726,47.96272306589001],[-3.937565127008034,47.96326215289561],[-3.937310688413552,47.96401173544597],[-3.935701388087226,47.964205802574554],[-3.934413947826166,47.964270491455395],[-3.933659068856129,47.96445327633703],[-3.932741767670125,47.96492765730913],[-3.932452093611395,47.964733592892564],[-3.932645209650551,47.96368778876314],[-3.93273921046345,47.96249016122628],[-3.932175955349236,47.96156291423588],[-3.932031118319871,47.96136883717809],[-3.933608232639671,47.96099146303399],[-3.933511674620089,47.960128883209926],[-3.92981028386954,47.96062486836856],[-3.930454004000069,47.96165995249135],[-3.930791957068602,47.9621882686846],[-3.929214842748801,47.962921433225254],[-3.929150470735752,47.962792052003614],[-3.927846937471424,47.963083159296545],[-3.927956354525556,47.963720360238064],[-3.927859796505972,47.96478772644343],[-3.92523663697406,47.964949446671696],[-3.925333194993643,47.96540226061719],[-3.927875889509239,47.9651542915673],[-3.928616167659343,47.96524054180662],[-3.92863226066261,47.96574725905408],[-3.929141872432614,47.96574186847121],[-3.929182104940767,47.96582811772938],[-3.92917869043732,47.9663510007738],[-3.929572969017272,47.96630787659928],[-3.929717806046638,47.96637795336462],[-3.929605155023797,47.96648037308134],[-3.929661480535217,47.966631307030525],[-3.930458084196752,47.966512716107545],[-3.930691432744072,47.966919470863836],[-3.93057878172123,47.967253678317185],[-3.93175357095945,47.9671656162003],[-3.932212221552451,47.96719256836597],[-3.932435897749653,47.9675600628926],[-3.932588781280657,47.96808831874219],[-3.932789943821451,47.96808831874219],[-3.932942827352446,47.96917176536511],[-3.934181988603715,47.968859131359174],[-3.934696964708146,47.968837570323494],[-3.934779028584382,47.9700257055065],[-3.936573398448226,47.96994485340259],[-3.93802176874192,47.96963761425339],[-3.938520651843084,47.97051081547159],[-3.938826418905083,47.971303151948284],[-3.940105812664512,47.971260031908606],[-3.940025347648197,47.97069407805036],[-3.941344973915792,47.97065634757261],[-3.941175997381521,47.97038145325984],[-3.941610508469627,47.97026287094765],[-3.941436574282513,47.96942451049432],[-3.941706345573588,47.96903527799754],[-3.942044298642111,47.968695691798175],[-3.942181089169847,47.96845312886005],[-3.942253507684534,47.968226735756716],[-3.940869509403891,47.96857765250194],[-3.940933881416949,47.96738638529792],[-3.941674159567054,47.96723006312773],[-3.941593694550737,47.96589563629107],[-3.939887836204838,47.96672577695158],[-3.93835095439319,47.966240631432576],[-3.938415326406249,47.96536594499769],[-3.938737186471514,47.96516649158483],[-3.939316534588995,47.96408852637867],[-3.939710813168948,47.963845941803235],[-3.939783231683625,47.96368421812002],[-3.940342220042902,47.9622752293285],[-3.940631894101643,47.962323747809975],[-3.941154916707694,47.96239922091286]]],[[[-3.89760022163982,47.9938410819424],[-3.898396825301354,47.99372255350791],[-3.899547475034678,47.99356092338584],[-3.901182916076508,47.99332657275641],[-3.901190962578137,47.99301947273492],[-3.898390780010334,47.993261920272154],[-3.898326407997276,47.99291710565494],[-3.898165477964643,47.992674656497606],[-3.897787292387958,47.99280396285657],[-3.897626362355324,47.99263155430586],[-3.895695201963734,47.99213048868569],[-3.895252644373999,47.99227595985082],[-3.895164132856055,47.99200118063907],[-3.895027342328308,47.99171562422161],[-3.894848841319604,47.99161963207777],[-3.894430423234766,47.99198600674383],[-3.89411660967113,47.9921045391671],[-3.893480936042229,47.992298500727046],[-3.893537261553648,47.992417032432556],[-3.892611913866016,47.9925948294803],[-3.892507309344804,47.99235776661383],[-3.892426844328488,47.99185131047777],[-3.892499262843166,47.99179743187293],[-3.892499262843166,47.99163040784033],[-3.890045079845515,47.9915064864346],[-3.890028986842249,47.99133407354892],[-3.889208243675819,47.991339461460306],[-3.889232383180715,47.99117782387374],[-3.888990988131766,47.99096230630411],[-3.888805918594228,47.99083299533027],[-3.88721271127117,47.9909138147269],[-3.887172478763016,47.99072523593796],[-3.887220757772799,47.99046122447569],[-3.887534942126614,47.98989602774091],[-3.883584109825497,47.99032168286905],[-3.883745039858121,47.9912915168837],[-3.882961847032645,47.9916147908384],[-3.881722685781375,47.990461771130704],[-3.880837570601896,47.99006305738698],[-3.880081199448525,47.989804430608785],[-3.879871990406101,47.990192370290046],[-3.879469665324519,47.99020314635065],[-3.878085898782054,47.99008086235687],[-3.877592380015319,47.990091638440795],[-3.87717396193047,47.99018862309475],[-3.876836008861948,47.99028560756644],[-3.877667248959046,47.99273545820217],[-3.878939600419169,47.99239568592304],[-3.879309739494226,47.993133809358554],[-3.879721669217164,47.99377191329988],[-3.878571019483849,47.994251412557894],[-3.878748042519748,47.99482788329527],[-3.87903771657848,47.99478478290213],[-3.87932739063722,47.99567372122411],[-3.880188366311803,47.99557674687863],[-3.881355109048393,47.995388185129634],[-3.881339016045126,47.99516729763303],[-3.883262129935089,47.995151135096144],[-3.884702453727143,47.99533431021765],[-3.884860268210041,47.99585191708088],[-3.885198221278564,47.996724674974075],[-3.882598784176527,47.99718826413433],[-3.882864318730371,47.997446853907064],[-3.88310571377932,47.99802510309843],[-3.883652875890267,47.99798739259333],[-3.885085153180693,47.99807897520086],[-3.885117378330542,47.99842919490852],[-3.885552677455266,47.99888171527603],[-3.886791838706545,47.9984399692491],[-3.887717186394176,47.998628519845205],[-3.887717186394176,47.99855309968946],[-3.888280441508391,47.99890326376591],[-3.888674720088342,47.998984070522944],[-3.889535695762927,47.99905410294335],[-3.890092287203351,47.99961189078083],[-3.891138332415454,48.000059013774184],[-3.892828097758096,47.99979505006594],[-3.89273958624015,47.99920604653383],[-3.89239078863369,47.99882168846025],[-3.8920545145033,47.99826278108694],[-3.891773410769318,47.99717408023345],[-3.89194238730358,47.99647911360619],[-3.892103317336212,47.99620974417916],[-3.892433223903115,47.99589188644644],[-3.893045353302158,47.995894419231895],[-3.893927365281572,47.99586358763843],[-3.893935411783201,47.995696576766925],[-3.895037782506733,47.99590668713041],[-3.896582710820009,47.99605753506885],[-3.8966309898298,47.99644004036433],[-3.897121826429327,47.99641849084557],[-3.897588523523958,47.996111409225655],[-3.89762875603212,47.99582587555336],[-3.897532198012537,47.995664252019715],[-3.897809430682245,47.99565184716306],[-3.898227848767092,47.995479448127604],[-3.89836463929483,47.99523701100945],[-3.898646266851932,47.99514003584325],[-3.898662359855198,47.99457918470282],[-3.898300267281771,47.99415895230877],[-3.89760022163982,47.9938410819424]]],[[[-3.829751528921785,48.02809283523597],[-3.829489979806041,48.027609675698784],[-3.830278536965936,48.02757737094958],[-3.829886771389116,48.026942243848396],[-3.830844305083274,48.026489969660034],[-3.830417840496796,48.02628086283668],[-3.830482212509855,48.025704743583276],[-3.828591284626418,48.02560189507764],[-3.828607377629685,48.02527344972287],[-3.828478633603577,48.02488038941609],[-3.828374029082365,48.02471898987636],[-3.829098214229211,48.02466514559669],[-3.829130400235736,48.02440130781328],[-3.828373612007336,48.02445487327575],[-3.827553285915944,48.02442823009798],[-3.827548974679065,48.024085950560526],[-3.827359752801757,48.02372258250093],[-3.829661052268395,48.02363642996108],[-3.829979018171812,48.022858271928605],[-3.828603066392807,48.0228528873088],[-3.825963813857627,48.02326211681099],[-3.825923581349474,48.02221211353591],[-3.825261423326761,48.022314370098755],[-3.825269469828399,48.022405909515264],[-3.82468207520929,48.02244898683145],[-3.824593563691345,48.022766680926864],[-3.823929727306733,48.022859116976775],[-3.823173356153352,48.02289411699124],[-3.823587750987386,48.023513344086616],[-3.823035807357784,48.023593214865954],[-3.823220876895303,48.02419628012649],[-3.824033573560095,48.02411012837844],[-3.824419805638418,48.02428781620111],[-3.824701433195521,48.024643190008874],[-3.823896783032367,48.02488010451963],[-3.824443945143314,48.0254670016856],[-3.824548390424172,48.02546721479815],[-3.824596669433964,48.02584950201696],[-3.824571268568817,48.026189258521846],[-3.821899830027112,48.02649616108739],[-3.821907876528742,48.02675998814787],[-3.822088587913016,48.02720042645165],[-3.823730074245867,48.02726503640237],[-3.823771426872089,48.02738604727872],[-3.824399053999352,48.02753680316144],[-3.824270309973253,48.02836056858973],[-3.823260902075469,48.02820345299622],[-3.823116065046104,48.02893029612633],[-3.823011460524891,48.0291564230095],[-3.824306947287581,48.03022243638048],[-3.8229631815151,48.03068544542039],[-3.822198763860099,48.030922332157786],[-3.821812531781776,48.03105154264645],[-3.822794204980838,48.032311327933265],[-3.824620760851217,48.03180526404033],[-3.826584107249332,48.03085772679192],[-3.82787959401203,48.03065852640405],[-3.827750541935133,48.03018368653672],[-3.82727369077077,48.02945660430187],[-3.82703181137029,48.02918579040648],[-3.827659438497562,48.02902427139754],[-3.828158321598717,48.02893812771905],[-3.829751528921785,48.02809283523597]]]]}},{"type":"Feature","properties":{"Label":"OPAH COPRO ACV SAINT MALO","Type":"OPAH-D","Date_debut":"2025-07-01","Date_fin":"2028-06-30","Maitre_ouvrage":"MONSIEUR LE PRÉSIDENT DE SAINT MALO AGGLOMÉRATION","Code":"035COP003","Operateur":null,"Departement":"35","Territoire":"CG"},"geometry":{"type":"Polygon","coordinates":[]}},{"type":"Feature","properties":{"Label":"OPAH RU COEUR DE VILLE HISTORIQUE DE FOUGERES","Type":"OPAH-RU","Date_debut":"2022-01-01","Date_fin":"2026-12-31","Maitre_ouvrage":"MONSIEUR LE PRÉSIDENT DE FOUGÈRES AGGLOMÉRATION","Code":"035OPA039","Operateur":"URBANIS RENNES","Departement":"35","Territoire":"CG"},"geometry":{"type":"Polygon","coordinates":[[[-1.20870024117156,48.35430381241389],[-1.20776675425709,48.35383801016644],[-1.206700648266133,48.35387740449878],[-1.206711218842135,48.35345772214157],[-1.206676006325908,48.35301759809176],[-1.20659633036559,48.35271146693684],[-1.206339981344752,48.352404258432166],[-1.205909309385796,48.352125313073536],[-1.205409089878392,48.35180469987311],[-1.204887592746531,48.35163196584473],[-1.204450760945357,48.35155185333685],[-1.203479226828885,48.35140981213157],[-1.202657667247977,48.35121094400887],[-1.201436996329518,48.35098945786365],[-1.200352499235786,48.350814620433844],[-1.198579124552896,48.35044352625165],[-1.19746573189314,48.35032118174253],[-1.196545284691272,48.35026554787],[-1.196113159864369,48.35024408827725],[-1.195626157910608,48.350241418843865],[-1.195058225426652,48.35040109823563],[-1.194854577562783,48.35047967290925],[-1.194452459422267,48.35044449655864],[-1.193937331893957,48.35068596780725],[-1.19351003419439,48.35086733333494],[-1.194266778740926,48.35160040247333],[-1.195442992754797,48.35225623996183],[-1.195362329273092,48.352516178462366],[-1.194678442280298,48.352428809905774],[-1.194244046893862,48.35390481665068],[-1.194244049842537,48.35390481724369],[-1.19437812728952,48.35393178309163],[-1.194509056915743,48.35395811567195],[-1.194710477575757,48.353998625081246],[-1.194870571325423,48.35403082259717],[-1.194991093701095,48.354055061482384],[-1.195108698925281,48.35407871354389],[-1.196263296105883,48.354310911894345],[-1.195773320891028,48.35543428583417],[-1.196667667569705,48.355543422580865],[-1.19594944876473,48.35630190750607],[-1.194577443090031,48.35639792289494],[-1.194591550434008,48.35671708403748],[-1.194698950382129,48.356973131925265],[-1.19560079936945,48.357112142401995],[-1.195646304741042,48.35741448216769],[-1.197441768538484,48.35705703898597],[-1.197599029975095,48.35710623760657],[-1.197998192261882,48.35712886272976],[-1.198039999102866,48.35711928518676],[-1.198238372884597,48.35707383942229],[-1.198243182605466,48.35707273755061],[-1.198460096071831,48.357023044017666],[-1.198682709047622,48.35697204424996],[-1.198775260629682,48.356950840889354],[-1.198806590005734,48.35694366337905],[-1.198856487416245,48.35692989986055],[-1.19898679779994,48.3568939553894],[-1.199126725005437,48.356855358024156],[-1.199216494865996,48.35683059588786],[-1.199321093283955,48.35680113384509],[-1.199558138043412,48.35673436542008],[-1.199597067917427,48.35672339997593],[-1.199673379300946,48.356701905167874],[-1.199738968269068,48.356684167045266],[-1.199784649123155,48.35667181291781],[-1.199999310264611,48.35661375871684],[-1.200015870318703,48.35660928009836],[-1.200195067261258,48.35656081660921],[-1.200364330377535,48.356515039372816],[-1.200452840831471,48.356491101578214],[-1.200509703570025,48.35647572291239],[-1.200882378763555,48.35637493109857],[-1.200947403231439,48.35635734475534],[-1.200956921660893,48.35635272352157],[-1.201058654808721,48.356303331591874],[-1.201445721948707,48.356115406981864],[-1.201839180359223,48.35592437665357],[-1.202292143515618,48.355974786098564],[-1.203128070828435,48.356423449081156],[-1.203217412029227,48.35647139991576],[-1.203528346205752,48.35663828198328],[-1.203858566297877,48.35677362467328],[-1.20387934761498,48.356782141966455],[-1.203984052243442,48.35682505541495],[-1.204087181582654,48.35686732306714],[-1.204160976096647,48.35689756771728],[-1.204246648805649,48.3569326805385],[-1.204614245336179,48.357083338136476],[-1.20476414693095,48.35707125604266],[-1.206340259374474,48.35665150265438],[-1.206410113655854,48.356632898280566],[-1.206456444803502,48.35662055882076],[-1.206803413789766,48.356527179388785],[-1.206816799632186,48.356523576842655],[-1.207048451400383,48.35646123183477],[-1.207510227444826,48.356255813198906],[-1.20765848690519,48.35618986003194],[-1.2078060840411,48.35612420114831],[-1.207945185842623,48.356062321110116],[-1.208169262991119,48.355943125636266],[-1.208194783728555,48.35592955008758],[-1.208241933502917,48.35590446911551],[-1.208387656508937,48.35582695257239],[-1.208728984646635,48.35564538335375],[-1.20875416306232,48.355545837418276],[-1.208998451917238,48.35506119580573],[-1.209003992285305,48.355050204227254],[-1.209022866173741,48.35501276013898],[-1.209063802728629,48.35493154551779],[-1.20870024117156,48.35430381241389]]]}},{"type":"Feature","properties":{"Label":"OPAH RU DE ST MEEN LE GRAND","Type":"OPAH-RU","Date_debut":"2025-11-01","Date_fin":"2030-10-31","Maitre_ouvrage":"MONSIEUR LE MAIRE DE SAINT-MEEN LE GRAND","Code":"035OPA043","Operateur":null,"Departement":"35","Territoire":"CG"},"geometry":{"type":"Polygon","coordinates":[]}},{"type":"Feature","properties":{"Label":"OPAH RU RENNES CENTRE ANCIEN 2023 2028","Type":"OPAH-D","Date_debut":"2023-06-01","Date_fin":"2028-05-31","Maitre_ouvrage":"MONSIEUR LE VICE-PRÉSIDENT DE RENNES MÉTROPOLE EN CHARGE DU LOGEMENT, DE L'HABITAT ET DES GENS DU VOYAGE, AU TITRE DE RENNES MÉTROPOLE","Code":"035OPA040","Operateur":"TERRITOIRES PUBLICS","Departement":"35","Territoire":"ME"},"geometry":{"type":"Polygon","coordinates":[[[-1.674226820468903,48.11054744714665],[-1.674245595932007,48.11060654677828],[-1.67430192232132,48.11066743723674],[-1.674320697784424,48.11069788243893],[-1.674631834030151,48.111156349184924],[-1.67493846802347,48.111663472273854],[-1.675103902816772,48.111972982944565],[-1.675114631652832,48.112381294957785],[-1.675286293029785,48.1126463378614],[-1.675329208374023,48.11287556305398],[-1.675103902816772,48.11352025342591],[-1.674803495407104,48.1140145105667],[-1.674470901489258,48.1144801107708],[-1.67441725730896,48.11487407687896],[-1.674390435218811,48.115110455093934],[-1.674849092960358,48.11513015322944],[-1.674806177616119,48.115504416369006],[-1.674996614456177,48.1155151607251],[-1.675055623054504,48.11482393590568],[-1.675369441509247,48.11483109890487],[-1.675318479537964,48.11543099654221],[-1.675490140914917,48.11543995018525],[-1.675514280796051,48.11516238652577],[-1.675562560558319,48.115133734707804],[-1.675586700439453,48.11503345321909],[-1.675618886947632,48.115001219841865],[-1.675712764263153,48.11501017355979],[-1.675742268562317,48.11484184340176],[-1.676074862480164,48.11485258789641],[-1.67602926492691,48.11534504148974],[-1.676611304283142,48.11535399514775],[-1.676622033119202,48.1152340160008],[-1.676643490791321,48.11523043452942],[-1.676648855209351,48.114863332388815],[-1.677815616130829,48.11493854377271],[-1.677807569503784,48.115871513929285],[-1.67778879404068,48.116954884119906],[-1.677786111831665,48.11704799916936],[-1.677890717983246,48.117067696562046],[-1.67827159166336,48.11675611873818],[-1.678488850593567,48.116525120166294],[-1.678679287433624,48.116306655445065],[-1.678719520568847,48.11618130641512],[-1.678762435913086,48.11607565485239],[-1.67915940284729,48.11605774778632],[-1.679349839687347,48.116041631421524],[-1.679347157478332,48.11588942106025],[-1.679344475269318,48.115821373929364],[-1.679371297359467,48.11578018746426],[-1.679355204105377,48.11575869886067],[-1.679392755031586,48.1156888608369],[-1.679360568523407,48.1156745350767],[-1.679371297359467,48.115649464986745],[-1.679309606552124,48.115627976328476],[-1.679237186908722,48.11560827838383],[-1.679250597953797,48.11558678970834],[-1.679183542728424,48.11557067319582],[-1.679196953773499,48.11554202160552],[-1.679261326789856,48.115556347402666],[-1.679272055625916,48.115592161878055],[-1.679457128047943,48.115611859828874],[-1.679470539093018,48.1155688824719],[-1.679500043392181,48.11556530102386],[-1.679529547691345,48.1154972534637],[-1.679631471633911,48.11550620709519],[-1.679738759994507,48.115441740913674],[-1.679856777191162,48.115441740913674],[-1.679864823818207,48.115422042897634],[-1.680328845977783,48.11541487998084],[-1.680344939231873,48.11545248528287],[-1.680629253387451,48.11554560305518],[-1.680589020252228,48.11571034946971],[-1.680594384670257,48.115719303064054],[-1.680583655834198,48.11581421106825],[-1.680556833744049,48.11588225820862],[-1.680521965026855,48.11587867678244],[-1.680521965026855,48.115923444591914],[-1.680567562580109,48.11591449103314],[-1.680564880371094,48.1159700030724],[-1.680602431297302,48.11597179378235],[-1.680594384670257,48.11602193363547],[-1.68065071105957,48.116029096467635],[-1.680642664432526,48.11606670132013],[-1.680503189563751,48.116054166372365],[-1.680497825145721,48.1161114689658],[-1.680556833744049,48.11610251543978],[-1.680556833744049,48.116149073758],[-1.680495142936707,48.11615444586892],[-1.680508553981781,48.11619921343812],[-1.680564880371094,48.116240399567346],[-1.680599749088287,48.11623681816611],[-1.680597066879273,48.116267260068604],[-1.680548787117004,48.116274422866574],[-1.680567562580109,48.11634784148816],[-1.680607795715332,48.116337097306186],[-1.680618524551392,48.11636932984535],[-1.680551469326019,48.11637112054139],[-1.680551469326019,48.11642305069904],[-1.680578291416168,48.1164248413932],[-1.680575609207153,48.116464236648824],[-1.680631935596466,48.116464236648824],[-1.680637300014496,48.116498259799826],[-1.680610477924347,48.116498259799826],[-1.680634617805481,48.116557352587506],[-1.680623888969422,48.11662360805651],[-1.680618524551392,48.11667374727355],[-1.680626571178436,48.11677223487885],[-1.680521965026855,48.11677760692462],[-1.680540740489959,48.11685818754375],[-1.680599749088287,48.11685460618558],[-1.680586338043213,48.11688862907809],[-1.680497825145721,48.116895791789425],[-1.680495142936706,48.11696025614656],[-1.680648028850555,48.11697100019822],[-1.680607795715332,48.1170247204228],[-1.6805300116539,48.11703009244218],[-1.680527329444885,48.11712499802508],[-1.681085228919983,48.117105300654366],[-1.681085228919983,48.117062324546595],[-1.680873334407806,48.11706769656203],[-1.68088674545288,48.11672388644165],[-1.681138873100281,48.1167113516542],[-1.681112051010132,48.116686282070155],[-1.681047677993774,48.116682700700004],[-1.681053042411804,48.11655377120836],[-1.681138873100281,48.116557352587506],[-1.681165695190429,48.116509003948096],[-1.681240797042846,48.116514376021385],[-1.681238114833831,48.1162708414677],[-1.681321263313293,48.11625114376952],[-1.68089747428894,48.11620100414008],[-1.680945754051208,48.115334297098066],[-1.680961847305298,48.114897356599926],[-1.681026220321655,48.1148597508916],[-1.681466102600098,48.11484542490023],[-1.681557297706604,48.11478812089482],[-1.681589484214783,48.114691420240774],[-1.681632399559021,48.11462158076633],[-1.681613624095917,48.11456606727022],[-1.681699454784393,48.114506972192316],[-1.681948900222779,48.114449667809446],[-1.681873798370361,48.114331477317926],[-1.682219803333282,48.114163144936455],[-1.682319045066833,48.114091513968546],[-1.682337820529938,48.11408435086627],[-1.682488024234772,48.11417388957302],[-1.682589948177338,48.11416672648222],[-1.682571172714234,48.114071815434876],[-1.682734787464142,48.1140377906771],[-1.682718694210053,48.11397869499162],[-1.682745516300202,48.11398048577098],[-1.68277770280838,48.1140145105667],[-1.682831346988678,48.11400197511827],[-1.682879626750946,48.11413449256127],[-1.683045923709869,48.11412016636769],[-1.683078110218048,48.11420970501203],[-1.683577001094818,48.11413449256127],[-1.683437526226043,48.113796035170466],[-1.684003472328186,48.11376559180381],[-1.683952510356903,48.113453993955076],[-1.683960556983948,48.11341817798932],[-1.683904230594635,48.11333401037151],[-1.68427973985672,48.1131835827963],[-1.684376299381256,48.11314955745038],[-1.68441116809845,48.11333401037152],[-1.684432625770569,48.11338773439879],[-1.684636473655701,48.113371617196506],[-1.684609651565552,48.113305357534],[-1.684800088405609,48.11325700583446],[-1.684821546077728,48.113206863283175],[-1.68478935956955,48.11313523098218],[-1.684843003749847,48.11311195046286],[-1.684832274913788,48.11305643533576],[-1.685175597667694,48.113008083401986],[-1.684915423393249,48.11267499106639],[-1.684800088405609,48.112574704779014],[-1.684907376766205,48.1125406790299],[-1.685197055339813,48.11250307159677],[-1.685489416122437,48.11247620912769],[-1.685738861560822,48.11244755581185],[-1.686599850654602,48.112354432425036],[-1.6866534948349,48.11235085075294],[-1.68653279542923,48.112152067560324],[-1.686328947544098,48.1118064336918],[-1.686221659183502,48.111641674760094],[-1.686015129089355,48.11126380173684],[-1.685827374458313,48.110859062620534],[-1.685763001441955,48.1107426547623],[-1.685736179351806,48.11064594649494],[-1.685730814933777,48.110574310623996],[-1.685623526573181,48.11033432972875],[-1.685526967048645,48.110216129771416],[-1.684891283512115,48.11022150250265],[-1.684706211090087,48.11019463884087],[-1.684553325176239,48.11013912056204],[-1.684556007385254,48.10991525592596],[-1.684558689594269,48.1097092995995],[-1.684553325176239,48.10928126598513],[-1.684545278549194,48.10873323447965],[-1.684293150901794,48.10856130182264],[-1.684191226959228,48.108548765043906],[-1.683627963066101,48.108378622744326],[-1.682930588722229,48.108169078296086],[-1.68215274810791,48.10794162309891],[-1.681326627731323,48.10768730192266],[-1.680377125740051,48.10740432336004],[-1.679548323154449,48.107418651425974],[-1.678893864154816,48.10742581545745],[-1.677729785442352,48.107427606465144],[-1.675114631652832,48.10745268056655],[-1.673395335674286,48.107467008619004],[-1.67353481054306,48.108015053626914],[-1.673864722251892,48.10919171875294],[-1.674092710018158,48.10998510179708],[-1.674210727214813,48.11047222933537],[-1.674226820468903,48.11054744714665]]]}},{"type":"Feature","properties":{"Label":"OPAH RU VALLONS DE HAUTE BRETAGNE COMMUNAUTE","Type":"OPAH-RU","Date_debut":"2023-12-04","Date_fin":"2028-04-12","Maitre_ouvrage":"MONSIEUR LE PRÉSIDENT DE VALLONS DE HAUTE BRETAGNE COMMUNAUTÉ","Code":"035OPA042","Operateur":"URBANIS","Departement":"35","Territoire":"CG"},"geometry":{"type":"MultiPolygon","coordinates":[[[[-1.807954790363847,47.82383388859588],[-1.807922603855669,47.8235531757059],[-1.807359339962541,47.82356397238356],[-1.807123305569231,47.82356757127563],[-1.806852987168355,47.82348851845319],[-1.806661965618669,47.8234236153985],[-1.806568673012777,47.82343093606255],[-1.80649893557839,47.82343453496384],[-1.806439926980062,47.823445331666186],[-1.806297185192644,47.823438011004164],[-1.806232812176286,47.82345780495546],[-1.806200625668109,47.82350279118035],[-1.805511297951278,47.82355497515234],[-1.805366458664474,47.823684535131896],[-1.805226983795699,47.82399763708071],[-1.805323543320236,47.82405521884267],[-1.805436196098861,47.82412359710211],[-1.804793050644918,47.824215490641244],[-1.804803779480978,47.824460211661595],[-1.804669669030233,47.824460211661595],[-1.80466103769356,47.82475344120969],[-1.804226519833147,47.82478942929443],[-1.804353168366477,47.825154781214394],[-1.804160049317404,47.82519076902088],[-1.80425124442391,47.82545707801335],[-1.80439281679207,47.82567472832233],[-1.804848792324602,47.82557036458786],[-1.8049024365049,47.82567832706802],[-1.805159928570329,47.826002213161274],[-1.80564272619301,47.8258978500852],[-1.805685641537248,47.82600581188426],[-1.806162826392013,47.82594569230352],[-1.806176237437087,47.82590250756081],[-1.8062325638264,47.825897109465444],[-1.806428365084488,47.82587731644431],[-1.806578568789321,47.82585392468234],[-1.806522242400008,47.82566858958017],[-1.806766323420364,47.82562540460696],[-1.80735104498561,47.82552104077334],[-1.807313494059402,47.82543107178283],[-1.807259849879104,47.82535549771029],[-1.807197490552726,47.82528158544248],[-1.807304778913322,47.824771432555714],[-1.807776847699943,47.82474264207991],[-1.807809951077043,47.824434896986745],[-1.807954790363847,47.82383388859588]]],[[[-1.84489910837728,47.82542357622151],[-1.84438948866445,47.825272427944576],[-1.843718936410727,47.82515726705719],[-1.843731402668598,47.82505766664282],[-1.843758224758747,47.82488492450121],[-1.843575834545734,47.82488492450121],[-1.843194960865619,47.82487772689954],[-1.843039392742755,47.82479495440812],[-1.842948197636249,47.824755367517746],[-1.842631696972491,47.824683391276025],[-1.842561959538104,47.824683391276025],[-1.842181085857989,47.82463300784752],[-1.84213817051375,47.82443507247621],[-1.842111348423602,47.82437389229967],[-1.84215962818587,47.82398521655272],[-1.841923593792559,47.82386285506712],[-1.841526626858355,47.823636125669616],[-1.840968727383257,47.82441707831416],[-1.8409043543669,47.82449265375301],[-1.840839981350543,47.82452144436741],[-1.840780972752215,47.82463660666545],[-1.841199397358538,47.82477336156253],[-1.841330989348806,47.82481827987732],[-1.841253205287373,47.82493344151677],[-1.841076179492391,47.825134973771085],[-1.84104399298421,47.82517995854238],[-1.841221018779193,47.82523034144006],[-1.841145916926775,47.82536889415643],[-1.841019853103076,47.825654995348486],[-1.841290756213579,47.8257397696294],[-1.841400726783194,47.825782954507496],[-1.841470464217581,47.82586212669068],[-1.841612621295369,47.82593230193389],[-1.841663583266652,47.82594669684383],[-1.841706498610896,47.82595157830274],[-1.841980083930414,47.825964173844476],[-1.841988130557462,47.8261207181798],[-1.842022999274655,47.82612431689463],[-1.842929585921688,47.826171100164316],[-1.843176349151059,47.82617829758668],[-1.843342646109982,47.826171100164316],[-1.843986376273557,47.826142310464924],[-1.844013198363706,47.826030750228725],[-1.84415803765051,47.826052342551215],[-1.844211681830808,47.825951578302764],[-1.844362666574301,47.825970585354725],[-1.844684531656088,47.826017368763],[-1.84489910837728,47.82542357622151]]],[[[-1.993875247968859,47.89226957480978],[-1.993529044847285,47.89177730993843],[-1.992799483995234,47.89192467030596],[-1.992440821940534,47.8911146495745],[-1.992236974055402,47.89061864671462],[-1.992210151965253,47.8905539503392],[-1.992179893712791,47.890512150017074],[-1.992166482667717,47.89049058452325],[-1.992136978368551,47.89047261327149],[-1.992110156278402,47.89040432245803],[-1.992128931741508,47.89035579998322],[-1.992139660577568,47.890325248772044],[-1.992193304757865,47.89022460936081],[-1.992170031636681,47.89019374268287],[-1.992146206461552,47.89016214380771],[-1.992099427442343,47.89013295544105],[-1.992032372216971,47.8901293611664],[-1.991872193629377,47.89008669633914],[-1.988621783815985,47.88888975570648],[-1.988546681963568,47.88863096108062],[-1.988439393602972,47.88829668277492],[-1.988224816881781,47.88829668277492],[-1.98754791514357,47.88819447242314],[-1.987451355619034,47.88834184298562],[-1.987491153827707,47.88883224590138],[-1.987464331737558,47.888976020294365],[-1.987314128032724,47.889364209161926],[-1.987003426713546,47.890176247563005],[-1.986115615529615,47.89003067936112],[-1.986091475648481,47.890027085079375],[-1.986058254896231,47.89036342267755],[-1.986082394777365,47.89047484457264],[-1.985862453638145,47.89054493241608],[-1.985819538293906,47.89056290364274],[-1.985395749269554,47.890703078996424],[-1.985374291597434,47.89070667323127],[-1.985316171027798,47.89081674030735],[-1.985289348937648,47.890913784347724],[-1.985418094970363,47.890906595906515],[-1.98785280119394,47.89101955912863],[-1.987831343521822,47.89162697756499],[-1.987547029366243,47.89199358169425],[-1.987552393784274,47.89202413192125],[-1.987686504235017,47.892047493847336],[-1.987761606087434,47.89205468213017],[-1.987879623284091,47.89209242059868],[-1.987986911644686,47.89212476783554],[-1.988056649079074,47.892135550243296],[-1.988190759529818,47.89217149158639],[-1.988351692070712,47.89220743290455],[-1.988923002590887,47.89238596756777],[-1.98897396456217,47.89240932933064],[-1.989006151070348,47.89241292344707],[-1.989207912792913,47.892425502852575],[-1.98946749102091,47.89243808225508],[-1.989518264120465,47.89217373223405],[-1.989519049038638,47.89189896226525],[-1.990361262669318,47.89188458565537],[-1.990490008702032,47.892082263691584],[-1.990532924046271,47.89207687248241],[-1.990707267632239,47.89202296035993],[-1.990825171250018,47.89218526569418],[-1.99103438355318,47.89213135368457],[-1.990935255398509,47.89198522184081],[-1.991096187939403,47.89193130962292],[-1.991219569554088,47.89193310669774],[-1.991399163979205,47.892009152921624],[-1.991688842552813,47.89239372493672],[-1.991903419274005,47.89230027779387],[-1.992178040770426,47.89260562452406],[-1.991711336401835,47.892803299807845],[-1.991947370795147,47.893137549025596],[-1.993572789458172,47.89270266521222],[-1.993276917199886,47.89246379002825],[-1.993400298814571,47.892391907722875],[-1.993604146699703,47.89232002531776],[-1.993875247968859,47.89226957480978]]],[[[-2.011109914653598,47.935970881529606],[-2.01097730856297,47.935755064670346],[-2.010835151485181,47.935794566833366],[-2.010816376022077,47.935747882455644],[-2.010658125690198,47.93578379351919],[-2.010532061866494,47.93576224688407],[-2.010432820132942,47.93578738462416],[-2.010349671653481,47.9356509224595],[-2.010105590633126,47.935704789146456],[-2.009963433555337,47.93563296688469],[-2.009943153732108,47.93561177107106],[-2.00977417456417,47.93562613553728],[-2.009547691158029,47.935701198035744],[-2.009199003986087,47.93587716216765],[-2.008948054187577,47.93594215278458],[-2.008805897109788,47.93571232225079],[-2.008653011195939,47.93575362000012],[-2.008525685156236,47.93582544209427],[-2.008344557159229,47.935917015119706],[-2.008282866351886,47.93596190379841],[-2.00775061111804,47.936046128747485],[-2.007820348552428,47.936286731009226],[-2.007707611406696,47.93629184389128],[-2.007731835654937,47.93632443723231],[-2.007780115417205,47.93650758135343],[-2.007836441806517,47.93656144714798],[-2.007846657709818,47.936579358102215],[-2.007845604988758,47.93657435464735],[-2.007890001619709,47.93665094962643],[-2.008185128978462,47.936561261929796],[-2.008458714297982,47.93652714693298],[-2.008474807552071,47.93663128737902],[-2.00861160021183,47.93664744708455],[-2.008744010434409,47.93666127047699],[-2.008819112286826,47.93668102121612],[-2.008883485303183,47.93670256746839],[-2.009022960171957,47.93671872715168],[-2.009477953723643,47.93678570213701],[-2.009480635932658,47.936877273461754],[-2.009553055576061,47.93688086449079],[-2.00955841999409,47.936949093995096],[-2.009778361133312,47.93695268501914],[-2.00984273414967,47.93699218626725],[-2.00983736973164,47.93708375722629],[-2.009982209018444,47.93710889432389],[-2.01007876854298,47.93711428084323],[-2.010223607829784,47.937137622420515],[-2.01034698944447,47.937175328023066],[-2.010422091296887,47.936995777288296],[-2.010499875358318,47.93692036579373],[-2.010532061866498,47.9369221613068],[-2.010625939182021,47.936591785855164],[-2.010907571128585,47.93643916604783],[-2.010937075427748,47.93637452693484],[-2.010680761211216,47.93609118297547],[-2.010627117030918,47.93607322755356],[-2.011109914653598,47.935970881529606]]]]}},{"type":"Feature","properties":{"Label":"PACTE TERRITORIAL CA REDON AGGLOMERATION PIG","Type":"PIG","Date_debut":"2025-01-01","Date_fin":"2029-12-31","Maitre_ouvrage":null,"Code":"035PTA001","Operateur":"CITEMETRIE","Departement":"35","Territoire":"CG"},"geometry":{"type":"Polygon","coordinates":[]}},{"type":"Feature","properties":{"Label":"PACTE TERRITORIAL CC PAYS DE CHATEAUGIRON COMMUNAUTE PIG","Type":"PIG","Date_debut":"2025-01-01","Date_fin":"2029-12-31","Maitre_ouvrage":null,"Code":"035PTA003","Operateur":"SOLIHA ILLE-ET-VILAINE","Departement":"35","Territoire":"CG"},"geometry":{"type":"Polygon","coordinates":[]}},{"type":"Feature","properties":{"Label":"PACTE TERRITORIAL CC VALLONS DE HAUTE BRETAGNE COMMUNAUTE PIG","Type":"PIG","Date_debut":"2025-01-01","Date_fin":"2027-12-31","Maitre_ouvrage":null,"Code":"035PTA004","Operateur":"URBANIS","Departement":"35","Territoire":"CG"},"geometry":{"type":"Polygon","coordinates":[]}},{"type":"Feature","properties":{"Label":"PACTE TERRITORIAL RENNES METROPOLE PIG","Type":"PIG","Date_debut":"2025-01-01","Date_fin":"2029-12-31","Maitre_ouvrage":null,"Code":"035PTA002","Operateur":"URBANIS RENNES","Departement":"35","Territoire":"ME"},"geometry":{"type":"Polygon","coordinates":[]}},{"type":"Feature","properties":{"Label":"056 POPAC LORIENT AGGLOMERATION","Type":"POPAC","Date_debut":"2025-04-01","Date_fin":"2028-04-01","Maitre_ouvrage":"LE PRESIDENT LORIENT AGGLO","Code":"056POP002","Operateur":null,"Departement":"56","Territoire":"DL"},"geometry":{"type":"Polygon","coordinates":[]}},{"type":"Feature","properties":{"Label":"OPAH COPROPRIETES DEGRADEES ACV VILLE DE LORIENT","Type":"OPAH-D","Date_debut":"2022-01-01","Date_fin":"2026-12-31","Maitre_ouvrage":"VILLE DE LORIENT","Code":"056COP002","Operateur":"ABEE","Departement":"56","Territoire":"CA"},"geometry":{"type":"Polygon","coordinates":[[[-3.386119692947482,47.756274617467724],[-3.386755476019112,47.75469311036225],[-3.386977999832248,47.75204291062758],[-3.387009789106601,47.749146771187725],[-3.386723685938565,47.748056669431875],[-3.386596530102092,47.746656603274275],[-3.385770012894777,47.744657970695556],[-3.383973925586456,47.74271270425372],[-3.382511625372635,47.74099183044971],[-3.380620171651308,47.73891815523874],[-3.379793652225274,47.738052318034406],[-3.378061145581526,47.73698336359895],[-3.376312742134544,47.736395429062654],[-3.37480275799426,47.73555092983415],[-3.373213301624858,47.735433340487354],[-3.369478076733869,47.73560437956957],[-3.368429034403746,47.73588231748546],[-3.366632947095425,47.73597852618124],[-3.366315056074093,47.73566851911914],[-3.366013058722167,47.73550817038622],[-3.36534548728276,47.73583955786925],[-3.365027595746944,47.736299220900534],[-3.362595725366994,47.738201969993305],[-3.360974479007544,47.73935641306104],[-3.360434063658594,47.74031842958854],[-3.359480389051149,47.740874252508895],[-3.358526714443704,47.741301805359456],[-3.358018088772204,47.74148351407602],[-3.357509461791031,47.740810119355515],[-3.356444525277019,47.741162851271845],[-3.356841889580237,47.74167591086785],[-3.357016730841706,47.74223171995567],[-3.353996761251465,47.74165453356143],[-3.353662975531762,47.74270201521647],[-3.354489492626793,47.74288371917738],[-3.351135738626521,47.74380291724555],[-3.350468165877441,47.74434801574275],[-3.351405946300996,47.74549163431765],[-3.351835099731926,47.74599396386865],[-3.351962255822383,47.746784855509084],[-3.35145362884121,47.7471696090807],[-3.351167528292518,47.74860172318644],[-3.351723837825358,47.74895440164761],[-3.351755626193136,47.7494246361718],[-3.351644364286569,47.75067501223133],[-3.352613933063977,47.750653638678656],[-3.352550356328422,47.75298331939529],[-3.353440450324964,47.75430841282225],[-3.35437823074852,47.755462498591335],[-3.354807384190903,47.75727906289793],[-3.35598358096878,47.75785607663238],[-3.357652512186643,47.75853993580449],[-3.359305549220619,47.75856130617625],[-3.361864575691027,47.75815526585105],[-3.362738776759681,47.75881775083306],[-3.363930869364151,47.7603991323526],[-3.364995806025254,47.760783785394835],[-3.366060742539267,47.75991831198826],[-3.366887259746582,47.759651187577305],[-3.368715135422681,47.75908487964231],[-3.371353634122206,47.75795224483938],[-3.371735103703249,47.75724700659969],[-3.371878156478145,47.75658450199939],[-3.371719210710237,47.75606090305039],[-3.371900284870494,47.75605849886649],[-3.371614182357293,47.755005943147125],[-3.371177081909199,47.75341905458401],[-3.374737465884888,47.75312518106403],[-3.374642098817046,47.75266566593101],[-3.375571930838984,47.752606891058655],[-3.375627561792268,47.75305571973704],[-3.375714981768166,47.75386253340635],[-3.377185230633097,47.753867876403994],[-3.377598489236754,47.75391062097664],[-3.378671372842712,47.753825131576114],[-3.379529679727477,47.75357400530588],[-3.380221093752391,47.75310380827304],[-3.380387987028252,47.75277787364049],[-3.379942938747144,47.75230232606974],[-3.380515143118709,47.752104625246425],[-3.382082471832341,47.75287645571637],[-3.38344940569828,47.75378479093795],[-3.383687823695305,47.754554192183676],[-3.384196450676477,47.75556935687111],[-3.384609709541305,47.75597541741052],[-3.385420332564732,47.75637078845448],[-3.386119692947482,47.756274617467724]]]}},{"type":"Feature","properties":{"Label":"OPAH RU CENTRE VILLE D'AURAY","Type":"OPAH-RU","Date_debut":"2025-01-01","Date_fin":"2029-12-31","Maitre_ouvrage":"LE PRESIDENT D'AURAY QUIBERON TERRE ATLANTIQUE","Code":"056OPA024","Operateur":"CDHAT","Departement":"56","Territoire":"DL"},"geometry":{"type":"Polygon","coordinates":[[[-3.000044459895168,47.67815988081927],[-3.000276514110873,47.67764247911406],[-3.000281878528904,47.677487155981986],[-3.000082306744815,47.67719884503154],[-2.998849463567553,47.67588497187111],[-2.997480691704849,47.67444382142769],[-2.997440589099205,47.67408896748182],[-2.997379457759553,47.673225305255464],[-2.997331177997285,47.672647307450184],[-2.997159516620332,47.67247390686024],[-2.997320449161225,47.67228966810209],[-2.99743481736965,47.67118395683404],[-2.997483097131918,47.67021938169424],[-2.995894267324188,47.670387715464145],[-2.994443825437575,47.67041261597305],[-2.993011525823623,47.670318686702984],[-2.992825167535512,47.67023707640403],[-2.992009775994985,47.66964820736113],[-2.991741555093495,47.66957595303321],[-2.9906257561433,47.66973491242262],[-2.990154877700109,47.669780404386934],[-2.989693537749547,47.66926739779184],[-2.989741817511815,47.66918069195357],[-2.989962203095308,47.668272986797035],[-2.990235788414826,47.667290293473705],[-2.990417240690284,47.66714479196127],[-2.99126481873899,47.66661369484344],[-2.991243361066871,47.66651975873636],[-2.989816425870948,47.66650530701257],[-2.989104124621309,47.66631183166224],[-2.989222141817964,47.66619260434639],[-2.98905584485904,47.666127571150234],[-2.98913797852039,47.665871384201715],[-2.988590807881352,47.66567989615823],[-2.988194869725106,47.66553161488794],[-2.987459944455025,47.66523173512255],[-2.987695978848335,47.66475481435665],[-2.9876745211762,47.66455970915095],[-2.987052248684745,47.66448022163589],[-2.986167119709832,47.66420562747081],[-2.9860544669312,47.664256210714996],[-2.985834525791978,47.66476565351325],[-2.985571669308519,47.66470061853925],[-2.98552338954625,47.664758427409026],[-2.984509514538622,47.66447660856416],[-2.984337853161668,47.66476204046127],[-2.984311031071519,47.66479094487015],[-2.983672665325975,47.664581387543144],[-2.983393715588426,47.66463197042324],[-2.983173774449197,47.66456332221698],[-2.982615874974099,47.664350150895686],[-2.982208179203835,47.66419117510633],[-2.982122348515359,47.664360990136416],[-2.982277916638222,47.66458138754317],[-2.982304738728371,47.66483791450048],[-2.982301611721685,47.665169133520095],[-2.982275692034391,47.66588026525557],[-2.98229714970651,47.66609704328807],[-2.981347647715238,47.66613317287261],[-2.980714646387724,47.66617652834107],[-2.980435696650175,47.66618736720256],[-2.980376688051847,47.66625240032422],[-2.980392781305936,47.666422208648754],[-2.980483976412442,47.66645111213834],[-2.98056980710092,47.66658840349531],[-2.980290857363371,47.66671124282439],[-2.979856339502958,47.66675821072676],[-2.979636398363736,47.6665775647171],[-2.979449302729685,47.66674747530176],[-2.978848487910349,47.66646205426133],[-2.979019528845464,47.66631137980818],[-2.979008800009404,47.66540813577568],[-2.978460137239658,47.66476661958555],[-2.977601830354892,47.664047617326894],[-2.976835099319802,47.66323130643409],[-2.976781455139501,47.662772433343605],[-2.976754633049347,47.66143553599159],[-2.976491776565888,47.66138495001415],[-2.976416674713474,47.662147347762186],[-2.976271835426669,47.66313013791037],[-2.976100174049716,47.66361068665189],[-2.975615025070972,47.66413542904487],[-2.976226568726368,47.66466293831985],[-2.975577809196431,47.66506285800855],[-2.974794604164082,47.66562287485424],[-2.974530516289205,47.66598882251065],[-2.974262295387716,47.666425989710724],[-2.976520715378256,47.6667728305043],[-2.97881093698414,47.66649818359323],[-2.979404537430936,47.666787458280986],[-2.979201880503324,47.66697137221403],[-2.979480830240873,47.66704724304181],[-2.979861703920988,47.66736156386771],[-2.980178204584745,47.667581948605296],[-2.980500069666532,47.667719236987814],[-2.980720010805753,47.668094971767076],[-2.981320825625089,47.668011876808464],[-2.981964555788663,47.667704785596136],[-2.982238141108182,47.66752053000146],[-2.982818037492466,47.66694819831019],[-2.983290106279087,47.66707103679253],[-2.983649522287083,47.66724445533425],[-2.984126955491734,47.66750819492865],[-2.984561049512802,47.66775075081747],[-2.984705888799606,47.667823007672226],[-2.984936558774887,47.66798919805855],[-2.985065304807602,47.668159000732814],[-2.984679066709457,47.66831435163175],[-2.984640168602758,47.66834506320371],[-2.983819412644201,47.6684534472142],[-2.98383550589829,47.668525703096144],[-2.98359410708695,47.668554605420915],[-2.98358874266892,47.668540154260526],[-2.983309792931376,47.66857266936579],[-2.983347343857585,47.66872440625575],[-2.983626293595134,47.668865304401415],[-2.983685302193462,47.668865304401415],[-2.983781861717998,47.66890143206981],[-2.983797954972087,47.66894839800132],[-2.984017896111308,47.66908207003663],[-2.984870838578044,47.66925186915541],[-2.984951304848491,47.66921212898563],[-2.985139059479534,47.66874247014183],[-2.985364365036784,47.66872079347778],[-2.98571841662675,47.66868827846481],[-2.985804247315227,47.66891588313015],[-2.98595981543809,47.66891227036543],[-2.985981273110216,47.66921574172961],[-2.985938357765978,47.66931328572191],[-2.985970544274156,47.66944695682269],[-2.985927628929918,47.66973597424858],[-2.986383604462451,47.66973236154064],[-2.98688785975725,47.66943611863808],[-2.986871766503161,47.66980461565204],[-2.986807393486817,47.67067888247204],[-2.986898588593324,47.67073307208216],[-2.988271879608948,47.6705668904328],[-2.988357710297425,47.670480186753515],[-2.988454269821961,47.67047657409709],[-2.988609837944825,47.6705452145265],[-2.989033626969178,47.67050186268684],[-2.989638362086711,47.670428984519475],[-2.98967054859489,47.67062406778671],[-2.989649090922771,47.67072522178634],[-2.990051422275008,47.67115151148779],[-2.990110430873336,47.67142245652199],[-2.990428284734485,47.67138354499282],[-2.990432295955123,47.67147664536002],[-2.990679059184492,47.671411618747634],[-2.990754161036909,47.671809002335785],[-2.991430077708674,47.67173313842995],[-2.991387162364436,47.67178371437944],[-2.991381797946406,47.67209078159204],[-2.991253051913692,47.6724267471783],[-2.991821680224848,47.67256041030474],[-2.991805586970759,47.672625435485706],[-2.991623196757746,47.672618210469594],[-2.991741213954402,47.67283134802424],[-2.991993341601801,47.67276993559776],[-2.992087470896961,47.67286910950534],[-2.992210852511647,47.67302444638434],[-2.991588580020191,47.67327009445851],[-2.9916261309464,47.673338731213725],[-2.991840707667592,47.673288156771264],[-2.99187289417577,47.67340014297081],[-2.992422495696012,47.67430980760433],[-2.992921386572782,47.674389280150244],[-2.993527565810156,47.67529598108344],[-2.994010363432837,47.675165937295866],[-2.994074736449194,47.6753032057288],[-2.994031821104955,47.6754115752892],[-2.993897710654211,47.67551272000918],[-2.993645583006811,47.675548843075944],[-2.993554387900305,47.67572223344832],[-2.993715320441198,47.676032889757906],[-2.993393455359411,47.676105135146216],[-2.993490014883947,47.67625323787955],[-2.993956719252539,47.67611235967954],[-2.994187389227813,47.67655305432122],[-2.99477747521109,47.67758614356294],[-2.994620768321409,47.677659098141824],[-2.994953362239256,47.67847543976524],[-2.995253769648924,47.678677717131016],[-2.995640007747068,47.67934233723983],[-2.99582239796008,47.67973966043517],[-2.996423212779417,47.67972521237199],[-2.996466128123655,47.679891364856985],[-2.999840612010042,47.68012897054232],[-2.99988889177231,47.67990502678449],[-2.999958629206697,47.67979666655659],[-2.999990815714876,47.67976415844433],[-3.000774020747225,47.67822903008048],[-3.000044459895168,47.67815988081927]]]}},{"type":"Feature","properties":{"Label":"OPAH RU CENTRE VILLE LE PALAIS","Type":"OPAH-RU","Date_debut":"2025-01-01","Date_fin":"2029-12-31","Maitre_ouvrage":"LE MAIRE DE LE PALAIS","Code":"056OPA025","Operateur":null,"Departement":"56","Territoire":"DL"},"geometry":{"type":"Polygon","coordinates":[[[-3.157011878168789,47.347884303653395],[-3.157575139814479,47.348002482976156],[-3.158326155342066,47.348075208581704],[-3.159224691776858,47.34786612219563],[-3.160659667874212,47.34674795050742],[-3.15982818639724,47.34619340128996],[-3.158232278401118,47.345311565126494],[-3.158084757493913,47.34539338559673],[-3.157722660721684,47.345102467793026],[-3.15784335964576,47.34503882930976],[-3.15776892864258,47.34497882724096],[-3.157839336348291,47.34493337108284],[-3.157866158331419,47.34489927893855],[-3.157758870398907,47.344853822711926],[-3.157782339634144,47.34479472955879],[-3.156873744955678,47.3443447102995],[-3.156635699855417,47.34424697833715],[-3.156658241900129,47.34420414512693],[-3.156618008925438,47.344185962401546],[-3.156581128698636,47.344229146364114],[-3.156289439632118,47.34411777712556],[-3.156084922010767,47.34401095334946],[-3.155474721894603,47.343610930480295],[-3.155350670222636,47.34357683748195],[-3.155236676794341,47.34357456461461],[-3.155095861382918,47.34360183901622],[-3.153774878713858,47.34413368703115],[-3.153667590781346,47.34413595987443],[-3.153697765512365,47.34416550682798],[-3.153429545681084,47.3443291511944],[-3.15335243247959,47.344331424029264],[-3.151525569079298,47.34544542485552],[-3.151528921827189,47.34550679006448],[-3.151639562507592,47.34551815398423],[-3.151753555935886,47.34564315694009],[-3.151884313103636,47.34570907574589],[-3.151921193330438,47.34573634904467],[-3.151810552650034,47.34584771486848],[-3.151817258145816,47.3459477166325],[-3.151901076843092,47.34606362753102],[-3.152008364775604,47.346122719263676],[-3.152202824153282,47.34615453786156],[-3.152206176901174,47.34619317470462],[-3.152239704380084,47.34620453847662],[-3.152289995598449,47.34617271990888],[-3.152407341774635,47.34621590224615],[-3.152045245002407,47.34642272242442],[-3.151983865957057,47.34654178190435],[-3.15324785191197,47.34720541770536],[-3.153432253045976,47.34705087312711],[-3.153499308003796,47.34705314584478],[-3.153587899643683,47.34768688294403],[-3.153718656811433,47.34768461025365],[-3.153735420550888,47.34778006316525],[-3.153651601853612,47.34778915390972],[-3.153611368878921,47.34781415344899],[-3.153611368878921,47.34785506176041],[-3.153654954601504,47.347886879314025],[-3.15480159438023,47.34778233585151],[-3.154935704295871,47.34766188334451],[-3.154888765825396,47.347343705588855],[-3.154949115287434,47.347343705588855],[-3.154912235060633,47.34713234359094],[-3.15526762633708,47.34712779816234],[-3.156266745208603,47.34729597876009],[-3.156571845266684,47.347439159116945],[-3.156548376031447,47.347473249620855],[-3.156878523195499,47.34762097488336],[-3.157011878168789,47.347884303653395]]]}},{"type":"Feature","properties":{"Label":"OPAH RU CENTRES ANCIENS PLOERMEL MAURON ET JOSSELIN","Type":"OPAH-RU","Date_debut":"2025-10-01","Date_fin":"2030-09-30","Maitre_ouvrage":"LE PRESIDENT DE PLOERMEL COMMUNAUTE","Code":"056OPA027","Operateur":null,"Departement":"56","Territoire":"DL"},"geometry":{"type":"Polygon","coordinates":[]}},{"type":"Feature","properties":{"Label":"OPAH RU HENNEBONT","Type":"OPAH-RU","Date_debut":"2025-11-01","Date_fin":"2030-12-31","Maitre_ouvrage":"MAIRE D'HENNEBONT","Code":"056OPA026","Operateur":null,"Departement":"56","Territoire":"DL"},"geometry":{"type":"Polygon","coordinates":[]}},{"type":"Feature","properties":{"Label":"OPAH RU MULTISITE CENTRES VILLES DE PONTIVY REGUINY ROHAN","Type":"OPAH-RU","Date_debut":"2026-03-01","Date_fin":"2031-03-01","Maitre_ouvrage":"LE PRESIDENT DE PONTIVY COMMUNAUTE","Code":"056OPA028","Operateur":null,"Departement":"56","Territoire":"DL"},"geometry":{"type":"Polygon","coordinates":[]}},{"type":"Feature","properties":{"Label":"PACTE TERRITORIAL CA AURAY QUIBEBRON TERRE ATLANTIQUE PIG","Type":"PIG","Date_debut":"2025-01-01","Date_fin":"2029-12-31","Maitre_ouvrage":null,"Code":"056PTA001","Operateur":"AQTA","Departement":"56","Territoire":"DL"},"geometry":{"type":"Polygon","coordinates":[]}},{"type":"Feature","properties":{"Label":"PACTE TERRITORIAL CA DE LA PRESQU ILE DE GUERANDE ATLANTIQUE CAP ATLANTIQUE PIG","Type":"PIG","Date_debut":"2025-01-01","Date_fin":"2029-12-31","Maitre_ouvrage":null,"Code":"044PTA010","Operateur":"ASSOC. SOLIHA PAYS DE LA LOIRE - CAISSE D AVANCE","Departement":"56","Territoire":"DL"},"geometry":{"type":"Polygon","coordinates":[]}},{"type":"Feature","properties":{"Label":"PACTE TERRITORIAL CA LORIENT AGGLOMERATION PIG","Type":"PIG","Date_debut":"2025-01-01","Date_fin":"2029-12-31","Maitre_ouvrage":null,"Code":"056PTA003","Operateur":"ESPACE INFO HABITAT","Departement":"56","Territoire":"CA"},"geometry":{"type":"Polygon","coordinates":[]}},{"type":"Feature","properties":{"Label":"PACTE TERRITORIAL CA REDON AGGLOMERATION PIG","Type":"PIG","Date_debut":"2025-01-01","Date_fin":"2029-12-31","Maitre_ouvrage":null,"Code":"035PTA001","Operateur":"CITEMETRIE","Departement":"56","Territoire":"DL"},"geometry":{"type":"Polygon","coordinates":[]}},{"type":"Feature","properties":{"Label":"PACTE TERRITORIAL CC BAUD COMMUNAUTE PIG","Type":"PIG","Date_debut":"2025-01-01","Date_fin":"2029-12-31","Maitre_ouvrage":null,"Code":"056PTA006","Operateur":null,"Departement":"56","Territoire":"DL"},"geometry":{"type":"Polygon","coordinates":[]}},{"type":"Feature","properties":{"Label":"PACTE TERRITORIAL CC PLOERMEL COMMUNAUTE PIG","Type":"PIG","Date_debut":"2025-01-01","Date_fin":"2029-12-31","Maitre_ouvrage":null,"Code":"056PTA007","Operateur":null,"Departement":"56","Territoire":"DL"},"geometry":{"type":"Polygon","coordinates":[]}},{"type":"Feature","properties":{"Label":"PACTE TERRITORIAL CC PONTIVY COMMUNAUTE PIG","Type":"PIG","Date_debut":"2025-01-01","Date_fin":"2029-12-31","Maitre_ouvrage":null,"Code":"056PTA004","Operateur":"CDHAT","Departement":"56","Territoire":"DL"},"geometry":{"type":"Polygon","coordinates":[]}},{"type":"Feature","properties":{"Label":"PACTE TERRITORIAL CC ROI MORVAN COMMUNAUTE PIG","Type":"PIG","Date_debut":"2025-01-01","Date_fin":"2029-12-31","Maitre_ouvrage":null,"Code":"056PTA005","Operateur":null,"Departement":"56","Territoire":"DL"},"geometry":{"type":"Polygon","coordinates":[]}},{"type":"Feature","properties":{"Label":"PACTE TERRITORIAL GOLFE DU MORBIHAN VANNES AGGLOMERATION PIG","Type":"PIG","Date_debut":"2025-01-01","Date_fin":"2029-12-31","Maitre_ouvrage":null,"Code":"056PTA002","Operateur":"GMVA","Departement":"56","Territoire":"CA"},"geometry":{"type":"Polygon","coordinates":[]}}]}