{
"type": "FeatureCollection",
"name": "QPV_2024_Bretagne_WGS84",
"crs": { "type": "name", "properties": { "name": "urn:ogc:def:crs:OGC:1.3:CRS84" } },
"features": [
{ "type": "Feature", "properties": { "fid": 196.0, "code_qp": "QN02201M", "lib_qp": "Ar Santé - Les Fontaines", "insee_reg": "53", "lib_reg": "Bretagne", "insee_dep": "22", "lib_dep": "Côtes-d'Armor", "insee_com": "22113", "lib_com": "Lannion", "siren_epci": "200065928" }, "geometry": { "type": "MultiPolygon", "coordinates": [ [ [ [ -3.446315893611221, 48.729993098341545 ], [ -3.446164424481931, 48.729980419795588 ], [ -3.446066774847017, 48.729905328541598 ], [ -3.44576108406472, 48.729424454836526 ], [ -3.445606978449606, 48.729118247392911 ], [ -3.445529031146127, 48.728880137386376 ], [ -3.445019412082361, 48.729181900659199 ], [ -3.444880162317296, 48.729216210853728 ], [ -3.44480131803164, 48.729203439243349 ], [ -3.444462960278629, 48.728817697789275 ], [ -3.444134635959867, 48.728572587158844 ], [ -3.443998186241209, 48.728420622680673 ], [ -3.443914885525234, 48.728248911254553 ], [ -3.443903753076777, 48.727201898176112 ], [ -3.444110021493189, 48.727007018871682 ], [ -3.444362121065339, 48.726748332632482 ], [ -3.444425102410593, 48.726717219391674 ], [ -3.444643413610018, 48.726420737326372 ], [ -3.44510679277648, 48.726518834531575 ], [ -3.445512326406371, 48.726557429620478 ], [ -3.445328551253381, 48.72677250122144 ], [ -3.44526199953321, 48.726978129305117 ], [ -3.445226871801883, 48.727246104815066 ], [ -3.445196607085144, 48.727341907750365 ], [ -3.445203648447989, 48.727458361020837 ], [ -3.445260624063116, 48.727710852581552 ], [ -3.445615498253479, 48.727664871467084 ], [ -3.445931669467921, 48.72766160158433 ], [ -3.446362285508334, 48.727141874255928 ], [ -3.446437933813287, 48.727089535486712 ], [ -3.446154522612694, 48.726955943312127 ], [ -3.4459112485773, 48.726746696272123 ], [ -3.445985311660261, 48.726682143856401 ], [ -3.446024694303673, 48.726592328358315 ], [ -3.446451287290138, 48.726443974185585 ], [ -3.446818919772563, 48.726380230951904 ], [ -3.447283467535725, 48.72630915193897 ], [ -3.448556906886489, 48.726119114473093 ], [ -3.449952810720895, 48.726075159860386 ], [ -3.451817088343908, 48.726020819423816 ], [ -3.45176690839973, 48.725704638345718 ], [ -3.451671290345896, 48.725505743716724 ], [ -3.452046145100815, 48.72540195170658 ], [ -3.452093173830848, 48.725487754033196 ], [ -3.452615350506382, 48.725402646502154 ], [ -3.45270776212349, 48.725307720114706 ], [ -3.453760613239419, 48.725686901273654 ], [ -3.453663870603653, 48.725797574396019 ], [ -3.454037921638775, 48.725964154273818 ], [ -3.454008266968736, 48.72603048101265 ], [ -3.453477091870241, 48.725996635738916 ], [ -3.451823421656944, 48.726020998229281 ], [ -3.451891797768991, 48.72640769789524 ], [ -3.451958190017132, 48.726625399446689 ], [ -3.45213495628923, 48.726893489477348 ], [ -3.452270230994927, 48.727145037822737 ], [ -3.450045376827732, 48.728207712209489 ], [ -3.450329700844676, 48.72847033647615 ], [ -3.450515445121844, 48.728385631417559 ], [ -3.450798244441704, 48.72866321869342 ], [ -3.451373215329227, 48.728387810257267 ], [ -3.451638608647077, 48.728619783939685 ], [ -3.451378898049571, 48.728750525729389 ], [ -3.451188895910389, 48.72883271942591 ], [ -3.451155393009083, 48.728865906597505 ], [ -3.45139349237424, 48.728972316510017 ], [ -3.45144339345169, 48.72898138901558 ], [ -3.451520375787784, 48.728939346570925 ], [ -3.451620062396509, 48.729029610226256 ], [ -3.45171041751705, 48.729110682856209 ], [ -3.452041959235764, 48.728952844480794 ], [ -3.45211596315699, 48.729034431630183 ], [ -3.451890806678336, 48.729147059202312 ], [ -3.452005841077086, 48.729273112044439 ], [ -3.451917670313898, 48.729300606652856 ], [ -3.452082360493927, 48.729376065255835 ], [ -3.452182926452882, 48.729473399940069 ], [ -3.45198078035082, 48.729522974234612 ], [ -3.451906846728428, 48.729529451464835 ], [ -3.451469297555328, 48.729546507479704 ], [ -3.451385187134182, 48.729638225927253 ], [ -3.450812956668634, 48.729878515740957 ], [ -3.450434506804493, 48.729982522451117 ], [ -3.450608489663617, 48.730151598554748 ], [ -3.450813958187678, 48.730167087898316 ], [ -3.450939241614728, 48.730210406997458 ], [ -3.451011040682129, 48.730255057258546 ], [ -3.451447116085555, 48.730149351183471 ], [ -3.451476624574437, 48.730141109442876 ], [ -3.451512931685703, 48.730141230378393 ], [ -3.45155650801434, 48.730161834670916 ], [ -3.451694918729125, 48.730234713759152 ], [ -3.451917137073782, 48.730062496692049 ], [ -3.45228381919676, 48.73028840661059 ], [ -3.451888059270444, 48.730544257867443 ], [ -3.451908578544351, 48.730561401709501 ], [ -3.451601501112108, 48.730793018682228 ], [ -3.451584671659889, 48.730784535633894 ], [ -3.451519784787103, 48.730833980284778 ], [ -3.451527209662741, 48.730842972789844 ], [ -3.451254593363861, 48.731044695182604 ], [ -3.451318894734963, 48.731077418706789 ], [ -3.451026397800122, 48.731297037913201 ], [ -3.451629005222174, 48.731780060907809 ], [ -3.451318982098151, 48.732003537870355 ], [ -3.450899605479191, 48.731699073063744 ], [ -3.450455535940151, 48.731350922324566 ], [ -3.449929720200264, 48.730965511194157 ], [ -3.449648428109419, 48.730745355412033 ], [ -3.449453795799823, 48.730524159689637 ], [ -3.449328346504214, 48.730320094404007 ], [ -3.449387065717175, 48.730284555111346 ], [ -3.450365783822718, 48.729994595446662 ], [ -3.450336305612896, 48.729947652701163 ], [ -3.45025663875135, 48.729769292657394 ], [ -3.450206803328524, 48.729596101951977 ], [ -3.448950372949406, 48.729707463961319 ], [ -3.447893446680153, 48.729811664824808 ], [ -3.446315893611221, 48.729993098341545 ] ] ] ] } },
{ "type": "Feature", "properties": { "fid": 197.0, "code_qp": "QN02202M", "lib_qp": "Ker Uhel", "insee_reg": "53", "lib_reg": "Bretagne", "insee_dep": "22", "lib_dep": "Côtes-d'Armor", "insee_com": "22113", "lib_com": "Lannion", "siren_epci": "200065928" }, "geometry": { "type": "MultiPolygon", "coordinates": [ [ [ [ -3.473188442548051, 48.74618840573995 ], [ -3.472383756335892, 48.746305338381987 ], [ -3.472295595671678, 48.746020659720116 ], [ -3.472222143166665, 48.745868089573989 ], [ -3.47203754593298, 48.74575309500252 ], [ -3.471534979190455, 48.746245573264204 ], [ -3.471218018718264, 48.746600691131881 ], [ -3.471216348505595, 48.74690263939047 ], [ -3.470883441666408, 48.746951133008821 ], [ -3.470277447046563, 48.746697468271194 ], [ -3.470263935291206, 48.746702263070681 ], [ -3.470121791701207, 48.746836635481415 ], [ -3.470009377727933, 48.747083948778624 ], [ -3.469765072492059, 48.747570472656534 ], [ -3.469823980754166, 48.747747416267195 ], [ -3.46982076746069, 48.747833082202185 ], [ -3.469670263496065, 48.748219860152709 ], [ -3.468927964596293, 48.748101438718521 ], [ -3.468452606575791, 48.748031510810634 ], [ -3.467894049172028, 48.747977361254499 ], [ -3.466822715914733, 48.747963433631831 ], [ -3.466824202388562, 48.748222408300215 ], [ -3.465677874716423, 48.748427669120908 ], [ -3.465008604631978, 48.748620547957046 ], [ -3.464488942354586, 48.748692491467423 ], [ -3.464325309510578, 48.748700424991071 ], [ -3.463505038582757, 48.748609770185716 ], [ -3.462968361403893, 48.748539768317215 ], [ -3.46263696061649, 48.748542822548949 ], [ -3.462435881338525, 48.748558515890927 ], [ -3.462097827030848, 48.748634294860544 ], [ -3.461659148251884, 48.748695256569192 ], [ -3.461080998791535, 48.748728344478067 ], [ -3.46158919761021, 48.746753197924974 ], [ -3.464666746216815, 48.746565628974864 ], [ -3.464939592780828, 48.746692512967499 ], [ -3.465733723754607, 48.74668805869792 ], [ -3.466678762941046, 48.746675407826494 ], [ -3.466643191844744, 48.746388805697187 ], [ -3.465895063660109, 48.746450021763067 ], [ -3.46587409415648, 48.746272810552682 ], [ -3.465859834149026, 48.746155672489479 ], [ -3.465836178357358, 48.746048756585424 ], [ -3.465819996384522, 48.74594428684739 ], [ -3.466248985107072, 48.745797108489839 ], [ -3.466014728361172, 48.745487693148092 ], [ -3.466678173636476, 48.745220784157333 ], [ -3.46672517567425, 48.745187821849548 ], [ -3.46686566321404, 48.745139647816728 ], [ -3.466978615964586, 48.745116621276651 ], [ -3.467010075950928, 48.745177987988662 ], [ -3.467129011982704, 48.745271774907124 ], [ -3.467249665461375, 48.745351952518114 ], [ -3.467394167387295, 48.745418445696835 ], [ -3.467549981399774, 48.745466303294641 ], [ -3.467723596453273, 48.745492920309225 ], [ -3.46885359376392, 48.745389892084461 ], [ -3.468963327867105, 48.745368629625673 ], [ -3.469052480926697, 48.745318270271824 ], [ -3.469286396977353, 48.745130986212438 ], [ -3.469397854993805, 48.744999910468998 ], [ -3.469552129623697, 48.744733601928822 ], [ -3.469926452153443, 48.744305539789224 ], [ -3.469542511476552, 48.744134914371507 ], [ -3.468743582451476, 48.743817872778891 ], [ -3.468650029064893, 48.743489557916469 ], [ -3.46859942310316, 48.743109352161682 ], [ -3.468476703357437, 48.743081099511869 ], [ -3.468338759067955, 48.743053673415908 ], [ -3.468033488171185, 48.743010149575248 ], [ -3.467847809118594, 48.74294994389637 ], [ -3.467651406244702, 48.742868504674632 ], [ -3.467773575418038, 48.742737476168152 ], [ -3.467954761793047, 48.742539226021222 ], [ -3.467873503298188, 48.742444155135679 ], [ -3.467838195135244, 48.742313818802934 ], [ -3.467920577449408, 48.742126879593812 ], [ -3.467979391998902, 48.742106791153219 ], [ -3.468152475347401, 48.741882263166012 ], [ -3.468249679313912, 48.741910775168741 ], [ -3.468485366341134, 48.741902482667079 ], [ -3.468546869181487, 48.741876616261621 ], [ -3.468639465135757, 48.741881725129261 ], [ -3.468897673345344, 48.741890230222019 ], [ -3.469203474398413, 48.741925434882816 ], [ -3.469351920127459, 48.741755361867128 ], [ -3.470061605424933, 48.741990191953867 ], [ -3.47087981048374, 48.742294078144177 ], [ -3.470981533457632, 48.742387829860974 ], [ -3.471349866208439, 48.742662025429361 ], [ -3.471612843518282, 48.742812880222871 ], [ -3.472449646166291, 48.743156361548138 ], [ -3.472723648472866, 48.743275047726449 ], [ -3.473136697200438, 48.74286708987966 ], [ -3.473347773699769, 48.742631780759702 ], [ -3.473499516166422, 48.742427551456274 ], [ -3.473775601437265, 48.742209806413264 ], [ -3.474060071694169, 48.742032153171372 ], [ -3.474143098935609, 48.742077555978483 ], [ -3.474666627989104, 48.742342151826016 ], [ -3.475256549282624, 48.742640301183165 ], [ -3.476478752724144, 48.743265009043107 ], [ -3.475977695272089, 48.743704162197595 ], [ -3.476167414870671, 48.743791840261416 ], [ -3.476389414003573, 48.743796666463005 ], [ -3.476391453982845, 48.743840482935262 ], [ -3.476471239272956, 48.743838398009778 ], [ -3.477506456728462, 48.743836285727632 ], [ -3.477492705463025, 48.743616161173712 ], [ -3.477915012030467, 48.743615724291956 ], [ -3.477930312610196, 48.74475250016414 ], [ -3.478168860351248, 48.744726012114157 ], [ -3.478417324482913, 48.744669699344392 ], [ -3.478686967393868, 48.744591960027044 ], [ -3.478997829318918, 48.74447418698584 ], [ -3.479381313522409, 48.744308990705811 ], [ -3.479658042886951, 48.744156187054692 ], [ -3.479748967725077, 48.744065639005818 ], [ -3.479846160034935, 48.744107658873745 ], [ -3.479844079867096, 48.744173100134624 ], [ -3.479862856014227, 48.744241912309988 ], [ -3.479962142789601, 48.744382936681497 ], [ -3.479978860262478, 48.744763858786051 ], [ -3.478978934348159, 48.744995081636311 ], [ -3.478985795616338, 48.745022867099479 ], [ -3.478727225133375, 48.745291148957165 ], [ -3.478916601473842, 48.745384662023284 ], [ -3.479245096801014, 48.745491966367368 ], [ -3.479559472877381, 48.745472614976691 ], [ -3.479638888643055, 48.746042731387881 ], [ -3.478874236159796, 48.746084318892578 ], [ -3.47803684425747, 48.745775687833174 ], [ -3.47762339892396, 48.745593581601788 ], [ -3.477137543226132, 48.745336362416118 ], [ -3.474913749893879, 48.743998423493316 ], [ -3.474588820498535, 48.744247706578058 ], [ -3.474260647079716, 48.744278965289709 ], [ -3.474179774368999, 48.744352835847074 ], [ -3.473588992502139, 48.744395808494076 ], [ -3.473446762269151, 48.744561796656008 ], [ -3.473318341410067, 48.744795253278618 ], [ -3.473125436768206, 48.74506436546249 ], [ -3.473152039222734, 48.745086573063681 ], [ -3.473293188296969, 48.745139725613377 ], [ -3.473072747217851, 48.74536100294403 ], [ -3.474005146394231, 48.745753988402889 ], [ -3.473334098850069, 48.746437716499976 ], [ -3.473266607562058, 48.746228085671277 ], [ -3.473209690451352, 48.746235326741676 ], [ -3.473188442548051, 48.74618840573995 ] ] ] ] } },
{ "type": "Feature", "properties": { "fid": 198.0, "code_qp": "QN02203I", "lib_qp": "Croix Saint-Lambert - Ville Oger", "insee_reg": "53", "lib_reg": "Bretagne", "insee_dep": "22", "lib_dep": "Côtes-d'Armor", "insee_com": "22278", "lib_com": "Saint-Brieuc", "siren_epci": "200069409" }, "geometry": { "type": "MultiPolygon", "coordinates": [ [ [ [ -2.749492776810793, 48.499371293562831 ], [ -2.748402731530385, 48.499947123796851 ], [ -2.747211113738322, 48.500590555621834 ], [ -2.74687813385361, 48.500768732325255 ], [ -2.746471366773765, 48.500944335039215 ], [ -2.745963987354863, 48.501053589387951 ], [ -2.745698373187151, 48.501137358048261 ], [ -2.745602037745597, 48.501122585722776 ], [ -2.745443314630719, 48.501111040048208 ], [ -2.74474759805286, 48.50075155920198 ], [ -2.742774082179138, 48.49970926867563 ], [ -2.744294659287739, 48.498801654109862 ], [ -2.744065185625794, 48.498671009508989 ], [ -2.74382457614184, 48.498672065824017 ], [ -2.743198026803204, 48.498457504293867 ], [ -2.742996111919609, 48.498377428474903 ], [ -2.742962592207231, 48.498416025429385 ], [ -2.742878873518521, 48.498385567778918 ], [ -2.742857225981377, 48.498386502331826 ], [ -2.74249492157195, 48.498752410571967 ], [ -2.742535741789832, 48.49880038727315 ], [ -2.742667274870184, 48.498916484371492 ], [ -2.742796630997795, 48.499034835271949 ], [ -2.742723955766801, 48.499063062190338 ], [ -2.742695442028042, 48.499143938106045 ], [ -2.742529861738066, 48.499166994889457 ], [ -2.742484757020563, 48.499345357464897 ], [ -2.742608596879292, 48.499354401074918 ], [ -2.74265461924712, 48.499390846126225 ], [ -2.742418685233472, 48.499494655849915 ], [ -2.741891998451005, 48.499202174068358 ], [ -2.741784749575299, 48.49910853427285 ], [ -2.741774549459788, 48.498956483160484 ], [ -2.741711853434298, 48.498856389392508 ], [ -2.741392735650503, 48.498186459908716 ], [ -2.740643576285095, 48.498326926757883 ], [ -2.740420893933288, 48.498286140495779 ], [ -2.74001396220789, 48.498127508591978 ], [ -2.739712800144539, 48.497960533940443 ], [ -2.739553052734092, 48.497859764681472 ], [ -2.739531877525615, 48.497784517055557 ], [ -2.739370384419566, 48.497711250626089 ], [ -2.739234771681591, 48.497650960605391 ], [ -2.739167777207507, 48.4975848551098 ], [ -2.739273183675897, 48.497478541958714 ], [ -2.739331085768034, 48.497419288954447 ], [ -2.73943039965072, 48.497370641482959 ], [ -2.740869770344653, 48.497074777468079 ], [ -2.740834610442119, 48.497024552613446 ], [ -2.740906429939222, 48.497007091894247 ], [ -2.740849393736346, 48.496872039772349 ], [ -2.740895771860865, 48.496838054238552 ], [ -2.74093935371899, 48.496775283056813 ], [ -2.740952707505285, 48.496721037574964 ], [ -2.741177300789844, 48.496730995798224 ], [ -2.741577348405023, 48.496772626496174 ], [ -2.743346843695503, 48.497123936505389 ], [ -2.743548855979021, 48.497167866735587 ], [ -2.743636760545793, 48.497026103918607 ], [ -2.743890248021413, 48.496691944906132 ], [ -2.744100516164914, 48.496452941510036 ], [ -2.744223563175427, 48.4962953031079 ], [ -2.744320084431898, 48.496176166821414 ], [ -2.744426181306339, 48.496022130812229 ], [ -2.744450315225378, 48.495914742838465 ], [ -2.744443042138867, 48.495751207095168 ], [ -2.744373737637807, 48.49539487942026 ], [ -2.744432955487963, 48.49531007735429 ], [ -2.744617226187251, 48.49519963346247 ], [ -2.744339606521148, 48.495004136098849 ], [ -2.744661286063428, 48.494839232101526 ], [ -2.745521268513244, 48.494477414751422 ], [ -2.745933409899797, 48.494313084481412 ], [ -2.746735044177454, 48.494783879816858 ], [ -2.746391499505392, 48.495951945316293 ], [ -2.745989914733784, 48.496154224340117 ], [ -2.745547351797294, 48.495773890031941 ], [ -2.744665449510305, 48.495219320009092 ], [ -2.744455639227524, 48.495323481196216 ], [ -2.744413180134881, 48.495393216546454 ], [ -2.74446948974386, 48.495751979409974 ], [ -2.744486043640832, 48.495917688710726 ], [ -2.744486627235578, 48.496008663211633 ], [ -2.744950407451753, 48.496204681196737 ], [ -2.745288084189611, 48.496348474640918 ], [ -2.745595725751127, 48.496464311262152 ], [ -2.745988356472559, 48.496639110445784 ], [ -2.746490453793728, 48.496806488400232 ], [ -2.746391722430286, 48.496934766098626 ], [ -2.746854670619502, 48.496952252279655 ], [ -2.747017025157811, 48.496851609407571 ], [ -2.747078892048643, 48.496885136532136 ], [ -2.747192577081623, 48.496978460058848 ], [ -2.747124713531257, 48.497037610538783 ], [ -2.747082407200687, 48.497123453453639 ], [ -2.746956728482965, 48.497215484881984 ], [ -2.74634453259418, 48.497511924715283 ], [ -2.746026002166042, 48.497660733428866 ], [ -2.745952265328042, 48.497601316965415 ], [ -2.745575126582213, 48.497338862951992 ], [ -2.74476028728444, 48.497849752912011 ], [ -2.745098885591502, 48.498088678375723 ], [ -2.745278849433027, 48.498204542104268 ], [ -2.745618753658828, 48.498008823774285 ], [ -2.745910058843768, 48.497846815274514 ], [ -2.746504608166575, 48.497556783043684 ], [ -2.746968132738556, 48.497334175857262 ], [ -2.747082841067066, 48.497318948978531 ], [ -2.747227344190275, 48.49732483775982 ], [ -2.747345602887354, 48.497356706319039 ], [ -2.747431403788938, 48.497357919695276 ], [ -2.747520973031756, 48.49734928198604 ], [ -2.747607728503781, 48.497314998157506 ], [ -2.747711584100718, 48.497377643854215 ], [ -2.747925910794884, 48.497495603963763 ], [ -2.748158671751086, 48.497620686463314 ], [ -2.7484025540064, 48.497782456421305 ], [ -2.748628643196558, 48.49795734627066 ], [ -2.748218715025512, 48.49831668336671 ], [ -2.748666392293293, 48.498652587639825 ], [ -2.748802149929648, 48.498802589636583 ], [ -2.748916607277229, 48.498931714307695 ], [ -2.748829115101338, 48.4990476789594 ], [ -2.749126780917744, 48.499178680371664 ], [ -2.749492776810793, 48.499371293562831 ] ] ] ] } },
{ "type": "Feature", "properties": { "fid": 199.0, "code_qp": "QN02204M", "lib_qp": "Le Plateau - Europe - Balzac", "insee_reg": "53", "lib_reg": "Bretagne", "insee_dep": "22", "lib_dep": "Côtes-d'Armor", "insee_com": "22278", "lib_com": "Saint-Brieuc", "siren_epci": "200069409" }, "geometry": { "type": "MultiPolygon", "coordinates": [ [ [ [ -2.735019306339631, 48.516328861860863 ], [ -2.735535752168738, 48.515726636220577 ], [ -2.735859351414617, 48.515359222637478 ], [ -2.736462286093406, 48.514678863819235 ], [ -2.736575740018002, 48.514549805910029 ], [ -2.736708871555477, 48.514777454483379 ], [ -2.736768700023699, 48.515133978252337 ], [ -2.737209182610774, 48.515050860111856 ], [ -2.737234855923846, 48.515076235927317 ], [ -2.737863012411704, 48.51498501848495 ], [ -2.737791041899014, 48.514763216181372 ], [ -2.738276137719657, 48.514686253907222 ], [ -2.738429675247583, 48.514675575212927 ], [ -2.738577854768746, 48.514643578743566 ], [ -2.738897344419004, 48.514600676268877 ], [ -2.738847466574049, 48.514445000200745 ], [ -2.739371006083605, 48.514383532670607 ], [ -2.739936768297305, 48.513828082063384 ], [ -2.739984330301978, 48.51385031253708 ], [ -2.740253779285236, 48.513613769016466 ], [ -2.740404439150461, 48.513503893485804 ], [ -2.740782401713735, 48.513685667788295 ], [ -2.740845715518819, 48.513635339257476 ], [ -2.741078519539655, 48.51376465947132 ], [ -2.741075943517235, 48.513928328376821 ], [ -2.74108167130161, 48.514055842521181 ], [ -2.742117445177243, 48.514057091779733 ], [ -2.742499549813027, 48.514066120252039 ], [ -2.743055523749994, 48.514074070444856 ], [ -2.743239235562081, 48.514087195563285 ], [ -2.74306521610159, 48.513835069151391 ], [ -2.742678436286406, 48.5120959929205 ], [ -2.743746390382906, 48.512114017036652 ], [ -2.744972470693897, 48.512113365082683 ], [ -2.747239837717574, 48.512139324431416 ], [ -2.747224553618312, 48.512855664764928 ], [ -2.747663407089915, 48.512870697802413 ], [ -2.747762321701802, 48.512912241604539 ], [ -2.747746763949344, 48.512994768042461 ], [ -2.747877982344121, 48.513001274540592 ], [ -2.747765146968651, 48.513230098162254 ], [ -2.748085639825913, 48.513298870351939 ], [ -2.748162371703741, 48.513342603473724 ], [ -2.748243025489448, 48.513399432558501 ], [ -2.748364487874231, 48.513402460637032 ], [ -2.748423053616323, 48.513365880172302 ], [ -2.748550193211791, 48.513331507834934 ], [ -2.748789920958059, 48.513113733338805 ], [ -2.748871039851342, 48.51305347617852 ], [ -2.748880233953953, 48.512972578370075 ], [ -2.748819025246031, 48.51289647756272 ], [ -2.750053205089651, 48.512853020138429 ], [ -2.750085593912178, 48.513203072750528 ], [ -2.750337119396732, 48.513200387826181 ], [ -2.750408376729927, 48.513328121057221 ], [ -2.750282225618891, 48.513560485805989 ], [ -2.749786861678704, 48.51381834984943 ], [ -2.749525359715006, 48.513940519393685 ], [ -2.749191932910268, 48.514022733092013 ], [ -2.749288652567845, 48.51425887029972 ], [ -2.749255150496475, 48.514370766833906 ], [ -2.749105819393683, 48.514460177293401 ], [ -2.748747649385648, 48.51475279566197 ], [ -2.748611079446735, 48.51496855138587 ], [ -2.748341220570932, 48.514960712985307 ], [ -2.748330960488113, 48.514919382463582 ], [ -2.747535780808471, 48.514922734308236 ], [ -2.747542230205599, 48.515216165728077 ], [ -2.747397055519521, 48.515223198578369 ], [ -2.747375795152075, 48.515264154839961 ], [ -2.746051481211051, 48.515253796104162 ], [ -2.74605026313081, 48.515272035819038 ], [ -2.745610335530511, 48.515267674679222 ], [ -2.745438350396298, 48.515146484894828 ], [ -2.745304673931344, 48.515152958361298 ], [ -2.745267158934979, 48.514391834474566 ], [ -2.745256612728402, 48.51413336361351 ], [ -2.743953963571258, 48.5141143419496 ], [ -2.742978800750517, 48.51410880199969 ], [ -2.742427688500856, 48.514141158123529 ], [ -2.742535819400826, 48.514446428680927 ], [ -2.742755788210759, 48.514866560704256 ], [ -2.743192058893924, 48.515696817770369 ], [ -2.743394854982839, 48.516186082692613 ], [ -2.743518487842673, 48.51645716154065 ], [ -2.743595631587139, 48.516726656364646 ], [ -2.743706250232113, 48.517161832187554 ], [ -2.743321775911838, 48.517156590941248 ], [ -2.743352589244686, 48.517613813818521 ], [ -2.743410938405778, 48.517642181879779 ], [ -2.743355357177908, 48.517714596991659 ], [ -2.743411118051813, 48.518273364035281 ], [ -2.743703592419123, 48.518295903069635 ], [ -2.744015242889212, 48.518291825039853 ], [ -2.744201194290609, 48.518425941550888 ], [ -2.744526552177926, 48.518949637685125 ], [ -2.744609698940918, 48.519279556117993 ], [ -2.744624771982374, 48.519442128626665 ], [ -2.744558112277164, 48.519564621692474 ], [ -2.744429295980862, 48.519624069132441 ], [ -2.744232884165868, 48.519646422062621 ], [ -2.74403301306997, 48.519612061598394 ], [ -2.744002402361644, 48.519571113116079 ], [ -2.743559877868627, 48.519573631799787 ], [ -2.743399420463017, 48.519569179130301 ], [ -2.742920394602628, 48.51956407774118 ], [ -2.742323892513373, 48.519539511944629 ], [ -2.741913575853365, 48.519527491147684 ], [ -2.741495898546128, 48.519343405745389 ], [ -2.741507209990506, 48.519215326920765 ], [ -2.741533727324311, 48.519211929470814 ], [ -2.7415607123264, 48.518979432268544 ], [ -2.741622146665011, 48.518935175232095 ], [ -2.741704640863809, 48.518919256681151 ], [ -2.74178706216556, 48.518915268142436 ], [ -2.742271455474053, 48.518924853541158 ], [ -2.742300111515802, 48.518833558843475 ], [ -2.742355512539338, 48.51858317227159 ], [ -2.742238049321711, 48.518582435156638 ], [ -2.741123832200257, 48.518559290367293 ], [ -2.741121376832273, 48.518511703012884 ], [ -2.740890071549795, 48.51850546390439 ], [ -2.74089056384771, 48.518459568782035 ], [ -2.740857195396969, 48.51845751361536 ], [ -2.740860015809055, 48.518445450611097 ], [ -2.740737403840078, 48.518445122113896 ], [ -2.740750144622671, 48.518113273000218 ], [ -2.740657973055877, 48.517232297005897 ], [ -2.74061449356577, 48.517087612447156 ], [ -2.740297155345438, 48.517090122226733 ], [ -2.740081937748857, 48.517109556946025 ], [ -2.739827423885385, 48.517153447654465 ], [ -2.73964171429238, 48.517208069718222 ], [ -2.739376186766262, 48.517305317719845 ], [ -2.739110345260658, 48.517475257102561 ], [ -2.738846993906598, 48.517642840003234 ], [ -2.738576768113362, 48.517747652653604 ], [ -2.738601358368023, 48.51787123305467 ], [ -2.738546434522717, 48.518075722891297 ], [ -2.738355082912216, 48.518386381706627 ], [ -2.738218521626393, 48.518602258803696 ], [ -2.738064892977441, 48.51879761709877 ], [ -2.737883844472833, 48.518942656783395 ], [ -2.737586518631563, 48.519112400802534 ], [ -2.736421967132117, 48.519518816141719 ], [ -2.73602864793114, 48.519719438202877 ], [ -2.735698391969267, 48.520062957449262 ], [ -2.735518373438014, 48.520335876410158 ], [ -2.735278974183899, 48.521932748924698 ], [ -2.735049257311531, 48.523174719137472 ], [ -2.734990042730189, 48.523304492623119 ], [ -2.735211354437521, 48.523358015497408 ], [ -2.735633405187547, 48.523398464040781 ], [ -2.735585011250129, 48.523763767216209 ], [ -2.734809932003625, 48.524081703868681 ], [ -2.734460159359218, 48.524206976755941 ], [ -2.734430393081657, 48.524170390859112 ], [ -2.734386545911175, 48.524109769579077 ], [ -2.734316611652599, 48.524124556428923 ], [ -2.734134619497575, 48.523858389304138 ], [ -2.734515693707603, 48.523703690877724 ], [ -2.734522216387299, 48.523613432979445 ], [ -2.73447046044312, 48.522653774402862 ], [ -2.734493518977161, 48.522541344809355 ], [ -2.734792487196125, 48.522068187056448 ], [ -2.734796132215611, 48.522025809650039 ], [ -2.734765407291514, 48.521972249493203 ], [ -2.734836434597455, 48.521949215536821 ], [ -2.734961990221333, 48.521904810626076 ], [ -2.734761898856028, 48.521688019344246 ], [ -2.734675568861101, 48.521505038293583 ], [ -2.734681608695628, 48.521383647129049 ], [ -2.734614005269544, 48.52137940130428 ], [ -2.734058693164476, 48.521325116145618 ], [ -2.73401665955979, 48.521491010502814 ], [ -2.733240799915275, 48.520989059250361 ], [ -2.733162271022036, 48.520978174913004 ], [ -2.733078696991189, 48.520996891654264 ], [ -2.732747248027886, 48.521223911701057 ], [ -2.73209649042188, 48.520655632840658 ], [ -2.732617886650289, 48.520320544724555 ], [ -2.733022972231968, 48.520413144967989 ], [ -2.733072403659437, 48.520315695515407 ], [ -2.733116556251876, 48.520326870720119 ], [ -2.733123440376265, 48.520311328322052 ], [ -2.73353786941186, 48.520347190944058 ], [ -2.733597307123498, 48.519931480418322 ], [ -2.733584417850282, 48.519864214261531 ], [ -2.733565084899973, 48.519813773013212 ], [ -2.734047628334246, 48.519703676932338 ], [ -2.73397478271231, 48.519637223167123 ], [ -2.733633604167409, 48.519128832177167 ], [ -2.734930542786124, 48.51871785281952 ], [ -2.7350030102441, 48.518802181931704 ], [ -2.73552352465178, 48.518642827385328 ], [ -2.736077628332703, 48.518475507542355 ], [ -2.735871889879663, 48.518076776233023 ], [ -2.735731578468523, 48.517850571752668 ], [ -2.736059674658194, 48.517789080857938 ], [ -2.737170605980698, 48.51783955337978 ], [ -2.737824740880117, 48.517838470602442 ], [ -2.738168182861302, 48.517835422236637 ], [ -2.738478873209317, 48.517737899989292 ], [ -2.739329209615657, 48.517292186409783 ], [ -2.739158985812019, 48.517266561233626 ], [ -2.738931567304161, 48.517332697506582 ], [ -2.738835553635009, 48.51731832926901 ], [ -2.738447765850958, 48.51673059130497 ], [ -2.739188744012726, 48.516415268638781 ], [ -2.739280886379148, 48.516524885702289 ], [ -2.740191986057094, 48.516067692375472 ], [ -2.740094364571898, 48.515932966495242 ], [ -2.739848433406968, 48.515730186690561 ], [ -2.739550507291521, 48.515531756649807 ], [ -2.739364857219524, 48.515626975779426 ], [ -2.738399073930025, 48.51603736291716 ], [ -2.737743193501568, 48.516310994922463 ], [ -2.737195759507634, 48.516541128647084 ], [ -2.736994820796629, 48.516603155081718 ], [ -2.73677608907507, 48.516638988120135 ], [ -2.735451422844355, 48.516588069465364 ], [ -2.735315187006753, 48.516542870157181 ], [ -2.735183515091424, 48.516439971913869 ], [ -2.73530723806181, 48.516357907432997 ], [ -2.735019306339631, 48.516328861860863 ] ] ] ] } },
{ "type": "Feature", "properties": { "fid": 200.0, "code_qp": "QN02205I", "lib_qp": "Waron - Point Du Jour", "insee_reg": "53", "lib_reg": "Bretagne", "insee_dep": "22", "lib_dep": "Côtes-d'Armor", "insee_com": "22278", "lib_com": "Saint-Brieuc", "siren_epci": "200069409" }, "geometry": { "type": "MultiPolygon", "coordinates": [ [ [ [ -2.787596383485651, 48.520829304706503 ], [ -2.787514017372312, 48.520907271782242 ], [ -2.787410662089528, 48.520919448315773 ], [ -2.787337051996606, 48.520884951812739 ], [ -2.787086130966824, 48.520847511845375 ], [ -2.786102972626, 48.520928579037871 ], [ -2.78589663663001, 48.520933673046301 ], [ -2.785697488262359, 48.520913576958627 ], [ -2.785460716692604, 48.520868819855529 ], [ -2.785384335604381, 48.521076043854563 ], [ -2.785186187271176, 48.521294536940211 ], [ -2.784829331720697, 48.521674588331067 ], [ -2.784702811263608, 48.521838071644332 ], [ -2.784500345253222, 48.522051544848871 ], [ -2.783547122674884, 48.521625676411517 ], [ -2.782854345409046, 48.521278797280701 ], [ -2.782536490985581, 48.52113011092478 ], [ -2.782313644618263, 48.521005677432875 ], [ -2.782213605984358, 48.520948320419031 ], [ -2.782018932274524, 48.520784887121287 ], [ -2.781787546411924, 48.520517963846643 ], [ -2.781659702694003, 48.520285737460362 ], [ -2.781463450702555, 48.5195468131651 ], [ -2.781414755073916, 48.519489571928503 ], [ -2.781418058991656, 48.519406613657459 ], [ -2.781492420905436, 48.519335096409208 ], [ -2.781582883171991, 48.519319096718981 ], [ -2.781672684682703, 48.519319688617152 ], [ -2.782466246281375, 48.519364086019458 ], [ -2.783159776239669, 48.519378034054036 ], [ -2.783379183792337, 48.519423641758095 ], [ -2.783438594050248, 48.519510167094921 ], [ -2.783486714730838, 48.519855570666451 ], [ -2.783625693673502, 48.519895162719365 ], [ -2.784015711821138, 48.519409172775404 ], [ -2.784116720370046, 48.519175043603084 ], [ -2.784214070714978, 48.518970850553636 ], [ -2.784260818489632, 48.518870079817816 ], [ -2.784300527218743, 48.518720764797663 ], [ -2.784319259082555, 48.518642546790851 ], [ -2.784285961241063, 48.518635732853667 ], [ -2.783923389023113, 48.517316913265091 ], [ -2.784365053254323, 48.51713342403167 ], [ -2.784409797906501, 48.516986193598157 ], [ -2.784405928512006, 48.516820190784131 ], [ -2.785173850291188, 48.517125430476135 ], [ -2.785730959287092, 48.517008381412303 ], [ -2.785843178703803, 48.517391593187675 ], [ -2.785965871365905, 48.517995948894018 ], [ -2.785935460924367, 48.518013991460748 ], [ -2.78569055094636, 48.518497979279047 ], [ -2.785447303990806, 48.518965129977374 ], [ -2.78588525163621, 48.519051453171443 ], [ -2.787280606580155, 48.519293260255438 ], [ -2.787670007959865, 48.519363115420397 ], [ -2.788067521868317, 48.519416850097116 ], [ -2.787970171523388, 48.519846725458777 ], [ -2.787782724721827, 48.520361458897462 ], [ -2.787632682560828, 48.520777018569632 ], [ -2.787596383485651, 48.520829304706503 ] ] ] ] } },
{ "type": "Feature", "properties": { "fid": 201.0, "code_qp": "QN02206I", "lib_qp": "La Fontaine des Eaux", "insee_reg": "53", "lib_reg": "Bretagne", "insee_dep": "22", "lib_dep": "Côtes-d'Armor", "insee_com": "22050", "lib_com": "Dinan", "siren_epci": "200068989" }, "geometry": { "type": "MultiPolygon", "coordinates": [ [ [ [ -2.046692165176452, 48.460681530057414 ], [ -2.04492066348674, 48.462160463575472 ], [ -2.044018788782652, 48.462184018525306 ], [ -2.043776135217722, 48.462508681000081 ], [ -2.043672727727896, 48.462659937948935 ], [ -2.043587903481408, 48.462760719617165 ], [ -2.043553812916394, 48.46293672153957 ], [ -2.043594619946644, 48.463015077203949 ], [ -2.043658194787395, 48.463071420008305 ], [ -2.043823167296757, 48.463128355109575 ], [ -2.042903734393641, 48.463821282192661 ], [ -2.042641974173809, 48.464052771912449 ], [ -2.041830419615687, 48.464706896138907 ], [ -2.041732088017062, 48.46476601851306 ], [ -2.041661016750796, 48.464816567556127 ], [ -2.041546781777497, 48.4648362769898 ], [ -2.041247320522061, 48.464834157241988 ], [ -2.040638180891334, 48.464863024654065 ], [ -2.040513058316256, 48.464862402850407 ], [ -2.040291576053967, 48.464788645674822 ], [ -2.040167389286883, 48.464704811477063 ], [ -2.039794818472987, 48.464348600691707 ], [ -2.039646498133088, 48.464257623085039 ], [ -2.039400888338101, 48.464211623812915 ], [ -2.039160169224178, 48.46421012834471 ], [ -2.038658956640337, 48.464237394358058 ], [ -2.038297082356906, 48.463859428852288 ], [ -2.03862654978917, 48.463752924704082 ], [ -2.038849516855735, 48.463609779760631 ], [ -2.03906613689339, 48.463423832722562 ], [ -2.039351286733773, 48.463379243088553 ], [ -2.04042259577919, 48.463338092128318 ], [ -2.040759252295621, 48.463322902436545 ], [ -2.04096577395012, 48.463323621391538 ], [ -2.041485393124778, 48.463333867144414 ], [ -2.041512830476929, 48.463518100772411 ], [ -2.041758238870563, 48.463440835549008 ], [ -2.041968010998349, 48.463397423960565 ], [ -2.042371412734314, 48.46333531710593 ], [ -2.043369438166828, 48.463197508093771 ], [ -2.043453304058633, 48.463191999900396 ], [ -2.043510638451538, 48.463091536239617 ], [ -2.043546300715949, 48.462997935316203 ], [ -2.043481657726598, 48.462743741124903 ], [ -2.043170039357962, 48.462197066236783 ], [ -2.042962712594026, 48.462241765787773 ], [ -2.042777594722417, 48.462253793224221 ], [ -2.042333570827213, 48.46230430234948 ], [ -2.041983442742128, 48.462346170801041 ], [ -2.041549132851157, 48.462438608775905 ], [ -2.041209222778958, 48.462491441990501 ], [ -2.040930006984414, 48.462380070192054 ], [ -2.040893830605833, 48.462337056581376 ], [ -2.040743630081162, 48.461895956767457 ], [ -2.040172036596922, 48.461904765985892 ], [ -2.040102344542526, 48.462128112457464 ], [ -2.040096856076812, 48.462192266065223 ], [ -2.04011098703691, 48.462342352403681 ], [ -2.040141628251828, 48.463112265645144 ], [ -2.038616218567826, 48.463134027607808 ], [ -2.038601246957724, 48.462954952342287 ], [ -2.038650077680109, 48.462905350217959 ], [ -2.038674789282735, 48.462824712424982 ], [ -2.038694709983154, 48.462803339789438 ], [ -2.038690389768782, 48.462659083644205 ], [ -2.038658759230789, 48.46261486481783 ], [ -2.03856056421386, 48.462572084672729 ], [ -2.038094629878078, 48.462504923416041 ], [ -2.038252473814421, 48.462123689033618 ], [ -2.038874446499498, 48.462171557123163 ], [ -2.039048533229631, 48.46165461380405 ], [ -2.038402124641844, 48.461600775573949 ], [ -2.038446976932139, 48.461477030948537 ], [ -2.038724746575986, 48.461021145455305 ], [ -2.039103405524656, 48.461080798730954 ], [ -2.039395654779618, 48.461101052184858 ], [ -2.039481179828869, 48.460852355291884 ], [ -2.039519456264874, 48.460809142111444 ], [ -2.039301124443228, 48.460605292758707 ], [ -2.039411628510442, 48.460567166698567 ], [ -2.039457236850549, 48.4605561955468 ], [ -2.039459829695175, 48.460605607647786 ], [ -2.03994731850703, 48.460592701516525 ], [ -2.039944471426443, 48.460558758363476 ], [ -2.03997693354712, 48.460557556908682 ], [ -2.040532516242608, 48.460764939611153 ], [ -2.040534810707341, 48.460366667412266 ], [ -2.041509639756475, 48.460172692748728 ], [ -2.04150285490508, 48.460165728141007 ], [ -2.04187840925987, 48.460131168117407 ], [ -2.041857875977574, 48.460163909607708 ], [ -2.041964288925401, 48.460637576328466 ], [ -2.042007230106398, 48.460631855903465 ], [ -2.042044714928686, 48.460746003391293 ], [ -2.042037165844482, 48.460748347297496 ], [ -2.042059866095118, 48.460834154313574 ], [ -2.041929725491371, 48.460854454564149 ], [ -2.042075813758956, 48.461320462560998 ], [ -2.042095942900799, 48.461393987471993 ], [ -2.04210186188952, 48.461390674412478 ], [ -2.042126543213161, 48.461462994294216 ], [ -2.042119242178121, 48.461468426856818 ], [ -2.042137316327759, 48.461591545302809 ], [ -2.042573777111671, 48.46154338116694 ], [ -2.042779249017248, 48.461515127417677 ], [ -2.042824058467903, 48.461506417364568 ], [ -2.042996366137874, 48.461884877607361 ], [ -2.043061299929659, 48.461882218469206 ], [ -2.043579284628215, 48.461863003097797 ], [ -2.043635883286222, 48.461816546659755 ], [ -2.043613371789145, 48.461807065412629 ], [ -2.04374459289631, 48.461688727269035 ], [ -2.043760491579107, 48.46169329200282 ], [ -2.043823360226813, 48.461666202460002 ], [ -2.04368012345036, 48.461544890037025 ], [ -2.043563835524967, 48.461361561423544 ], [ -2.043457449443437, 48.461067621719899 ], [ -2.043487543041073, 48.461056670747531 ], [ -2.043930381622901, 48.460508672827814 ], [ -2.044580776774339, 48.460584562649451 ], [ -2.044600889559147, 48.460629475724105 ], [ -2.044652127895106, 48.460668838586002 ], [ -2.044724149293189, 48.460674685506355 ], [ -2.044785851931223, 48.460666119156301 ], [ -2.045114796274524, 48.460998180540763 ], [ -2.04513750016213, 48.460955628012456 ], [ -2.045354534672347, 48.460658257835647 ], [ -2.046388315297292, 48.460633568911859 ], [ -2.046692165176452, 48.460681530057414 ] ] ] ] } },
{ "type": "Feature", "properties": { "fid": 202.0, "code_qp": "QN02207N", "lib_qp": "Castel Pic - Roudourou - La Madeleine", "insee_reg": "53", "lib_reg": "Bretagne", "insee_dep": "22", "lib_dep": "Côtes-d'Armor", "insee_com": "22070", "lib_com": "Guingamp", "siren_epci": "200067981" }, "geometry": { "type": "MultiPolygon", "coordinates": [ [ [ [ -3.16120051104437, 48.558850029660213 ], [ -3.161577208634096, 48.557651482750664 ], [ -3.161625477262687, 48.55749097320853 ], [ -3.162195737109724, 48.557549829019329 ], [ -3.164035538236395, 48.557255320727684 ], [ -3.164229427252261, 48.55737372025586 ], [ -3.164694164994084, 48.557238272825359 ], [ -3.16515858826028, 48.557937168723036 ], [ -3.16471373700035, 48.558646096343409 ], [ -3.164664964607067, 48.558662292864135 ], [ -3.164805437954329, 48.559270426524591 ], [ -3.164804372416294, 48.559550496083546 ], [ -3.164686524495463, 48.559866910212747 ], [ -3.164460525968506, 48.560211585075152 ], [ -3.16435668597104, 48.560352173774866 ], [ -3.16394215495136, 48.560314370400619 ], [ -3.163954056490554, 48.560183914302513 ], [ -3.162870340741181, 48.56008754171328 ], [ -3.162919346113523, 48.559901774266656 ], [ -3.162816734466408, 48.559884838432673 ], [ -3.162804623402673, 48.559826073546766 ], [ -3.161342373909687, 48.559823960905732 ], [ -3.16116470750421, 48.560309575152097 ], [ -3.161759856950562, 48.560365830068697 ], [ -3.161783738042445, 48.5603980875986 ], [ -3.161961518328204, 48.560425518759828 ], [ -3.16222711359657, 48.560425774229614 ], [ -3.16212630989854, 48.56099918170937 ], [ -3.162104810259576, 48.561006481736491 ], [ -3.162009126015517, 48.561522871261161 ], [ -3.161996114709597, 48.561554776173573 ], [ -3.162329254951354, 48.561646324144277 ], [ -3.164961408639308, 48.562713687908712 ], [ -3.164999931834341, 48.56275593197536 ], [ -3.164979048710388, 48.562804971718904 ], [ -3.164966941082412, 48.562851843073574 ], [ -3.164940904118488, 48.562885984416965 ], [ -3.164817809357432, 48.562919676365411 ], [ -3.16252775095673, 48.562998990467207 ], [ -3.162610576153595, 48.563765226170439 ], [ -3.16209699146056, 48.563834553647595 ], [ -3.162182908863317, 48.563946973090907 ], [ -3.162276689248426, 48.564110312085646 ], [ -3.162347024920865, 48.564232816268998 ], [ -3.162373222080304, 48.564297007588927 ], [ -3.162515439425447, 48.564491338130374 ], [ -3.162939232294816, 48.564387907944713 ], [ -3.163168626245348, 48.564566468562809 ], [ -3.163240978837943, 48.564592396979954 ], [ -3.163770960697228, 48.564709590945164 ], [ -3.164097491051014, 48.564760663223034 ], [ -3.164390824379487, 48.564800208401202 ], [ -3.164861523227777, 48.56482137319832 ], [ -3.165233721262573, 48.564795857125475 ], [ -3.165552181472711, 48.564713467861495 ], [ -3.165827229031375, 48.564606530815837 ], [ -3.166006578277895, 48.564515586600173 ], [ -3.166191596170339, 48.564409505861292 ], [ -3.16636608050626, 48.564308919149099 ], [ -3.166620014089453, 48.564160659541663 ], [ -3.166819111039359, 48.563884041262995 ], [ -3.166919929198988, 48.563569599831553 ], [ -3.166943705253056, 48.563517779430484 ], [ -3.169397953230945, 48.564510450780446 ], [ -3.169051093160852, 48.564872978011316 ], [ -3.168883545216066, 48.564896775440332 ], [ -3.168598770645915, 48.564896068464527 ], [ -3.168214660139377, 48.564909840711749 ], [ -3.168217229731803, 48.564947430193705 ], [ -3.168236830732549, 48.564987226887702 ], [ -3.168254411352838, 48.565359124046118 ], [ -3.168273657642394, 48.565529758457508 ], [ -3.168053707380898, 48.565674537104201 ], [ -3.168056603002825, 48.565725260951325 ], [ -3.168136397941502, 48.566000142402515 ], [ -3.168165181250383, 48.566227605605945 ], [ -3.168237027063174, 48.566842652632921 ], [ -3.168334633608129, 48.566843557042844 ], [ -3.168348973229904, 48.566911399452671 ], [ -3.168359259537415, 48.567062084916977 ], [ -3.168118838948947, 48.567211748111326 ], [ -3.167943302097022, 48.567274384455089 ], [ -3.167725894570267, 48.56739793837793 ], [ -3.167495037142107, 48.567468010619088 ], [ -3.167525750868281, 48.567511726496043 ], [ -3.16698153065167, 48.567653155110534 ], [ -3.166521091696275, 48.567798389687027 ], [ -3.166405864411779, 48.567465621060414 ], [ -3.166296977808119, 48.566954149229524 ], [ -3.165829692229678, 48.566966864776646 ], [ -3.16578178994948, 48.56709798101808 ], [ -3.165671566950969, 48.567196182689308 ], [ -3.165382523035075, 48.567317195066018 ], [ -3.165075576787499, 48.567461130437415 ], [ -3.164725792222739, 48.567654308958062 ], [ -3.164181666611493, 48.568172654340167 ], [ -3.163737296912764, 48.568664243735405 ], [ -3.163661834786391, 48.568693541001572 ], [ -3.162776913681352, 48.569707699505962 ], [ -3.162697509336864, 48.569769447941347 ], [ -3.162350439769321, 48.570254886654993 ], [ -3.161941161920341, 48.570525316256756 ], [ -3.161980213594348, 48.570680668046769 ], [ -3.161661067763428, 48.570744795234774 ], [ -3.161493402839243, 48.570344537233005 ], [ -3.161054575020904, 48.570042357361778 ], [ -3.160869066599382, 48.569916307341323 ], [ -3.160771196672698, 48.569856466213096 ], [ -3.160482770090081, 48.569995718557884 ], [ -3.159724892352886, 48.570197407404144 ], [ -3.159657465084503, 48.570192485459572 ], [ -3.159183816408845, 48.570312270433313 ], [ -3.158803263918261, 48.57035177558825 ], [ -3.158189107773744, 48.570450509766026 ], [ -3.158140655070505, 48.570430350886156 ], [ -3.158079170383179, 48.570399884602715 ], [ -3.158094742454105, 48.570294736116395 ], [ -3.158292306158681, 48.569856669555122 ], [ -3.158495655396143, 48.569614282638106 ], [ -3.158830128986511, 48.569438527171009 ], [ -3.158825097366085, 48.569422773271747 ], [ -3.159141258602534, 48.569279751372292 ], [ -3.158794063642407, 48.568763620786683 ], [ -3.158610818364935, 48.568378585119113 ], [ -3.158555004683865, 48.568015386105643 ], [ -3.158299310809443, 48.568059568293904 ], [ -3.158212837451177, 48.568148155929727 ], [ -3.158031173368748, 48.568156341018373 ], [ -3.157831305685523, 48.568184021946983 ], [ -3.157632190771512, 48.568233925939289 ], [ -3.157616764596083, 48.568213700295274 ], [ -3.157110466319448, 48.568282007118171 ], [ -3.157002370752326, 48.568313585277323 ], [ -3.156745586335415, 48.568418029629491 ], [ -3.156639105773781, 48.568480857399379 ], [ -3.156490422740784, 48.568619030897771 ], [ -3.156361888758677, 48.568782459045586 ], [ -3.156311380202146, 48.568926781622409 ], [ -3.156317788977652, 48.569030776402293 ], [ -3.156353627304735, 48.569204807075984 ], [ -3.156420798406863, 48.569323018188783 ], [ -3.156649154183756, 48.569509771910489 ], [ -3.156887104197019, 48.569687610729062 ], [ -3.157036787226895, 48.569828101141155 ], [ -3.157157693221672, 48.569995334722648 ], [ -3.157223601756835, 48.570210536670764 ], [ -3.157231359632053, 48.570382678232718 ], [ -3.157209014604542, 48.570670469882167 ], [ -3.157226302518066, 48.570802054290816 ], [ -3.157338609962, 48.570997843489316 ], [ -3.157412417466881, 48.571083927541267 ], [ -3.157526750696343, 48.571163631995617 ], [ -3.157542195041921, 48.57119251731833 ], [ -3.157294082121264, 48.571335545848328 ], [ -3.156602185229178, 48.571596351346024 ], [ -3.15589266058062, 48.571787847110954 ], [ -3.155488083756118, 48.571909867417915 ], [ -3.155094047612249, 48.571967971423206 ], [ -3.155023979960089, 48.571958117206897 ], [ -3.15496960518666, 48.571882988596506 ], [ -3.154864687637596, 48.571669485243859 ], [ -3.154645293964209, 48.571596910230738 ], [ -3.154134886363747, 48.571621973713881 ], [ -3.154017826429847, 48.57148572338636 ], [ -3.153852128365048, 48.570983157708618 ], [ -3.153387086792093, 48.570262423771297 ], [ -3.153254031517388, 48.569968270351254 ], [ -3.153180909420905, 48.569610268454092 ], [ -3.153142054183171, 48.569208472781881 ], [ -3.152272885968522, 48.569705123849168 ], [ -3.151859722254816, 48.569960238066166 ], [ -3.151667847379543, 48.57002858088044 ], [ -3.151510508326527, 48.570045986535732 ], [ -3.151323747238949, 48.570040471014003 ], [ -3.151215015897368, 48.570015853147744 ], [ -3.151135065581502, 48.569964493271549 ], [ -3.151105002948029, 48.569891909310542 ], [ -3.151137081658847, 48.569772262729551 ], [ -3.151341544651318, 48.569500106441723 ], [ -3.151632640308326, 48.569197469747046 ], [ -3.151954340538902, 48.568970797359469 ], [ -3.152653381688425, 48.568629084142543 ], [ -3.152721566014884, 48.568576902094982 ], [ -3.152640799865432, 48.568409190393105 ], [ -3.152593898814086, 48.568232285198398 ], [ -3.152454333985976, 48.567885483997607 ], [ -3.152285745284781, 48.567379151325547 ], [ -3.151967105729866, 48.567457448850234 ], [ -3.151914517351813, 48.567401608361926 ], [ -3.151876140983385, 48.567332561848779 ], [ -3.151836341602734, 48.567215974645393 ], [ -3.151819780794578, 48.567116918704777 ], [ -3.151794986063471, 48.567032864393127 ], [ -3.151804496594485, 48.56697751705854 ], [ -3.151819274533779, 48.566903753242968 ], [ -3.151865871014097, 48.56684336293123 ], [ -3.151917906598941, 48.566870737121235 ], [ -3.15244063503233, 48.566872235772784 ], [ -3.152445744308452, 48.566732066008804 ], [ -3.153002112335686, 48.56663328695317 ], [ -3.153293351178878, 48.56654754066232 ], [ -3.153681626455964, 48.566516212026144 ], [ -3.15453437415753, 48.566687101165769 ], [ -3.154800995204126, 48.566749378883841 ], [ -3.155267049706126, 48.566893423728011 ], [ -3.155237877120007, 48.566914724893991 ], [ -3.155335261438068, 48.566950490769841 ], [ -3.155063691844676, 48.567217195444783 ], [ -3.15515636443847, 48.56729303001952 ], [ -3.155229707643572, 48.567361696570941 ], [ -3.155212085637798, 48.567375280433367 ], [ -3.155288271243887, 48.567441305664616 ], [ -3.155338877118145, 48.567531102387207 ], [ -3.15539346436638, 48.567636745788327 ], [ -3.155387223153724, 48.56775144740935 ], [ -3.155933774152436, 48.567776564607072 ], [ -3.15591270574266, 48.567708396059494 ], [ -3.156096288781251, 48.567768956604453 ], [ -3.156423760655385, 48.567886281208942 ], [ -3.15678240281749, 48.567598074025618 ], [ -3.156995319284993, 48.567230649509803 ], [ -3.157385073517295, 48.566649705051823 ], [ -3.157629065922376, 48.566441693975584 ], [ -3.157772019860737, 48.566380553940526 ], [ -3.158113076953855, 48.566161314900882 ], [ -3.158145481099299, 48.566164708391703 ], [ -3.158229036661674, 48.566092636754021 ], [ -3.158419444833576, 48.565887745085256 ], [ -3.158557577375327, 48.565837553059936 ], [ -3.158785528616239, 48.565782071794963 ], [ -3.159151047035235, 48.56570205433092 ], [ -3.159641633993767, 48.565645418501425 ], [ -3.159298026107601, 48.565225877911637 ], [ -3.159211703876592, 48.565315695774224 ], [ -3.159150668607158, 48.565287941866316 ], [ -3.159254443560858, 48.565180214236136 ], [ -3.15920831357443, 48.564869708947782 ], [ -3.158721942574169, 48.564812057560431 ], [ -3.158661621820481, 48.564552983353408 ], [ -3.15845783091554, 48.564254754147505 ], [ -3.157976361163533, 48.564375526894551 ], [ -3.157646040659419, 48.564093322794228 ], [ -3.15755054478393, 48.564131814501636 ], [ -3.157478929970491, 48.564209544625065 ], [ -3.157430615128973, 48.564240487005641 ], [ -3.157398778980788, 48.564225396728865 ], [ -3.157253273283129, 48.564371801484207 ], [ -3.156899102543184, 48.564245802348246 ], [ -3.157013335916876, 48.56404469024428 ], [ -3.157109934400542, 48.563759439362343 ], [ -3.15720258206874, 48.563681708120811 ], [ -3.157169561480186, 48.563327040401987 ], [ -3.157251367687754, 48.562968969632465 ], [ -3.157376110637939, 48.56297223242305 ], [ -3.157399782460658, 48.562983372796708 ], [ -3.157613752683881, 48.562964854490438 ], [ -3.157622010921719, 48.563062895549137 ], [ -3.158425218176794, 48.562980963908736 ], [ -3.158406946846865, 48.562489709558747 ], [ -3.158589417637954, 48.562490450791103 ], [ -3.158829129001202, 48.562478204863247 ], [ -3.158811878103166, 48.562394996693698 ], [ -3.158988455419983, 48.562432315021923 ], [ -3.159374426488057, 48.56241983330893 ], [ -3.159363059960569, 48.562360218161402 ], [ -3.159461384977997, 48.56234738300374 ], [ -3.160532604412674, 48.562292769831821 ], [ -3.160889384330576, 48.56134116425747 ], [ -3.160325297014345, 48.561227463207089 ], [ -3.160932208603765, 48.559572712010592 ], [ -3.160574113827711, 48.559598402111604 ], [ -3.160519541684883, 48.559576523105584 ], [ -3.160488850940209, 48.559593882110072 ], [ -3.159537897768556, 48.559603774028396 ], [ -3.159405167770822, 48.559600560828898 ], [ -3.159218467320623, 48.559565722173943 ], [ -3.15915761316412, 48.559513250366848 ], [ -3.159098262161469, 48.559510117994442 ], [ -3.159113103325674, 48.559446270532192 ], [ -3.15820217876675, 48.559305531874465 ], [ -3.158001128342451, 48.559291224783401 ], [ -3.157959936743672, 48.559308459766214 ], [ -3.157886056243737, 48.559391095617677 ], [ -3.157879241908543, 48.559433732058025 ], [ -3.157865042287539, 48.559502780663934 ], [ -3.157679746564597, 48.559546561026565 ], [ -3.157672936250204, 48.559617118349621 ], [ -3.157646248884479, 48.559803888286496 ], [ -3.157557006728228, 48.559797479900617 ], [ -3.157378607574507, 48.560371001601006 ], [ -3.157597454906365, 48.560404945235533 ], [ -3.157502569475672, 48.56068302830176 ], [ -3.157465637147132, 48.560787168012396 ], [ -3.157677878436257, 48.561056224254216 ], [ -3.157470794935552, 48.561072790635244 ], [ -3.15732982610392, 48.561083741636473 ], [ -3.157131443151306, 48.561075453276821 ], [ -3.156872808319938, 48.561078487468535 ], [ -3.156652824858656, 48.561067935744035 ], [ -3.156316314879766, 48.561067954732778 ], [ -3.156037211856593, 48.561031370784995 ], [ -3.155677948471022, 48.560884993253502 ], [ -3.155349950371254, 48.560737481230476 ], [ -3.155324929098752, 48.560637872790686 ], [ -3.155573299428584, 48.560356765591827 ], [ -3.156053073552683, 48.560578221725386 ], [ -3.156407739039707, 48.560175010523508 ], [ -3.156330014710733, 48.560132042382627 ], [ -3.156445530563994, 48.560037001684613 ], [ -3.156475291959553, 48.559909922124454 ], [ -3.156396867741047, 48.559770006582418 ], [ -3.156412208539169, 48.559719446265078 ], [ -3.156466747019377, 48.559490039056094 ], [ -3.156433840155564, 48.559320258228944 ], [ -3.156949877711176, 48.559348142505733 ], [ -3.157074857337058, 48.558841030774552 ], [ -3.157107245167446, 48.55876066181456 ], [ -3.157840486728646, 48.558763255506889 ], [ -3.157848269775163, 48.558673326836541 ], [ -3.157939736623701, 48.558674766311839 ], [ -3.158237777130353, 48.558614567857738 ], [ -3.158306550688868, 48.558595320145216 ], [ -3.159154528457048, 48.55865874456191 ], [ -3.159153499633316, 48.55876098966813 ], [ -3.161070413039039, 48.558836992612925 ], [ -3.16120051104437, 48.558850029660213 ] ] ] ] } },
{ "type": "Feature", "properties": { "fid": 261.0, "code_qp": "QN02901M", "lib_qp": "Kerandon", "insee_reg": "53", "lib_reg": "Bretagne", "insee_dep": "29", "lib_dep": "Finistère", "insee_com": "29039", "lib_com": "Concarneau", "siren_epci": "242900769" }, "geometry": { "type": "MultiPolygon", "coordinates": [ [ [ [ -3.918595104660614, 47.883649726420671 ], [ -3.918342764866049, 47.883814598367898 ], [ -3.918131082517579, 47.88390395689914 ], [ -3.918226739172773, 47.883945238773904 ], [ -3.918589010194526, 47.884075222930264 ], [ -3.919295257419481, 47.884077039653583 ], [ -3.919295801670846, 47.884388083073013 ], [ -3.91935902113657, 47.884612469169859 ], [ -3.91954040534953, 47.884962597716729 ], [ -3.919473800985709, 47.884995567497498 ], [ -3.919439135031573, 47.885037019003384 ], [ -3.919446661072481, 47.885094641670463 ], [ -3.919281347355243, 47.885127223056664 ], [ -3.919096064002639, 47.885148541240724 ], [ -3.918208880677779, 47.885248661879992 ], [ -3.917994717538858, 47.885261315459665 ], [ -3.917987213389137, 47.885321899980234 ], [ -3.917921145069997, 47.885358984783778 ], [ -3.917829898112458, 47.885368523480437 ], [ -3.917772160074449, 47.885469404823368 ], [ -3.917798805693346, 47.885602629666913 ], [ -3.916911540263387, 47.88571094129842 ], [ -3.916782121921553, 47.885318885208989 ], [ -3.916189449926553, 47.885385007083769 ], [ -3.916182530580718, 47.885301642465748 ], [ -3.916155611439769, 47.885236254157348 ], [ -3.916096123015086, 47.885132602601168 ], [ -3.915987747405496, 47.885044249078291 ], [ -3.915883512263268, 47.885044249078355 ], [ -3.915590999401542, 47.884981663897776 ], [ -3.915329763070178, 47.884921920084956 ], [ -3.91477601387708, 47.884852017673261 ], [ -3.91463269055652, 47.884803959710474 ], [ -3.913857441686191, 47.884685999067436 ], [ -3.913310207189484, 47.884602989564961 ], [ -3.913264604314759, 47.884563669227909 ], [ -3.913290622907571, 47.884414359555677 ], [ -3.913380100008764, 47.884249364417997 ], [ -3.913479983709982, 47.883998713188966 ], [ -3.913504884747113, 47.883905978821019 ], [ -3.91352345511004, 47.883859250278199 ], [ -3.913596853830618, 47.883733566256929 ], [ -3.913791912783933, 47.883718947523619 ], [ -3.914007450876607, 47.883716591024253 ], [ -3.914674079794952, 47.883715768707752 ], [ -3.914655942460794, 47.883277471467522 ], [ -3.914658640031357, 47.883105749501205 ], [ -3.91466271345677, 47.882751005682763 ], [ -3.914640094123899, 47.882508294236018 ], [ -3.914639471697396, 47.882412207081543 ], [ -3.914648953593366, 47.882232885772794 ], [ -3.91469962610935, 47.881986246917094 ], [ -3.914685111553648, 47.881915587660359 ], [ -3.914704322296895, 47.881850153254724 ], [ -3.914700397639945, 47.88179645613161 ], [ -3.914746697743327, 47.881728157351674 ], [ -3.914684808127624, 47.881734711101998 ], [ -3.914648977297487, 47.881706311511309 ], [ -3.914628665855307, 47.881672092789032 ], [ -3.914621278538194, 47.881615488878055 ], [ -3.914557756235327, 47.880703485817634 ], [ -3.914479595191365, 47.880701392895737 ], [ -3.914328671511328, 47.880661011910107 ], [ -3.913873641811234, 47.880558765349967 ], [ -3.913893023114153, 47.880305606909495 ], [ -3.914022641921449, 47.879845779129006 ], [ -3.914100894451648, 47.879710514821447 ], [ -3.914166385796458, 47.879314693058646 ], [ -3.914622918511928, 47.879329429052191 ], [ -3.914723896305965, 47.879346906527147 ], [ -3.914778414195076, 47.87938638626656 ], [ -3.914835650332717, 47.879364341273245 ], [ -3.915012222616794, 47.879359096911593 ], [ -3.915169044729522, 47.879356055753064 ], [ -3.915186712532548, 47.879444187044164 ], [ -3.915206424546429, 47.879571600426459 ], [ -3.915250923727845, 47.879629113225739 ], [ -3.915387197863669, 47.879681205183864 ], [ -3.915673535491827, 47.879749318957529 ], [ -3.915848296370158, 47.879836466054329 ], [ -3.916215475896712, 47.879866428525439 ], [ -3.916732187434231, 47.879829875013037 ], [ -3.916844487319938, 47.880690104112112 ], [ -3.915953224659609, 47.880663949253744 ], [ -3.915934183541498, 47.880754248877054 ], [ -3.91583585778615, 47.881158232963607 ], [ -3.915733903367413, 47.881321866556661 ], [ -3.915691089024731, 47.88144260395471 ], [ -3.915692223335935, 47.881498530426036 ], [ -3.915727382615165, 47.881531708801091 ], [ -3.915772525626477, 47.88157051894521 ], [ -3.915836934561894, 47.881591600406082 ], [ -3.915943098805575, 47.881601920046364 ], [ -3.915926400749485, 47.881757406918794 ], [ -3.915926296446205, 47.881780225237208 ], [ -3.916453996260202, 47.881802235307994 ], [ -3.917211202816822, 47.881799858760147 ], [ -3.91747202288998, 47.881809638901494 ], [ -3.917883776724201, 47.88178341896522 ], [ -3.917912953599518, 47.881707445518643 ], [ -3.917925869581315, 47.881540282823451 ], [ -3.917987286488831, 47.881379534788358 ], [ -3.919488291830235, 47.881242496933083 ], [ -3.91946874847509, 47.881749322642726 ], [ -3.918759750719151, 47.881763110677142 ], [ -3.918759750719148, 47.881926954075752 ], [ -3.918714205645671, 47.88193214339644 ], [ -3.918682596489131, 47.88232190747415 ], [ -3.919042599304586, 47.882331281949817 ], [ -3.919122678666411, 47.882330697289106 ], [ -3.919123422050273, 47.882289176574382 ], [ -3.919247675356659, 47.88229635050952 ], [ -3.919317936383108, 47.882315010503625 ], [ -3.919407696565393, 47.882320921149706 ], [ -3.919401438511573, 47.882387844685695 ], [ -3.919366991560488, 47.882442763346482 ], [ -3.919321491425423, 47.882518437997632 ], [ -3.919345911773044, 47.88264724537845 ], [ -3.919394987160437, 47.8827397417447 ], [ -3.919399042246614, 47.882888818520406 ], [ -3.919369325482034, 47.883251422662809 ], [ -3.91906980023173, 47.883389405916013 ], [ -3.918616745582949, 47.883414104132491 ], [ -3.918595104660614, 47.883649726420671 ] ] ] ] } },
{ "type": "Feature", "properties": { "fid": 262.0, "code_qp": "QN02902M", "lib_qp": "Kermoysan", "insee_reg": "53", "lib_reg": "Bretagne", "insee_dep": "29", "lib_dep": "Finistère", "insee_com": "29232", "lib_com": "Quimper", "siren_epci": "200068120" }, "geometry": { "type": "MultiPolygon", "coordinates": [ [ [ [ -4.129212922585588, 47.989264733616793 ], [ -4.12764231459441, 47.9893375478092 ], [ -4.127525056994606, 47.989321249516692 ], [ -4.127469576538308, 47.989305406381519 ], [ -4.12741247703473, 47.989276416692036 ], [ -4.127370559870356, 47.989233340960254 ], [ -4.127227087052815, 47.989269187481142 ], [ -4.127144486332583, 47.989145093104057 ], [ -4.126686153482359, 47.989278440450875 ], [ -4.126674463094925, 47.989346285926871 ], [ -4.126818158995871, 47.989354309492754 ], [ -4.126758326255299, 47.989540130066388 ], [ -4.126553773904285, 47.989504453077956 ], [ -4.126480717468541, 47.989719501013681 ], [ -4.126464775584836, 47.989956806291197 ], [ -4.126475737386688, 47.990110885509075 ], [ -4.126503824668646, 47.990228906159032 ], [ -4.126626982638346, 47.99054751907164 ], [ -4.126906483432488, 47.991102062389743 ], [ -4.126613126304194, 47.991142093778457 ], [ -4.12640362933964, 47.991202860731399 ], [ -4.126104447202736, 47.991201370743511 ], [ -4.125730646751522, 47.991232092626397 ], [ -4.125638836114379, 47.991376924113759 ], [ -4.125166667123372, 47.991539310449539 ], [ -4.124707613937669, 47.991640253049368 ], [ -4.124622361203182, 47.991679752273818 ], [ -4.124071497380341, 47.991789472183129 ], [ -4.123966570937895, 47.991512977564952 ], [ -4.123953455132588, 47.991139926922784 ], [ -4.123841970787485, 47.990753706946222 ], [ -4.125800389295448, 47.990425939432363 ], [ -4.125784737094375, 47.990254260170389 ], [ -4.125743762556826, 47.990086592905719 ], [ -4.125926257692372, 47.990026105089015 ], [ -4.125893452677681, 47.989560488115139 ], [ -4.125855581040713, 47.989279541106875 ], [ -4.125882039743078, 47.989086867485604 ], [ -4.125942370421146, 47.989089906764349 ], [ -4.126101310078075, 47.989083603818216 ], [ -4.126283649974253, 47.988361893642065 ], [ -4.126042117815135, 47.988329637692097 ], [ -4.126012636565592, 47.988278319376782 ], [ -4.125945977204986, 47.988172065781605 ], [ -4.12557897178916, 47.988273970580494 ], [ -4.125561654345664, 47.988247368147512 ], [ -4.125443112083969, 47.9882755189996 ], [ -4.125424467642814, 47.988211286679984 ], [ -4.125221849115062, 47.987874981638122 ], [ -4.125205905519511, 47.987812261261915 ], [ -4.124772953297821, 47.987903645190713 ], [ -4.124623938376659, 47.987701231242006 ], [ -4.124528821437021, 47.987601192702627 ], [ -4.124392940094673, 47.987414756725471 ], [ -4.124318205356377, 47.987291981445942 ], [ -4.1242842350208, 47.987237414561264 ], [ -4.124236676550975, 47.987187394866275 ], [ -4.124195912148274, 47.987141922374363 ], [ -4.124168735879803, 47.987100997097251 ], [ -4.124155147745571, 47.987096449842248 ], [ -4.124155147745567, 47.987073713561152 ], [ -4.124148353678452, 47.987041882750809 ], [ -4.124160978006024, 47.987035347893034 ], [ -4.123973238325922, 47.986772814598943 ], [ -4.123797767880626, 47.986572670012563 ], [ -4.123509802993718, 47.986434564546997 ], [ -4.123529560087249, 47.986344570470401 ], [ -4.123565728143065, 47.986275379853851 ], [ -4.123552818617154, 47.986207863040207 ], [ -4.123517333927287, 47.986157103559407 ], [ -4.123397687552156, 47.986047941462843 ], [ -4.123239275207122, 47.985861322635039 ], [ -4.123085294472038, 47.985610367987363 ], [ -4.123126673523757, 47.985555238742563 ], [ -4.123202815406654, 47.985471842027529 ], [ -4.122879598573181, 47.985300784351324 ], [ -4.122830566482061, 47.98535868920851 ], [ -4.12246164082412, 47.985325782399862 ], [ -4.122348417232693, 47.985319249156426 ], [ -4.122055597186029, 47.985258255759284 ], [ -4.122056581790238, 47.985296395007637 ], [ -4.121823776246057, 47.985287616319034 ], [ -4.121792428695728, 47.985287642344247 ], [ -4.121773299575768, 47.985442159325004 ], [ -4.121765096076498, 47.985585118834656 ], [ -4.121776741362535, 47.985671564679933 ], [ -4.121516718769977, 47.985705787555602 ], [ -4.12150224420917, 47.985802199252554 ], [ -4.121523752199687, 47.985809397025989 ], [ -4.12153031010234, 47.985901572249446 ], [ -4.12152375219969, 47.9859937473081 ], [ -4.121549983810302, 47.986287828538103 ], [ -4.12160723693042, 47.986312875912297 ], [ -4.121461030799302, 47.986469241602116 ], [ -4.121330801461608, 47.986633017183877 ], [ -4.12128218367323, 47.986624236604619 ], [ -4.121110604332561, 47.986590686560859 ], [ -4.121069508871572, 47.986546642804448 ], [ -4.121073829020407, 47.986486044017084 ], [ -4.120853910525811, 47.986465874099345 ], [ -4.121005240745759, 47.985754437256048 ], [ -4.120718769649049, 47.985708991684696 ], [ -4.120732717601344, 47.985640251899838 ], [ -4.120470936495253, 47.985615080674165 ], [ -4.120619791768924, 47.98521888521455 ], [ -4.121614773440067, 47.985314769622626 ], [ -4.121773465493169, 47.985325247058022 ], [ -4.121805923720321, 47.985142266503324 ], [ -4.122071986961227, 47.98515753756044 ], [ -4.122079528394053, 47.985116226728906 ], [ -4.122381197971555, 47.985197634675487 ], [ -4.122512850047022, 47.985205561151162 ], [ -4.122792226694812, 47.985257104134192 ], [ -4.12281351013037, 47.985116283127951 ], [ -4.122842572454082, 47.984831690053063 ], [ -4.1229655009167, 47.984799084974668 ], [ -4.122974572189782, 47.984866412929868 ], [ -4.122953461927277, 47.984876493955959 ], [ -4.123071174037886, 47.985069211224804 ], [ -4.123086208823806, 47.985055728075835 ], [ -4.123358421357874, 47.984963776489145 ], [ -4.123446735348634, 47.984938301046924 ], [ -4.123411083082965, 47.98472928754655 ], [ -4.123402943404194, 47.984529916353232 ], [ -4.124421494366976, 47.984238021887748 ], [ -4.124719159899097, 47.984724005947761 ], [ -4.124463851433531, 47.984788536837826 ], [ -4.124701825278454, 47.985165014944108 ], [ -4.124572980509083, 47.985209294343463 ], [ -4.124818217792526, 47.985584074092777 ], [ -4.124816687809708, 47.985600508245739 ], [ -4.124844094825019, 47.985644096153351 ], [ -4.124942880309323, 47.985612955513417 ], [ -4.124941111531243, 47.985606777864859 ], [ -4.125464113436335, 47.985458420541981 ], [ -4.125807989284165, 47.98536154545809 ], [ -4.125784613476545, 47.985309085895558 ], [ -4.126136754345406, 47.985204829869801 ], [ -4.126107253481114, 47.985152704508273 ], [ -4.126260757893983, 47.985111136632 ], [ -4.126269545081875, 47.985119949585453 ], [ -4.126426216993282, 47.985079235408243 ], [ -4.126472519374038, 47.985142831257612 ], [ -4.126628449288723, 47.985095954175748 ], [ -4.126799045558265, 47.985043094910104 ], [ -4.126809096015156, 47.985049776295334 ], [ -4.127693181490543, 47.984763086764538 ], [ -4.127697498662486, 47.984773185084897 ], [ -4.128029117955951, 47.984664894714989 ], [ -4.128460721279125, 47.984505582062951 ], [ -4.128790293773587, 47.984405670814006 ], [ -4.12917605136773, 47.984111400371333 ], [ -4.128980018428075, 47.983944445520976 ], [ -4.128791364968471, 47.983775014226353 ], [ -4.128657482210161, 47.98363769498043 ], [ -4.128412186773662, 47.983420748005884 ], [ -4.127748762606627, 47.983021221570915 ], [ -4.127680116927558, 47.98298884063562 ], [ -4.127352267679181, 47.982663781408519 ], [ -4.12709412905376, 47.982429959866373 ], [ -4.126945183472928, 47.982320358651563 ], [ -4.12723533336057, 47.982049995083273 ], [ -4.127195753192097, 47.982016004997348 ], [ -4.127340711539238, 47.98190003328628 ], [ -4.127356742882975, 47.981938864484547 ], [ -4.127416174031429, 47.981963944156341 ], [ -4.127477961830006, 47.981962417779272 ], [ -4.127512143383204, 47.982034291243046 ], [ -4.127594085021685, 47.982128109604425 ], [ -4.127655365128463, 47.982168219336522 ], [ -4.127893519779837, 47.982272311746335 ], [ -4.128106956131936, 47.982381549223788 ], [ -4.128280984707438, 47.98249107773141 ], [ -4.128372546046839, 47.982548420031954 ], [ -4.128467102998856, 47.982630194281512 ], [ -4.128985075181665, 47.983085725228392 ], [ -4.129398373926364, 47.983454606119658 ], [ -4.129850038583095, 47.983338576857591 ], [ -4.129766905683554, 47.983258066336241 ], [ -4.129331108056865, 47.982898233719254 ], [ -4.129237095506748, 47.982752121319251 ], [ -4.129105033376989, 47.982640271053207 ], [ -4.128958820518545, 47.982481923021169 ], [ -4.128950400199439, 47.982321619162349 ], [ -4.128954614923685, 47.98212655929219 ], [ -4.128843512200526, 47.98168066215937 ], [ -4.128773538051854, 47.981340290686148 ], [ -4.128808975286979, 47.981169991098277 ], [ -4.128819787830981, 47.981097524715771 ], [ -4.12888761469925, 47.980938669477617 ], [ -4.128935872671207, 47.980941672987932 ], [ -4.129018899709011, 47.980929507927641 ], [ -4.129064416189872, 47.980887266607859 ], [ -4.129188865461967, 47.980937122544503 ], [ -4.12952526228061, 47.981153035466775 ], [ -4.129601675401359, 47.981201766397085 ], [ -4.129989321437527, 47.981467803165586 ], [ -4.130218736491376, 47.981661260860271 ], [ -4.130300200366205, 47.981774017251965 ], [ -4.130410857068594, 47.982032694545858 ], [ -4.130485078215038, 47.982338786776282 ], [ -4.13052739733404, 47.982614483857489 ], [ -4.130522142191889, 47.982709340007283 ], [ -4.130439954597132, 47.983347520983614 ], [ -4.13045541359477, 47.983473398110682 ], [ -4.130484930050842, 47.983553096002083 ], [ -4.130515615794399, 47.983619488654348 ], [ -4.130594293703639, 47.983732398022624 ], [ -4.130988298197174, 47.98432529442988 ], [ -4.131195754999952, 47.984569156784517 ], [ -4.131360130366144, 47.984530087203048 ], [ -4.131564470636154, 47.984689344476628 ], [ -4.13178861437168, 47.985222757375176 ], [ -4.13201065182388, 47.985601223621885 ], [ -4.132000509195655, 47.985638642218014 ], [ -4.131940590332839, 47.985632504775701 ], [ -4.131860591473322, 47.985646395748702 ], [ -4.131808781521156, 47.985683306175858 ], [ -4.131840830629046, 47.985783668817689 ], [ -4.131846031722217, 47.985814107942716 ], [ -4.131880002057805, 47.985809560574353 ], [ -4.131893590192039, 47.985827750045537 ], [ -4.131890193158482, 47.985834571095559 ], [ -4.131944545695417, 47.985834571095531 ], [ -4.131985310098118, 47.985861855286664 ], [ -4.132107603306234, 47.985834571095516 ], [ -4.132311425319749, 47.985889139463367 ], [ -4.132447306662094, 47.985934613059094 ], [ -4.13235326511535, 47.986267530565279 ], [ -4.132392954125155, 47.986498482318041 ], [ -4.132429407412348, 47.986609840344876 ], [ -4.132433718527863, 47.986834982005284 ], [ -4.132482126471296, 47.986977457807335 ], [ -4.132517016400238, 47.987039444729156 ], [ -4.13254664878841, 47.987092533127495 ], [ -4.132456672522039, 47.9873508759445 ], [ -4.132436475153753, 47.987450990105785 ], [ -4.132659344438105, 47.98824005020456 ], [ -4.130884671225136, 47.98836284488177 ], [ -4.130967132019855, 47.988722712857488 ], [ -4.130551005914888, 47.988763769951944 ], [ -4.130445524780708, 47.988786941924822 ], [ -4.130381501769508, 47.988742647650412 ], [ -4.130167343080984, 47.988871729932072 ], [ -4.130083895130436, 47.988947195272047 ], [ -4.130057404480313, 47.989019198631489 ], [ -4.130062338761439, 47.989071777367876 ], [ -4.1301226185019, 47.989150993214608 ], [ -4.130108450194208, 47.989332865521291 ], [ -4.13009030550278, 47.98937419306607 ], [ -4.130105752141056, 47.989534990988943 ], [ -4.129412807416026, 47.989562022351706 ], [ -4.129399793285814, 47.989271341506253 ], [ -4.129289416730437, 47.98924877159714 ], [ -4.129212922585588, 47.989264733616793 ] ] ] ] } },
{ "type": "Feature", "properties": { "fid": 263.0, "code_qp": "QN02903M", "lib_qp": "Kerourien", "insee_reg": "53", "lib_reg": "Bretagne", "insee_dep": "29", "lib_dep": "Finistère", "insee_com": "29019", "lib_com": "Brest", "siren_epci": "242900314" }, "geometry": { "type": "MultiPolygon", "coordinates": [ [ [ [ -4.534485829443492, 48.385755080951775 ], [ -4.533982224847901, 48.385835254443556 ], [ -4.533977227506141, 48.385808925381617 ], [ -4.53326096682247, 48.38567380063089 ], [ -4.533056214902698, 48.385651734096847 ], [ -4.532975463124468, 48.385694064401619 ], [ -4.53289071887557, 48.385687069532608 ], [ -4.531536508426332, 48.385521361782928 ], [ -4.5312264850393, 48.385482127023863 ], [ -4.530666545877331, 48.385429955963488 ], [ -4.530074079005844, 48.385376539662694 ], [ -4.529272952796671, 48.38534304390695 ], [ -4.528827885416088, 48.385328300305645 ], [ -4.528405503675942, 48.38535023382925 ], [ -4.528174853022218, 48.385368655397833 ], [ -4.528183911694204, 48.385548752164325 ], [ -4.527994741508968, 48.38556577429199 ], [ -4.527885093249433, 48.385824706968982 ], [ -4.527835450406648, 48.385877595617472 ], [ -4.52762945909755, 48.385908438762051 ], [ -4.52741074613147, 48.386368761339106 ], [ -4.5262788371889, 48.386404724775247 ], [ -4.526388416929397, 48.386913730015216 ], [ -4.523139968449952, 48.387375808474005 ], [ -4.522721683508508, 48.387409062555236 ], [ -4.522239467524062, 48.387343616301031 ], [ -4.521593268209135, 48.387175891125004 ], [ -4.521616792021995, 48.387037596248476 ], [ -4.521533328080532, 48.386810073696502 ], [ -4.521546474916675, 48.386797634245987 ], [ -4.521496510165348, 48.386674840710278 ], [ -4.521474425348295, 48.386399436511567 ], [ -4.521632956311223, 48.386394320280026 ], [ -4.52170893909318, 48.386403573802568 ], [ -4.521731839960698, 48.38640708899667 ], [ -4.52194239256812, 48.386400319163144 ], [ -4.522016937438925, 48.386347506101643 ], [ -4.522015759310108, 48.386339293361416 ], [ -4.522289712460537, 48.386306110973798 ], [ -4.522477717179876, 48.38629828892379 ], [ -4.522576003488562, 48.386289546869051 ], [ -4.522623375160586, 48.386264154858893 ], [ -4.522595993998828, 48.386099314315331 ], [ -4.522695104676425, 48.386096321075733 ], [ -4.522584375354814, 48.385619365523844 ], [ -4.524621383829674, 48.385282499429735 ], [ -4.525331574112172, 48.385237281433682 ], [ -4.525980732378935, 48.385252302388814 ], [ -4.526926096932683, 48.385354539277991 ], [ -4.527567643317706, 48.385403187568272 ], [ -4.52795057086784, 48.385383770137977 ], [ -4.528174381394801, 48.385365370323839 ], [ -4.527937516314883, 48.384738154182024 ], [ -4.529212061981851, 48.38489730986835 ], [ -4.529244035034032, 48.384877150056241 ], [ -4.529177863991501, 48.384706797106986 ], [ -4.529232703397477, 48.384707447357279 ], [ -4.529303538399768, 48.384750175119393 ], [ -4.529592102467868, 48.384723503192802 ], [ -4.529594190078641, 48.384409339859346 ], [ -4.529609685181167, 48.384361907526241 ], [ -4.52980541011761, 48.38416230674131 ], [ -4.529988460933382, 48.384090620404749 ], [ -4.530333206201456, 48.384020875499843 ], [ -4.530204456584276, 48.383719786560924 ], [ -4.53056489878392, 48.383630517230586 ], [ -4.530939147135866, 48.38346411893238 ], [ -4.531050301413264, 48.383389075562526 ], [ -4.531209570222352, 48.383267869212268 ], [ -4.531392148119451, 48.383239658474032 ], [ -4.532325761945604, 48.383254969896882 ], [ -4.535230897767017, 48.383251056858441 ], [ -4.535345406028737, 48.384177798794504 ], [ -4.533545862050799, 48.384288320832994 ], [ -4.533563157619902, 48.384502374459871 ], [ -4.533747907172749, 48.384490155580835 ], [ -4.533752125776245, 48.384562819740331 ], [ -4.533566716136306, 48.384576612014335 ], [ -4.533592657847266, 48.384856341772569 ], [ -4.534610758474925, 48.384795869743549 ], [ -4.534636703552191, 48.385016660093498 ], [ -4.53484798916535, 48.385041544590592 ], [ -4.534767026649967, 48.385511561454031 ], [ -4.53484009245819, 48.385553478298 ], [ -4.534485829443492, 48.385755080951775 ] ] ] ] } },
{ "type": "Feature", "properties": { "fid": 264.0, "code_qp": "QN02904M", "lib_qp": "Bellevue", "insee_reg": "53", "lib_reg": "Bretagne", "insee_dep": "29", "lib_dep": "Finistère", "insee_com": "29019", "lib_com": "Brest", "siren_epci": "242900314" }, "geometry": { "type": "MultiPolygon", "coordinates": [ [ [ [ -4.507049178849348, 48.402597397161514 ], [ -4.507012991519701, 48.402309531282278 ], [ -4.507158722576079, 48.402306986848828 ], [ -4.507193656381316, 48.402234324273216 ], [ -4.507121320501445, 48.40121915092373 ], [ -4.506770495753039, 48.401166380547679 ], [ -4.506765438115968, 48.400315269892545 ], [ -4.508428865891297, 48.40025152458729 ], [ -4.508405207640927, 48.399873715055563 ], [ -4.508825248464772, 48.399839814427345 ], [ -4.508894369230245, 48.399814249507521 ], [ -4.509342633201203, 48.399719237998212 ], [ -4.510460059324229, 48.399516358485158 ], [ -4.510732806335532, 48.399503943648547 ], [ -4.510834453570509, 48.399529050100604 ], [ -4.511777242374558, 48.399770660994818 ], [ -4.511851227568514, 48.399663805758557 ], [ -4.512002056182975, 48.399393047810811 ], [ -4.512798533983108, 48.399624198853047 ], [ -4.512895681920956, 48.399645556673654 ], [ -4.512905883827016, 48.39957614061057 ], [ -4.513788923726643, 48.399639106229564 ], [ -4.514193879795457, 48.399665376379524 ], [ -4.513944830360442, 48.401043129963384 ], [ -4.514495715625125, 48.400695306660296 ], [ -4.514718031902922, 48.400638405422889 ], [ -4.515000140360394, 48.400594475645804 ], [ -4.515256194086369, 48.400658707777445 ], [ -4.515482658806754, 48.400744947558096 ], [ -4.51545569035999, 48.400785239047508 ], [ -4.515576944499274, 48.400822817072871 ], [ -4.515571726043918, 48.400856694128549 ], [ -4.515962531617051, 48.401140466741509 ], [ -4.51615456791418, 48.40133791645659 ], [ -4.516727871759409, 48.401383653389246 ], [ -4.517546975352296, 48.401822880966947 ], [ -4.517532409405852, 48.40184741980768 ], [ -4.517496172500719, 48.401893332940062 ], [ -4.517356332511377, 48.401910611014884 ], [ -4.517419603380301, 48.402000514967021 ], [ -4.517386246419164, 48.402435371022875 ], [ -4.517303434837033, 48.403175279333155 ], [ -4.517122557641778, 48.404250165965884 ], [ -4.515794442509146, 48.405054144418017 ], [ -4.515810773686363, 48.405185609892982 ], [ -4.51587498692652, 48.405246941192139 ], [ -4.515972974620386, 48.405961488993931 ], [ -4.517328197205351, 48.405892939722563 ], [ -4.517395049634799, 48.406088733312302 ], [ -4.517330754018597, 48.40613223685115 ], [ -4.517504358186541, 48.407351470965587 ], [ -4.515718081947155, 48.407431030911781 ], [ -4.515739269949386, 48.407710736657606 ], [ -4.515507682019777, 48.408155112285009 ], [ -4.515521732629462, 48.408281842595422 ], [ -4.515570916651852, 48.408341026071483 ], [ -4.515804597103974, 48.408484270556272 ], [ -4.515897585111053, 48.408561589517106 ], [ -4.515962572833004, 48.408681904478371 ], [ -4.516002743109532, 48.408770915021897 ], [ -4.516025128625747, 48.409000570911338 ], [ -4.515936161734921, 48.409091928199643 ], [ -4.515758744146268, 48.409219463140758 ], [ -4.515669850463833, 48.40925220943091 ], [ -4.515704247045411, 48.409731088537804 ], [ -4.515187500573421, 48.40975857469018 ], [ -4.514904108161656, 48.40978885670858 ], [ -4.514689321039817, 48.409828930686686 ], [ -4.514253945773462, 48.409588837638871 ], [ -4.513877582092259, 48.409403908321679 ], [ -4.513752424795348, 48.408522506811515 ], [ -4.513438066185053, 48.408403270560932 ], [ -4.513287076862378, 48.408369256230316 ], [ -4.513263759126292, 48.408312034072871 ], [ -4.513186450853089, 48.407790289287561 ], [ -4.513183435439752, 48.407242019347741 ], [ -4.512952678925394, 48.407011970811254 ], [ -4.512525758533465, 48.406678302483954 ], [ -4.511106585994348, 48.405588825526159 ], [ -4.511420937913549, 48.405439551405067 ], [ -4.512661385796166, 48.405392474031764 ], [ -4.512600729389078, 48.405285629366738 ], [ -4.51247111399715, 48.404293382746062 ], [ -4.511666062633995, 48.404326921675057 ], [ -4.510057328200359, 48.404412345777139 ], [ -4.510015518676261, 48.404050199562356 ], [ -4.508747655905453, 48.403070719116059 ], [ -4.508792454854392, 48.402950452786328 ], [ -4.509374909537659, 48.402936940981768 ], [ -4.511228523121713, 48.402829257031364 ], [ -4.511354323638916, 48.403882966502614 ], [ -4.511402568478561, 48.404272378701599 ], [ -4.511402225057649, 48.404322718106663 ], [ -4.511662494517849, 48.404319600727767 ], [ -4.512515149808558, 48.404274712699419 ], [ -4.513972258554817, 48.40420871196919 ], [ -4.514024189002361, 48.404190174459295 ], [ -4.514088831678494, 48.40415021815766 ], [ -4.514721904899001, 48.403273991696686 ], [ -4.515258736755236, 48.402492985549301 ], [ -4.515741600293016, 48.401769229658548 ], [ -4.51569520368634, 48.401656447845163 ], [ -4.515681168011402, 48.401628826596827 ], [ -4.515618978942295, 48.401564012113326 ], [ -4.51552588334452, 48.401494453257818 ], [ -4.515457046267561, 48.401453543021802 ], [ -4.515125117520261, 48.401120173365477 ], [ -4.51425562587176, 48.401682540606259 ], [ -4.513720304925235, 48.401215092400022 ], [ -4.513338729920053, 48.401472330635684 ], [ -4.512299319116182, 48.402075225042019 ], [ -4.509456304235801, 48.402223871744503 ], [ -4.508773765743805, 48.402861642722257 ], [ -4.508659536839435, 48.402918268797656 ], [ -4.508142518793503, 48.402943159155157 ], [ -4.50799597889959, 48.40297064108691 ], [ -4.507871026865742, 48.403024444383938 ], [ -4.507741131799218, 48.403040609722638 ], [ -4.507610430260181, 48.402991328413165 ], [ -4.507395632232434, 48.40299175342966 ], [ -4.506806008617151, 48.403015695601681 ], [ -4.505789268089138, 48.403059278812542 ], [ -4.505107160632959, 48.403088584832886 ], [ -4.504871423199037, 48.403148937158669 ], [ -4.504421193150306, 48.403169934838893 ], [ -4.504263827143662, 48.403269846645571 ], [ -4.503854643535932, 48.402980496406876 ], [ -4.503781781123309, 48.403016988374823 ], [ -4.503691086043896, 48.403034485206433 ], [ -4.50350125136212, 48.403028083619795 ], [ -4.503580928824604, 48.403338347685818 ], [ -4.503346281470486, 48.403353239446666 ], [ -4.50337791529925, 48.403659873830485 ], [ -4.503372830908973, 48.403732287461963 ], [ -4.503344186192723, 48.403760941139602 ], [ -4.503146267184152, 48.40376846977383 ], [ -4.503059732262373, 48.403797442664988 ], [ -4.503050226641492, 48.403836622337174 ], [ -4.502899736508288, 48.403841140679802 ], [ -4.502875491014853, 48.40388293294091 ], [ -4.502158107720278, 48.40392174604122 ], [ -4.501919708618209, 48.403884039962769 ], [ -4.501348415953577, 48.403905192336772 ], [ -4.500537167052766, 48.403666498736307 ], [ -4.500453422051863, 48.403653361868976 ], [ -4.500281189932236, 48.403875618990455 ], [ -4.500125010192641, 48.404227681408116 ], [ -4.499979161672496, 48.404387883883651 ], [ -4.497915893496418, 48.403681810170717 ], [ -4.498628919418745, 48.403015052899363 ], [ -4.498772274614097, 48.402844715157869 ], [ -4.499218789601657, 48.402143160656323 ], [ -4.50015467582944, 48.400751330524159 ], [ -4.500809320559983, 48.401085592969125 ], [ -4.501671300265762, 48.401500883993805 ], [ -4.502139388550956, 48.401714990194115 ], [ -4.502374651952308, 48.401811632895694 ], [ -4.502575784984638, 48.401950702493238 ], [ -4.50309352275244, 48.402359323497116 ], [ -4.50329840457617, 48.402508433943353 ], [ -4.503579645380063, 48.402502325591279 ], [ -4.503709214328684, 48.402527647026417 ], [ -4.503776023321127, 48.402572046755182 ], [ -4.504845939661063, 48.402462205275675 ], [ -4.504883737209565, 48.402444710804694 ], [ -4.504919159960032, 48.402445816730712 ], [ -4.505121357243132, 48.402468203580007 ], [ -4.505266967281159, 48.40244721951656 ], [ -4.505389984615024, 48.402373997717817 ], [ -4.505519897868363, 48.402313755938692 ], [ -4.505727319847758, 48.402302265181895 ], [ -4.505778195657457, 48.402305744296022 ], [ -4.50584595809559, 48.402356791405715 ], [ -4.505939153054318, 48.402374356218616 ], [ -4.50594474880389, 48.402431027267582 ], [ -4.50601750396468, 48.402481757323706 ], [ -4.506121519866242, 48.402522116439862 ], [ -4.506589621362396, 48.402519232559676 ], [ -4.506807535535226, 48.402686539076463 ], [ -4.506982495483478, 48.402606662999801 ], [ -4.507049178849348, 48.402597397161514 ] ] ] ] } },
{ "type": "Feature", "properties": { "fid": 265.0, "code_qp": "QN02905M", "lib_qp": "Keredern", "insee_reg": "53", "lib_reg": "Bretagne", "insee_dep": "29", "lib_dep": "Finistère", "insee_com": "29019", "lib_com": "Brest", "siren_epci": "242900314" }, "geometry": { "type": "MultiPolygon", "coordinates": [ [ [ [ -4.496992881081558, 48.408218061151999 ], [ -4.498500647993579, 48.40788101517149 ], [ -4.500238990668144, 48.407465966656808 ], [ -4.500323344731846, 48.407534246381097 ], [ -4.500458065368844, 48.407577070755728 ], [ -4.500617787759861, 48.407614884335189 ], [ -4.501629876626543, 48.407624308819805 ], [ -4.501604896634032, 48.411115636677998 ], [ -4.499612144167872, 48.411137585413059 ], [ -4.499643364909869, 48.411841085418331 ], [ -4.499780905514432, 48.412316951680062 ], [ -4.498883799745659, 48.412554494870683 ], [ -4.498635580326218, 48.412635303587507 ], [ -4.497947056313117, 48.412955502527403 ], [ -4.497814994638313, 48.413003259346205 ], [ -4.497760130975056, 48.413123175979884 ], [ -4.49765398349872, 48.413127337581415 ], [ -4.497647489590845, 48.413054975538444 ], [ -4.497488663756293, 48.412780799644302 ], [ -4.496990771632685, 48.412069217376327 ], [ -4.497075979756658, 48.412017582529536 ], [ -4.497254891546935, 48.411973705357468 ], [ -4.497110090483659, 48.411662681059646 ], [ -4.49707142778502, 48.411620444765113 ], [ -4.497051591789282, 48.411181801872161 ], [ -4.496869405946688, 48.411184790695124 ], [ -4.496846383117697, 48.410578350099577 ], [ -4.496805123833983, 48.409651304840601 ], [ -4.496793451511327, 48.409562126082982 ], [ -4.496748196451234, 48.408449328079591 ], [ -4.49673678961995, 48.408333612955609 ], [ -4.496992881081558, 48.408218061151999 ] ] ] ] } },
{ "type": "Feature", "properties": { "fid": 266.0, "code_qp": "QN02906M", "lib_qp": "Lambézellec Bourg", "insee_reg": "53", "lib_reg": "Bretagne", "insee_dep": "29", "lib_dep": "Finistère", "insee_com": "29019", "lib_com": "Brest", "siren_epci": "242900314" }, "geometry": { "type": "MultiPolygon", "coordinates": [ [ [ [ -4.489383044002167, 48.418506791411737 ], [ -4.488291629036778, 48.41852509503731 ], [ -4.487808558174621, 48.418575499270631 ], [ -4.487598076648621, 48.418588825117389 ], [ -4.487497283243388, 48.418605776449823 ], [ -4.487414658872942, 48.418638753864165 ], [ -4.487356308204326, 48.418605452572123 ], [ -4.487276784295899, 48.418590668111491 ], [ -4.487189012288359, 48.418601509767583 ], [ -4.487153854388183, 48.418516347940695 ], [ -4.48712687559349, 48.418143362279928 ], [ -4.487050547263612, 48.41729892107071 ], [ -4.487706309832136, 48.417276699617254 ], [ -4.487670571984015, 48.417181583983691 ], [ -4.488207476235387, 48.417158288688668 ], [ -4.488244688066992, 48.417015878264323 ], [ -4.487726980106154, 48.416969055101063 ], [ -4.487047161742984, 48.416900113449678 ], [ -4.486826632132455, 48.415245316268255 ], [ -4.486999590725476, 48.415308006669811 ], [ -4.487456439075686, 48.415503201360615 ], [ -4.487706615935259, 48.415572317664925 ], [ -4.48800770110319, 48.415608365957539 ], [ -4.48938100626387, 48.415604543261807 ], [ -4.489634942524165, 48.415591377802961 ], [ -4.489552664687037, 48.414626775837739 ], [ -4.489866207699445, 48.414424997984511 ], [ -4.490388083941721, 48.41426937367892 ], [ -4.490510592262758, 48.414441244212178 ], [ -4.49081116921137, 48.414364069155432 ], [ -4.490886368831508, 48.414459722554064 ], [ -4.491074294502914, 48.414545592793964 ], [ -4.491059305764284, 48.414565700722598 ], [ -4.491604714530298, 48.414535114447737 ], [ -4.491641784430102, 48.414572323754967 ], [ -4.491918628038949, 48.414485241261154 ], [ -4.491980408981879, 48.414455820226777 ], [ -4.492127541514164, 48.414582590244848 ], [ -4.492149264414742, 48.414651241606258 ], [ -4.492171877561645, 48.414752739539765 ], [ -4.492080344788002, 48.415377023981804 ], [ -4.492119295612869, 48.41551064761429 ], [ -4.491970362809085, 48.41555179338711 ], [ -4.491913878547551, 48.415587082303283 ], [ -4.491621746766201, 48.415696998288425 ], [ -4.491751659391378, 48.415917107109941 ], [ -4.491731597664853, 48.415919518912034 ], [ -4.491753058560547, 48.415964801908146 ], [ -4.491685631239076, 48.415971811595156 ], [ -4.4916692039669, 48.416173372449101 ], [ -4.491587620323763, 48.416171934216393 ], [ -4.49159931261067, 48.416297324726798 ], [ -4.491625152361791, 48.416435403874139 ], [ -4.491656379322182, 48.416436695364574 ], [ -4.491738169823954, 48.416563259379828 ], [ -4.491714581814144, 48.416572897905247 ], [ -4.491724040741106, 48.416585789347295 ], [ -4.49145945488213, 48.416652825427221 ], [ -4.491606899228454, 48.416960651007791 ], [ -4.491618958524183, 48.4169578862709 ], [ -4.491636947381471, 48.417047824821331 ], [ -4.491220803476814, 48.417036798770212 ], [ -4.490896622374137, 48.417016308000633 ], [ -4.490666401678937, 48.417025516560564 ], [ -4.49035137600192, 48.417062821718751 ], [ -4.490148299548465, 48.417086253682626 ], [ -4.48991008368085, 48.417121058149064 ], [ -4.489845082844596, 48.417146538499743 ], [ -4.489843485068778, 48.41720333229329 ], [ -4.489657462720531, 48.417179438901186 ], [ -4.488806688399432, 48.417073441644952 ], [ -4.489196054514957, 48.417742450975162 ], [ -4.489250968533915, 48.417734110832384 ], [ -4.489299925497807, 48.417894627421745 ], [ -4.489829845395672, 48.417778102558941 ], [ -4.489978381703948, 48.418397143567098 ], [ -4.489383044002167, 48.418506791411737 ] ] ] ] } },
{ "type": "Feature", "properties": { "fid": 267.0, "code_qp": "QN02907M", "lib_qp": "Pontanézen", "insee_reg": "53", "lib_reg": "Bretagne", "insee_dep": "29", "lib_dep": "Finistère", "insee_com": "29019", "lib_com": "Brest", "siren_epci": "242900314" }, "geometry": { "type": "MultiPolygon", "coordinates": [ [ [ [ -4.468409493101614, 48.412723494151386 ], [ -4.468531163032827, 48.412498567458385 ], [ -4.468545202689565, 48.412426762713913 ], [ -4.468550610853439, 48.412313311332717 ], [ -4.468545972141253, 48.412186131309497 ], [ -4.468532670764482, 48.412073861532768 ], [ -4.469954223144526, 48.411716558593483 ], [ -4.46990969001362, 48.411361613089923 ], [ -4.469993800496463, 48.411360365071964 ], [ -4.469997855870273, 48.411336881390163 ], [ -4.469559700302024, 48.410973049314393 ], [ -4.469485017195119, 48.411010860746877 ], [ -4.469391504875162, 48.410841539451155 ], [ -4.469788716450102, 48.410684175103263 ], [ -4.470081860126588, 48.410530714079265 ], [ -4.470214432037289, 48.410447617957281 ], [ -4.470258317453622, 48.410406456667467 ], [ -4.470174853816462, 48.410298953530926 ], [ -4.470291858384321, 48.410267379117819 ], [ -4.470591633155118, 48.410152895147213 ], [ -4.470743234495942, 48.410100227804811 ], [ -4.470922540870007, 48.410374368450874 ], [ -4.47093358337961, 48.410432919059126 ], [ -4.47099819717198, 48.410507834503861 ], [ -4.471355699695168, 48.410745580575636 ], [ -4.471799611112344, 48.411003001617516 ], [ -4.471952698882528, 48.411036418276247 ], [ -4.472080309639808, 48.411118125074275 ], [ -4.472932089317551, 48.411504431010115 ], [ -4.473135199553381, 48.411480566144384 ], [ -4.473176611851971, 48.411373815530226 ], [ -4.473101614465651, 48.410904568036301 ], [ -4.473906895723522, 48.410783653285186 ], [ -4.474046265418814, 48.410758685857331 ], [ -4.47446973571128, 48.410645740072667 ], [ -4.474715475825554, 48.410969539313996 ], [ -4.47525817087607, 48.41091728003618 ], [ -4.475268129694347, 48.411440910250818 ], [ -4.475240191348978, 48.411746100561082 ], [ -4.475168834818027, 48.411945413133175 ], [ -4.47579221100974, 48.412090035575631 ], [ -4.475924370405459, 48.412118486553332 ], [ -4.475802535663685, 48.412512201870321 ], [ -4.475756484114601, 48.412624261891253 ], [ -4.475559515579484, 48.41311861649222 ], [ -4.475140340217089, 48.413995774222315 ], [ -4.475105135380604, 48.414161369774739 ], [ -4.475095636293259, 48.414363067305239 ], [ -4.475085449284607, 48.414527532646844 ], [ -4.475097537376123, 48.414678938456348 ], [ -4.474191034522754, 48.414752392600313 ], [ -4.473859458671255, 48.414791302106508 ], [ -4.473797345106554, 48.414579578772312 ], [ -4.473629203616774, 48.414254665166645 ], [ -4.473602543158462, 48.414121228548538 ], [ -4.473120393492577, 48.414166527406209 ], [ -4.472402995216208, 48.414205336817254 ], [ -4.472484007688254, 48.414761531589114 ], [ -4.472610302070131, 48.41560010337534 ], [ -4.472574072427427, 48.415629579328176 ], [ -4.472519560996096, 48.415648173213242 ], [ -4.472121406205222, 48.415667316955478 ], [ -4.471891803812322, 48.415645915611989 ], [ -4.471618382251019, 48.415695507309678 ], [ -4.470402046160806, 48.415790300610269 ], [ -4.470240422730757, 48.414769953881887 ], [ -4.469896006353054, 48.414775550739542 ], [ -4.469574436543027, 48.414780601261214 ], [ -4.468471759298746, 48.414792790610413 ], [ -4.468320427237841, 48.414790677457312 ], [ -4.468471170989319, 48.413558496187527 ], [ -4.46845880081864, 48.413425323785958 ], [ -4.469994420339876, 48.413330952065039 ], [ -4.469923406924844, 48.412895836841358 ], [ -4.469592843964776, 48.412960704268848 ], [ -4.469522452730861, 48.41297771822186 ], [ -4.469464550366372, 48.41284582318773 ], [ -4.469415894237868, 48.412797727692627 ], [ -4.469338851536121, 48.412758606727358 ], [ -4.469336188859824, 48.412739923258563 ], [ -4.469130275383498, 48.412714328059721 ], [ -4.468514695165669, 48.412818289852765 ], [ -4.468394729696316, 48.412837536291896 ], [ -4.468409493101614, 48.412723494151386 ] ] ] ] } },
{ "type": "Feature", "properties": { "fid": 268.0, "code_qp": "QN02908M", "lib_qp": "Queliverzan Pontaniou", "insee_reg": "53", "lib_reg": "Bretagne", "insee_dep": "29", "lib_dep": "Finistère", "insee_com": "29019", "lib_com": "Brest", "siren_epci": "242900314" }, "geometry": { "type": "MultiPolygon", "coordinates": [ [ [ [ -4.504121560313155, 48.392473090830265 ], [ -4.50397566263108, 48.39218897039818 ], [ -4.503877200552385, 48.392065445147665 ], [ -4.503825194049049, 48.391775223134324 ], [ -4.5037105916533, 48.391523608057433 ], [ -4.503649571381092, 48.391235872281065 ], [ -4.503638428666954, 48.391106413303049 ], [ -4.503571343384765, 48.390193732417593 ], [ -4.503615790405588, 48.389998901107951 ], [ -4.503609247596137, 48.389993460191683 ], [ -4.503653693538259, 48.389798623464756 ], [ -4.503678468395802, 48.389496915414014 ], [ -4.503424871784044, 48.389407050890803 ], [ -4.503262375583144, 48.389485684843727 ], [ -4.502680925957518, 48.38960624917884 ], [ -4.502531755283987, 48.389587832599553 ], [ -4.501785108111945, 48.389431661698978 ], [ -4.501322380213394, 48.389299295675045 ], [ -4.501148013353044, 48.389177907522722 ], [ -4.501049619052257, 48.389133958733467 ], [ -4.501137918703954, 48.388902486070471 ], [ -4.500938750171534, 48.388651611890623 ], [ -4.500963937737605, 48.388608185857628 ], [ -4.5010169617402, 48.38863329847554 ], [ -4.501523273465398, 48.388772066464647 ], [ -4.501665031925815, 48.388782589064341 ], [ -4.502548967978465, 48.388786437577423 ], [ -4.503422039022801, 48.388802123301168 ], [ -4.503535740441078, 48.388792116700259 ], [ -4.503472899582722, 48.388674805652897 ], [ -4.503436035378882, 48.388519594822057 ], [ -4.503387856314187, 48.387875717820428 ], [ -4.502394888327758, 48.387987549337872 ], [ -4.50231810979169, 48.387728908383842 ], [ -4.502257383236057, 48.387458094442025 ], [ -4.502059025328059, 48.387446982508557 ], [ -4.502074518702681, 48.387262654403003 ], [ -4.503202590741957, 48.38698330254325 ], [ -4.503159602599669, 48.386814537733407 ], [ -4.502897221197815, 48.386843528451628 ], [ -4.501919872720847, 48.387085946036059 ], [ -4.501837988836717, 48.386721359123307 ], [ -4.501430911026191, 48.386758350279983 ], [ -4.50126273501956, 48.386050982147118 ], [ -4.500858662429783, 48.386044232246789 ], [ -4.49923026337294, 48.38575122730925 ], [ -4.49920983100581, 48.385521022399836 ], [ -4.499182340275286, 48.385255125337842 ], [ -4.501009434774042, 48.384872877508336 ], [ -4.50183367819881, 48.38470135344965 ], [ -4.502653313346554, 48.384668564717614 ], [ -4.503647577929053, 48.384585506794942 ], [ -4.50395665179226, 48.384565883427058 ], [ -4.504261189855518, 48.386157200128402 ], [ -4.504350736691368, 48.386662714482213 ], [ -4.504560013354735, 48.387758077576358 ], [ -4.504682101989345, 48.388501854072743 ], [ -4.504712358109459, 48.38864379695525 ], [ -4.504820608948869, 48.389227812073393 ], [ -4.504934699282313, 48.389878658154664 ], [ -4.504972259008704, 48.390024064731968 ], [ -4.5049855136871, 48.390145917871457 ], [ -4.50511241875938, 48.390183779470824 ], [ -4.505674326972551, 48.390541372016202 ], [ -4.506123045657305, 48.390864888152684 ], [ -4.506239081939504, 48.390949408914175 ], [ -4.506066032673964, 48.391097342869692 ], [ -4.505967833324402, 48.391187795817331 ], [ -4.506210095282769, 48.391359242413358 ], [ -4.506367599818839, 48.391552802165542 ], [ -4.506462066487368, 48.391686229040992 ], [ -4.506562224383861, 48.391790884052682 ], [ -4.506740102744367, 48.391902807726815 ], [ -4.506861530599274, 48.391975963236987 ], [ -4.507296342260425, 48.392132390912266 ], [ -4.50793236547041, 48.392129639676405 ], [ -4.508121675790146, 48.392252858541411 ], [ -4.508837404244804, 48.392148835672607 ], [ -4.508917074863867, 48.39235430829477 ], [ -4.508849750838618, 48.392432889416142 ], [ -4.508856134383789, 48.392496393449314 ], [ -4.508938191009838, 48.392544050201955 ], [ -4.509038173044132, 48.392863422786107 ], [ -4.508699372441922, 48.392931724463182 ], [ -4.508679522679034, 48.392898753159145 ], [ -4.507582802993397, 48.39311865998004 ], [ -4.507593739539494, 48.393142838314155 ], [ -4.507431106622192, 48.393181245028011 ], [ -4.506764631604668, 48.392834340526697 ], [ -4.505379480448017, 48.392582980674135 ], [ -4.505355002325609, 48.392396228662271 ], [ -4.505090319570823, 48.392508800471774 ], [ -4.504817304546322, 48.392581541181151 ], [ -4.504323756760339, 48.392677429674507 ], [ -4.504121560313155, 48.392473090830265 ] ] ] ] } },
{ "type": "Feature", "properties": { "fid": 269.0, "code_qp": "QN02909M", "lib_qp": "Kerangoff Loti", "insee_reg": "53", "lib_reg": "Bretagne", "insee_dep": "29", "lib_dep": "Finistère", "insee_com": "29019", "lib_com": "Brest", "siren_epci": "242900314" }, "geometry": { "type": "MultiPolygon", "coordinates": [ [ [ [ -4.509426267324979, 48.383100614072077 ], [ -4.509220999930916, 48.383148214530429 ], [ -4.509112463514859, 48.383055917714451 ], [ -4.508724310063737, 48.382940784503106 ], [ -4.508539839748947, 48.382905550590117 ], [ -4.507844592261685, 48.382849756607989 ], [ -4.506754417123196, 48.382762215326323 ], [ -4.506834630054247, 48.3823560596297 ], [ -4.506981445393459, 48.382363028593225 ], [ -4.507024192351814, 48.382115578378638 ], [ -4.507035833036662, 48.382107368991321 ], [ -4.507199064214685, 48.381770456362801 ], [ -4.507001056125509, 48.38167418639005 ], [ -4.506937337561798, 48.381732657849788 ], [ -4.50688005986663, 48.38166266376345 ], [ -4.506854760055389, 48.381592239110226 ], [ -4.507136044260574, 48.381302251493871 ], [ -4.507248447448596, 48.381248157171434 ], [ -4.507813812399297, 48.381112997496274 ], [ -4.508000026446505, 48.380824778416851 ], [ -4.508143017651765, 48.380637481719099 ], [ -4.508403459541566, 48.380330672916273 ], [ -4.508457122212238, 48.380280309283535 ], [ -4.5092791054813, 48.380090508375289 ], [ -4.509986746068455, 48.379725360179933 ], [ -4.51027957101078, 48.379993690931421 ], [ -4.510477345576828, 48.379998728886505 ], [ -4.511117751299882, 48.379831641894725 ], [ -4.51114127773012, 48.379895242322554 ], [ -4.511165040066722, 48.379994043483386 ], [ -4.511207852245276, 48.380091633840102 ], [ -4.511258176646297, 48.38029759532261 ], [ -4.511260029099237, 48.380444743338963 ], [ -4.510822392660772, 48.38130386225636 ], [ -4.510476976248882, 48.38125218183437 ], [ -4.510046142884656, 48.381230472817684 ], [ -4.509762807756564, 48.381243142213336 ], [ -4.509581533018888, 48.381274936984632 ], [ -4.509423621586793, 48.381324455416738 ], [ -4.50924349445504, 48.381420205101733 ], [ -4.509096030638822, 48.381542691814602 ], [ -4.508773715604991, 48.382055122175593 ], [ -4.509524027295063, 48.382047998993514 ], [ -4.509532338921247, 48.382363344134411 ], [ -4.509331279614549, 48.382370593573562 ], [ -4.509332170965996, 48.382442225740718 ], [ -4.509363467741184, 48.382437035702807 ], [ -4.509405137593072, 48.382475376818668 ], [ -4.509426267324979, 48.383100614072077 ] ] ] ] } },
{ "type": "Feature", "properties": { "fid": 358.0, "code_qp": "QN03501I", "lib_qp": "La Découverte", "insee_reg": "53", "lib_reg": "Bretagne", "insee_dep": "35", "lib_dep": "Ille-et-Vilaine", "insee_com": "35288", "lib_com": "Saint-Malo", "siren_epci": "243500782" }, "geometry": { "type": "MultiPolygon", "coordinates": [ [ [ [ -1.989902598107546, 48.637350667339611 ], [ -1.99052425858203, 48.637112623298279 ], [ -1.990688663625621, 48.637287820507872 ], [ -1.990768377301211, 48.637259439089107 ], [ -1.991128496692528, 48.637685908882659 ], [ -1.9912286015077, 48.637634226603829 ], [ -1.991518953527587, 48.637507017940834 ], [ -1.991658490788521, 48.637473227573764 ], [ -1.991983854955815, 48.637344419018277 ], [ -1.992117705852708, 48.63729160331755 ], [ -1.99287655467154, 48.637002554858931 ], [ -1.992112775797509, 48.636142722357313 ], [ -1.991846669852744, 48.635656351884336 ], [ -1.991320403854131, 48.635085069869149 ], [ -1.991049785477113, 48.635171612069755 ], [ -1.990468885274268, 48.635382552282991 ], [ -1.990227352938283, 48.635459371473317 ], [ -1.990103630573294, 48.635488014079094 ], [ -1.989923924314475, 48.635514472834302 ], [ -1.98982623608086, 48.635431148125576 ], [ -1.989706836178155, 48.635334311423144 ], [ -1.989670562555632, 48.635239374599564 ], [ -1.989643527169815, 48.635055747133542 ], [ -1.991364183524999, 48.63445795534215 ], [ -1.991442638092187, 48.634559266271552 ], [ -1.991432625750863, 48.634981470138058 ], [ -1.991470309421233, 48.635036205605992 ], [ -1.992110177518412, 48.634826998544618 ], [ -1.992276817384393, 48.634792075266333 ], [ -1.992634328300597, 48.6348194270251 ], [ -1.992756133681835, 48.634941398117547 ], [ -1.992969708844005, 48.635070338854959 ], [ -1.993333777083019, 48.635357175567876 ], [ -1.993745793130409, 48.635649742728212 ], [ -1.993899169476409, 48.635762172919293 ], [ -1.994331343710435, 48.635914485572172 ], [ -1.994702846534208, 48.636016947511997 ], [ -1.996253893963179, 48.636452054650945 ], [ -1.996725772267601, 48.636594460805391 ], [ -1.996929615573817, 48.636721110589889 ], [ -1.997609303724718, 48.63735929151229 ], [ -1.998291454242338, 48.637054149931842 ], [ -1.998558027928921, 48.636926689133581 ], [ -1.998877512717355, 48.636726708849437 ], [ -1.999421059410162, 48.636324427841004 ], [ -1.999484929931111, 48.636295597356607 ], [ -1.999735977886649, 48.63624719892865 ], [ -1.999793486610142, 48.636592059796072 ], [ -1.99979930813793, 48.636736841271066 ], [ -1.999785423056497, 48.636822581211 ], [ -1.999757522544975, 48.636887619631189 ], [ -1.999682032206062, 48.636934443512253 ], [ -1.999783833018877, 48.637120687472162 ], [ -1.999872704289039, 48.637321199641889 ], [ -1.99991575708184, 48.637487042667964 ], [ -1.999922182359946, 48.637580559902432 ], [ -1.999927587523527, 48.637638850417844 ], [ -1.999894564946027, 48.637706045452269 ], [ -1.999815710232177, 48.637749014366889 ], [ -1.999628577755034, 48.637761517693697 ], [ -1.999557537053546, 48.637786804500294 ], [ -1.999831051720016, 48.638249179164212 ], [ -1.999580548612823, 48.638324355383432 ], [ -1.999684242522977, 48.638485584486872 ], [ -1.999393818189737, 48.638567380425954 ], [ -1.999469313605332, 48.638763679641478 ], [ -1.999535832977348, 48.638982998326327 ], [ -1.999585238461835, 48.639127646227315 ], [ -1.999637605762707, 48.639195865907588 ], [ -1.999963305604263, 48.639059720763342 ], [ -2.000128650360404, 48.638962295000859 ], [ -2.000223962681931, 48.638874701556503 ], [ -2.000326206661159, 48.638844890889786 ], [ -2.000284760186007, 48.638789418330852 ], [ -2.000748007618969, 48.638658186933704 ], [ -2.00067518919129, 48.638536987287161 ], [ -2.000876040272643, 48.638482184769416 ], [ -2.000898401209168, 48.638478130055056 ], [ -2.001069835533757, 48.638391851867567 ], [ -2.001157369958337, 48.638425432284293 ], [ -2.001269050864229, 48.638480607651431 ], [ -2.001436153636866, 48.638648938233644 ], [ -2.001406406376188, 48.638674924962118 ], [ -2.001485231100267, 48.638725654324411 ], [ -2.001595234916771, 48.638742320748051 ], [ -2.001603346237829, 48.638751194654056 ], [ -2.001730602328941, 48.638751263882057 ], [ -2.00180948978142, 48.638791782050085 ], [ -2.002033292182965, 48.63871940853867 ], [ -2.002134860486637, 48.638719095192855 ], [ -2.002391169620053, 48.638682999832533 ], [ -2.002446634671822, 48.638695284861697 ], [ -2.002694061117073, 48.63867476265635 ], [ -2.002881563538993, 48.638891861667112 ], [ -2.002940702626452, 48.638955853069156 ], [ -2.003024123666899, 48.639003038102402 ], [ -2.003260261987452, 48.639127362730406 ], [ -2.003522112777487, 48.639247085204794 ], [ -2.003755859100794, 48.639334044304491 ], [ -2.003878307107117, 48.639401911789378 ], [ -2.003643499562152, 48.639607428283512 ], [ -2.003898408721453, 48.639732530940066 ], [ -2.003902176276801, 48.63992877274174 ], [ -2.004051887566825, 48.640077339643675 ], [ -2.004067433283821, 48.640197766344151 ], [ -2.002923447115736, 48.640238457438123 ], [ -2.003022515094129, 48.640995091818432 ], [ -2.003030623632819, 48.64102771133355 ], [ -2.003088738635499, 48.641026598137245 ], [ -2.003393137897148, 48.64166163521589 ], [ -2.003981487093883, 48.642408482624099 ], [ -2.00400122658391, 48.642402601654055 ], [ -2.004290546858523, 48.642773624618947 ], [ -2.004571998912019, 48.643049455556927 ], [ -2.004857620672437, 48.643321150502913 ], [ -2.005663848808965, 48.644068315955607 ], [ -2.005275074363762, 48.644257838266256 ], [ -2.005152551989093, 48.644316707217541 ], [ -2.005773020674056, 48.644899994570643 ], [ -2.006443157597049, 48.64550632477053 ], [ -2.006548118166262, 48.645611989704797 ], [ -2.006482612000089, 48.645672088835248 ], [ -2.00624709332207, 48.645646160662743 ], [ -2.006187442100604, 48.645635637378881 ], [ -2.006181946754293, 48.645687139695362 ], [ -2.006070044971124, 48.64593747918574 ], [ -2.006032422920992, 48.646021633158036 ], [ -2.005776869781766, 48.646111444883161 ], [ -2.005133526094971, 48.646291783069138 ], [ -2.004887653934329, 48.646329671171372 ], [ -2.003545154452649, 48.646133371736369 ], [ -2.003572279013524, 48.646076931462979 ], [ -2.000894601137959, 48.645706069050505 ], [ -2.000706808859579, 48.64564087655674 ], [ -2.000254228858736, 48.645592431962548 ], [ -2.000104278228129, 48.645612405329587 ], [ -1.999551832464334, 48.645539864616204 ], [ -1.999469998508091, 48.645482586673701 ], [ -1.999441552019387, 48.645423934151559 ], [ -1.999459734136359, 48.64532942695115 ], [ -1.999573763006734, 48.64504197151642 ], [ -1.999633826652774, 48.645013587496322 ], [ -1.999816199962017, 48.644946734190682 ], [ -1.99992792879982, 48.644920403372012 ], [ -2.000192455007822, 48.644956146806905 ], [ -2.000430184574122, 48.644989100469367 ], [ -2.000917130180545, 48.645061012999676 ], [ -2.001060073625362, 48.64470963926879 ], [ -2.001430030242314, 48.64477791110945 ], [ -2.001748209574292, 48.644829733815378 ], [ -2.001856480497571, 48.644849133911634 ], [ -2.002131756711524, 48.644907907145246 ], [ -2.002448345455195, 48.644949320059915 ], [ -2.002744763709666, 48.645006608304712 ], [ -2.002852639554659, 48.644726093196368 ], [ -2.00136521079931, 48.644457316196409 ], [ -2.001509701421064, 48.644099987472039 ], [ -2.003078752867165, 48.644133623955994 ], [ -2.003095815454662, 48.64405630550754 ], [ -2.003226941078101, 48.643792117030337 ], [ -2.003293793421087, 48.643713640627169 ], [ -2.003388776917843, 48.643635701025644 ], [ -2.003490003593376, 48.643602940352359 ], [ -2.003455965674563, 48.643552986885389 ], [ -2.002956050721973, 48.642821465479152 ], [ -2.002956469486813, 48.642621354739624 ], [ -2.00293947247862, 48.642454893337934 ], [ -2.002889079520519, 48.642373196902383 ], [ -2.003186131511587, 48.642274539849751 ], [ -2.003048270502092, 48.642110602331321 ], [ -2.002710677963661, 48.641666935546397 ], [ -2.002522447790199, 48.641419796568762 ], [ -2.002053596539103, 48.640713058047794 ], [ -2.001990527495843, 48.640594034239442 ], [ -2.001943256750008, 48.640398626516081 ], [ -2.001922946396079, 48.640328286849495 ], [ -2.001692842748419, 48.640354172054373 ], [ -2.000827243796313, 48.640460861007917 ], [ -2.000309680921469, 48.640524084127854 ], [ -1.999594524185116, 48.640142230651023 ], [ -1.999461341501122, 48.640015330755283 ], [ -1.99899317900015, 48.639329291507494 ], [ -1.998700361511939, 48.638898150488622 ], [ -1.998111384072947, 48.63799708590971 ], [ -1.997777808029532, 48.637556132107868 ], [ -1.997304964424163, 48.637731012004586 ], [ -1.997269113405016, 48.637754154260406 ], [ -1.996755564507614, 48.637176362531768 ], [ -1.996350125840879, 48.637322136976699 ], [ -1.996255063537513, 48.637356731439851 ], [ -1.995942921533126, 48.637496735748812 ], [ -1.995630485160755, 48.637138810733362 ], [ -1.995469375354537, 48.637015147674177 ], [ -1.995346341522265, 48.636934860796551 ], [ -1.995107079350911, 48.636809980958439 ], [ -1.994673696252365, 48.636677508618646 ], [ -1.994136561555545, 48.63653159798271 ], [ -1.993973470455209, 48.636486524190254 ], [ -1.993881431419929, 48.636571487018195 ], [ -1.993811102712126, 48.636613115200284 ], [ -1.993052876646584, 48.636913708037838 ], [ -1.992890554146302, 48.637013204254387 ], [ -1.992171561859949, 48.637282864819404 ], [ -1.992560012688276, 48.637742725232812 ], [ -1.993098221990222, 48.638323121399495 ], [ -1.993227523280911, 48.638466403086731 ], [ -1.993972942092457, 48.639336413156585 ], [ -1.994924763099883, 48.640402346240649 ], [ -1.994240235228688, 48.641549495876745 ], [ -1.993662111917307, 48.640898132980389 ], [ -1.99282431330026, 48.641221128234598 ], [ -1.992526606566614, 48.641337061392719 ], [ -1.99242432174128, 48.641474028304948 ], [ -1.99209029192393, 48.641600479155144 ], [ -1.992156639911454, 48.642312792955877 ], [ -1.991678851801385, 48.642333501744162 ], [ -1.991641579394545, 48.642462668807447 ], [ -1.991663351490373, 48.642690605135115 ], [ -1.991686897804605, 48.642726871230018 ], [ -1.991613767139463, 48.642823076236958 ], [ -1.991154306805536, 48.642931495206824 ], [ -1.990886448211251, 48.643027880026445 ], [ -1.99067836930688, 48.643161676844386 ], [ -1.990833311582987, 48.643859025692286 ], [ -1.990969328369033, 48.643895114439303 ], [ -1.991116564052469, 48.643998194289452 ], [ -1.991214952239859, 48.644021381372312 ], [ -1.991487993024094, 48.644154882869032 ], [ -1.992871733466202, 48.644515947324074 ], [ -1.992880015647697, 48.644787530375901 ], [ -1.992828250431082, 48.644867283458865 ], [ -1.992760255621042, 48.645150103051982 ], [ -1.992442370726828, 48.645108345926843 ], [ -1.991757936345382, 48.645048233471591 ], [ -1.991091984775258, 48.644969807325062 ], [ -1.990946225528612, 48.644957291093057 ], [ -1.990655661132223, 48.644943698664029 ], [ -1.990745509234125, 48.645504571400842 ], [ -1.99084667049956, 48.645954030276371 ], [ -1.991060420523604, 48.647031230740353 ], [ -1.991320787591501, 48.648147822337755 ], [ -1.991421974610693, 48.648580699067551 ], [ -1.991437911093504, 48.648675422485866 ], [ -1.991424028029318, 48.648673446923873 ], [ -1.991357796932555, 48.648577977666967 ], [ -1.991210539906977, 48.648446251974576 ], [ -1.991076253360534, 48.648293270658257 ], [ -1.990876859869072, 48.648114153345702 ], [ -1.990676261762029, 48.647933004282528 ], [ -1.990498085869459, 48.647808279522827 ], [ -1.989764600993418, 48.647120720355019 ], [ -1.989328840516303, 48.646745131673043 ], [ -1.989051998096924, 48.646537731772526 ], [ -1.98897048979582, 48.646407908567255 ], [ -1.988956798018127, 48.646348608520853 ], [ -1.988959916365048, 48.64621442091812 ], [ -1.989236762112768, 48.646000247299455 ], [ -1.989372388425077, 48.645876272927048 ], [ -1.989739656183233, 48.6454922577567 ], [ -1.989923897147501, 48.645270906269729 ], [ -1.990183086335162, 48.644851760962915 ], [ -1.990365664004168, 48.644356507249995 ], [ -1.990427766212236, 48.644109652619903 ], [ -1.990470714748563, 48.643762471423813 ], [ -1.990498769734408, 48.643173205422571 ], [ -1.990462727465591, 48.642816806967538 ], [ -1.990351599209222, 48.641617194388203 ], [ -1.990272639381334, 48.640918398884864 ], [ -1.990254491629526, 48.640700146913815 ], [ -1.990072010234063, 48.639144964924725 ], [ -1.989979308534581, 48.6382587497571 ], [ -1.989968927526729, 48.638039609219447 ], [ -1.989902598107546, 48.637350667339611 ] ] ] ] } },
{ "type": "Feature", "properties": { "fid": 359.0, "code_qp": "QN03502M", "lib_qp": "Villejean", "insee_reg": "53", "lib_reg": "Bretagne", "insee_dep": "35", "lib_dep": "Ille-et-Vilaine", "insee_com": "35238", "lib_com": "Rennes", "siren_epci": "243500139" }, "geometry": { "type": "MultiPolygon", "coordinates": [ [ [ [ -1.718415255079424, 48.119983023974932 ], [ -1.7184177527316, 48.120088636900597 ], [ -1.718392255760399, 48.120123495069464 ], [ -1.718317644133693, 48.120143056092026 ], [ -1.717694426317528, 48.120140072247082 ], [ -1.717690977123877, 48.120461064868991 ], [ -1.717312491404122, 48.120451494793066 ], [ -1.716934454459922, 48.120447579251355 ], [ -1.716906746163987, 48.121148800204082 ], [ -1.717538704391223, 48.121155273390968 ], [ -1.717536877219227, 48.121362099370273 ], [ -1.717575422283532, 48.121426435406548 ], [ -1.717562710348174, 48.122490798449327 ], [ -1.717563878025941, 48.122505858140109 ], [ -1.717513703005884, 48.122513254648474 ], [ -1.715374230235541, 48.122479597580387 ], [ -1.715346113576848, 48.123431870805675 ], [ -1.714871621426547, 48.123423239922367 ], [ -1.714849430048234, 48.123450205461538 ], [ -1.713594546749805, 48.123438620552129 ], [ -1.713592250296763, 48.123756698622771 ], [ -1.712963359653367, 48.123753871814607 ], [ -1.712067428329061, 48.123743310009878 ], [ -1.712070267667676, 48.123571016888718 ], [ -1.711505143384032, 48.123563705987586 ], [ -1.711342846013775, 48.123597367703894 ], [ -1.710957244437267, 48.123594947042498 ], [ -1.710956323184948, 48.123446755361954 ], [ -1.710529870122476, 48.123445967082645 ], [ -1.71032690974516, 48.123317186117582 ], [ -1.709650468043106, 48.123308196730285 ], [ -1.709628426971002, 48.123359859907033 ], [ -1.709624896912304, 48.123688024943576 ], [ -1.709097559727073, 48.123682343636247 ], [ -1.70924091959683, 48.124416381469977 ], [ -1.707831345750835, 48.124545334202665 ], [ -1.706861828055424, 48.124575972587451 ], [ -1.705931886055143, 48.124554190348761 ], [ -1.705965348134864, 48.123009067685096 ], [ -1.706007331109771, 48.122014797392261 ], [ -1.706021411483485, 48.121607899996974 ], [ -1.706449829907822, 48.121621010275987 ], [ -1.706485314424169, 48.121651159593902 ], [ -1.707376542535959, 48.121669073534619 ], [ -1.708697727691985, 48.121661555958141 ], [ -1.708659594630676, 48.121459022703803 ], [ -1.708530369067782, 48.120878360987383 ], [ -1.707617401450142, 48.120883416969413 ], [ -1.707610577319558, 48.120721327445146 ], [ -1.707051867099265, 48.120714167525037 ], [ -1.706825788473713, 48.120706862148168 ], [ -1.706306146929701, 48.120694578656448 ], [ -1.706241235387599, 48.120583563585548 ], [ -1.704538967470488, 48.120517695630568 ], [ -1.704567698661012, 48.120334007927305 ], [ -1.704581931046876, 48.119987573814953 ], [ -1.704880561661483, 48.120003438702327 ], [ -1.705022103793623, 48.120004647383013 ], [ -1.705062772666111, 48.119977975057651 ], [ -1.706061522912816, 48.120006700137836 ], [ -1.70603447702684, 48.120314176941996 ], [ -1.706314256353801, 48.120323405458855 ], [ -1.706377706540239, 48.120341980224524 ], [ -1.706707820634248, 48.120345702657005 ], [ -1.706715953428884, 48.120084940454483 ], [ -1.707549548406043, 48.120110933909523 ], [ -1.707545867556927, 48.120356439085313 ], [ -1.708449028381823, 48.12037059742093 ], [ -1.708169571100456, 48.119119382245351 ], [ -1.708010658776082, 48.118335886080921 ], [ -1.707099030848725, 48.118325808757994 ], [ -1.707114841026352, 48.117629325801673 ], [ -1.706933586645281, 48.11757343490217 ], [ -1.706798787646911, 48.117578821744182 ], [ -1.705526156192255, 48.117558301755459 ], [ -1.705412146754993, 48.117566973908374 ], [ -1.705420733078349, 48.117226254308704 ], [ -1.705379583284338, 48.117178488727816 ], [ -1.705331209737026, 48.117118659340946 ], [ -1.705327739866609, 48.117033703803045 ], [ -1.704886217860897, 48.117047224036035 ], [ -1.704706487367624, 48.117054403339736 ], [ -1.704755070774, 48.116311320180174 ], [ -1.70505561299521, 48.115976910892122 ], [ -1.70509359820326, 48.115994031689162 ], [ -1.705229408761275, 48.116000678348264 ], [ -1.705595538561004, 48.116033355263504 ], [ -1.706061150359221, 48.116113573652903 ], [ -1.706393671314736, 48.116169074223478 ], [ -1.707238073906444, 48.116316476599728 ], [ -1.707350467421993, 48.116348466050205 ], [ -1.707565449041134, 48.116431653302627 ], [ -1.707751240999155, 48.116538496143733 ], [ -1.707848151008038, 48.116625753186646 ], [ -1.707896839201416, 48.116709009767298 ], [ -1.70798613499734, 48.116872572852436 ], [ -1.70793210675839, 48.117829984702077 ], [ -1.707997024636211, 48.118103805803841 ], [ -1.708769146173984, 48.118119211184741 ], [ -1.708738080460461, 48.119022729218571 ], [ -1.708833636168039, 48.119030415051483 ], [ -1.710368123385564, 48.119043537172715 ], [ -1.710861842128665, 48.11905640625681 ], [ -1.711426753771951, 48.119063623920127 ], [ -1.71147981130179, 48.1191704168548 ], [ -1.711603096443664, 48.119265677217811 ], [ -1.711740981632449, 48.119317806211363 ], [ -1.712307615559594, 48.119316411881975 ], [ -1.712352038558081, 48.119292158888378 ], [ -1.712440030916606, 48.119226833582076 ], [ -1.712452670911879, 48.118817197701603 ], [ -1.712487906110018, 48.118752653341019 ], [ -1.712567374971831, 48.118701436613918 ], [ -1.712720037749554, 48.118666506182414 ], [ -1.71351016150539, 48.118677437174036 ], [ -1.713626613359367, 48.118696109369509 ], [ -1.713641699499952, 48.118658448314754 ], [ -1.713861494134516, 48.118686709513263 ], [ -1.714023335277809, 48.118685722382253 ], [ -1.714062240352671, 48.118754162506065 ], [ -1.714534566095365, 48.118764080349784 ], [ -1.714690967579433, 48.118908794458925 ], [ -1.71467213033154, 48.118927390894207 ], [ -1.714658198725393, 48.119058335500533 ], [ -1.715113577130729, 48.119062067015797 ], [ -1.715743208354241, 48.119089015344819 ], [ -1.715735320076123, 48.119367947694897 ], [ -1.715731946676188, 48.119444942476314 ], [ -1.716178181536148, 48.119438056122895 ], [ -1.716229277055759, 48.119459342680535 ], [ -1.716250224143648, 48.119487326358687 ], [ -1.716248629140447, 48.119630129751364 ], [ -1.717090138225081, 48.119638662480789 ], [ -1.717193437433844, 48.119638317061863 ], [ -1.717190824563983, 48.119896995073624 ], [ -1.717396068405597, 48.119889900280327 ], [ -1.71751597615594, 48.119946162083053 ], [ -1.71777613384792, 48.119920181454304 ], [ -1.718061254449235, 48.119925425351219 ], [ -1.718212389354028, 48.119984373185801 ], [ -1.718415255079424, 48.119983023974932 ] ] ] ] } },
{ "type": "Feature", "properties": { "fid": 360.0, "code_qp": "QN03503I", "lib_qp": "Bréquigny - Champs-Manceaux - Les Clôteaux", "insee_reg": "53", "lib_reg": "Bretagne", "insee_dep": "35", "lib_dep": "Ille-et-Vilaine", "insee_com": "35238", "lib_com": "Rennes", "siren_epci": "243500139" }, "geometry": { "type": "MultiPolygon", "coordinates": [ [ [ [ -1.681823781720073, 48.094261492218514 ], [ -1.680888144057581, 48.094201227004916 ], [ -1.680028934503837, 48.094149355569954 ], [ -1.680064601886767, 48.093804613868194 ], [ -1.680330632334736, 48.091753250452022 ], [ -1.680342069036399, 48.091422827095293 ], [ -1.680555743934814, 48.091429809477027 ], [ -1.680622611603991, 48.09092785185414 ], [ -1.680813687041067, 48.090921303925782 ], [ -1.680851208906563, 48.09083762219403 ], [ -1.682143725296941, 48.090924787030708 ], [ -1.682219764999161, 48.090371031890136 ], [ -1.682229800302223, 48.090014968419865 ], [ -1.682106415395578, 48.090012996907213 ], [ -1.682008898397158, 48.089994208756544 ], [ -1.681895408869478, 48.089949160203659 ], [ -1.68182642826365, 48.089865916913077 ], [ -1.681753196484605, 48.089734690101174 ], [ -1.681756700440111, 48.089600411482948 ], [ -1.681820424587204, 48.089508450960601 ], [ -1.68148751815397, 48.089376641498184 ], [ -1.681427244608379, 48.08874943291503 ], [ -1.681431342463914, 48.088122206232782 ], [ -1.680532780527174, 48.08792825545013 ], [ -1.679926174144142, 48.087557374754589 ], [ -1.67946067355319, 48.087709897601627 ], [ -1.678835230316692, 48.087720651498124 ], [ -1.678630305475037, 48.087665314579553 ], [ -1.678221346596312, 48.087505229572891 ], [ -1.677793880037135, 48.087480318608627 ], [ -1.677357687149959, 48.087500755214215 ], [ -1.677191702270441, 48.087528510976419 ], [ -1.677134668129831, 48.087597785616381 ], [ -1.676894003542792, 48.087614401058154 ], [ -1.676771578410151, 48.087718014346777 ], [ -1.676595101784893, 48.087746186052676 ], [ -1.676438942616002, 48.087706541869842 ], [ -1.676337911234451, 48.087516583507877 ], [ -1.676080888711366, 48.087526793598649 ], [ -1.675922411322585, 48.087348397384908 ], [ -1.675935409720643, 48.086696859062791 ], [ -1.675682300542482, 48.086692682858761 ], [ -1.675018516716517, 48.086682401475052 ], [ -1.675052780991841, 48.085503025911208 ], [ -1.67635034009979, 48.08551745756079 ], [ -1.676816746449646, 48.085501491287431 ], [ -1.676855174406277, 48.085636073187779 ], [ -1.679297551053695, 48.085673213597083 ], [ -1.679300038445907, 48.08500419464356 ], [ -1.680430492536471, 48.085015293560176 ], [ -1.680449180148152, 48.084793290097572 ], [ -1.681858309072557, 48.084801608622726 ], [ -1.68187914960955, 48.084803308161867 ], [ -1.68196889202639, 48.084871960658852 ], [ -1.682122921557617, 48.084896879732632 ], [ -1.682397017380731, 48.084877480531013 ], [ -1.683373491199454, 48.084919460926734 ], [ -1.68341128482025, 48.084592925991039 ], [ -1.683375022796178, 48.084589209556455 ], [ -1.683392076001487, 48.084289295901009 ], [ -1.68406222069004, 48.083973713250515 ], [ -1.68489001119801, 48.083988921973457 ], [ -1.685476394239758, 48.084197744165984 ], [ -1.687744829997406, 48.08425555045357 ], [ -1.689947639547897, 48.083433341616939 ], [ -1.69097374578288, 48.08334830631761 ], [ -1.692047728197517, 48.082971202087997 ], [ -1.692200773695242, 48.083162872993363 ], [ -1.692289461238963, 48.083236726494803 ], [ -1.692384241545881, 48.083234667817301 ], [ -1.693616200058108, 48.083321409389455 ], [ -1.696039056553087, 48.083494772783482 ], [ -1.69586020614053, 48.084514846109869 ], [ -1.695865155153927, 48.084570540815953 ], [ -1.695919571317469, 48.084589097468509 ], [ -1.695979988275097, 48.084606373908642 ], [ -1.695978680153514, 48.084649420053701 ], [ -1.696005749094202, 48.084684282227308 ], [ -1.696041403310865, 48.08470538947482 ], [ -1.695985185211143, 48.084823715989373 ], [ -1.695720636270239, 48.085269368512321 ], [ -1.695083273068654, 48.085231161733269 ], [ -1.695081659046619, 48.085198550738795 ], [ -1.693836047854441, 48.085116278027257 ], [ -1.693310544540153, 48.085097861994029 ], [ -1.693369326435042, 48.084835364197978 ], [ -1.693385763308685, 48.084700383414699 ], [ -1.692557816488902, 48.08463511667059 ], [ -1.692310546511276, 48.084615988788229 ], [ -1.692026321268486, 48.084594643449144 ], [ -1.691859721485622, 48.085609059158806 ], [ -1.691666856192168, 48.086848088106215 ], [ -1.690830623990026, 48.086709439609798 ], [ -1.68961243382001, 48.086689653720441 ], [ -1.688087117958291, 48.086636336521792 ], [ -1.68649805612881, 48.086565577799398 ], [ -1.686047346162037, 48.086635113275669 ], [ -1.685757339665331, 48.086722326453035 ], [ -1.685511598335673, 48.086845611269304 ], [ -1.68478034807338, 48.086819684118943 ], [ -1.684763640131792, 48.086283789683151 ], [ -1.684926626156888, 48.085806093589667 ], [ -1.685045849845337, 48.085529629030681 ], [ -1.685225124207673, 48.085311412235917 ], [ -1.685306130592375, 48.085044384634564 ], [ -1.682532758524508, 48.084917653897904 ], [ -1.682490973073333, 48.084967468864342 ], [ -1.682425993379154, 48.084987251140269 ], [ -1.682332856125097, 48.084978917866124 ], [ -1.682347945516155, 48.085033349317079 ], [ -1.682325709765667, 48.085072068107351 ], [ -1.682316559455845, 48.086547449187307 ], [ -1.682274035144188, 48.086654604319484 ], [ -1.682116529846229, 48.086731733642466 ], [ -1.682102100920275, 48.086837928022369 ], [ -1.682164907442026, 48.086922595951812 ], [ -1.682298184160215, 48.08697087837853 ], [ -1.682276288582607, 48.087790794476895 ], [ -1.682202655427167, 48.089409003879041 ], [ -1.682314750541056, 48.089401386690298 ], [ -1.682451068200632, 48.089415587190885 ], [ -1.682611711280284, 48.089527100699627 ], [ -1.682705503976908, 48.089648461321758 ], [ -1.682715282200725, 48.089776473946451 ], [ -1.682666480226436, 48.089859160503273 ], [ -1.682602277721365, 48.089916745831822 ], [ -1.682662627133092, 48.089931542644095 ], [ -1.682949974322815, 48.089972272351616 ], [ -1.682737483757464, 48.091395175233004 ], [ -1.682076867365887, 48.09134524579671 ], [ -1.682012454366443, 48.091892962717047 ], [ -1.681969419826415, 48.092174990493206 ], [ -1.683451299709221, 48.092284580742593 ], [ -1.683498710296997, 48.09229817222446 ], [ -1.683364490239458, 48.093390382839409 ], [ -1.681880301122058, 48.093304489486016 ], [ -1.681898072814577, 48.09338942860564 ], [ -1.681823781720073, 48.094261492218514 ] ] ] ] } },
{ "type": "Feature", "properties": { "fid": 361.0, "code_qp": "QN03504M", "lib_qp": "Maurepas", "insee_reg": "53", "lib_reg": "Bretagne", "insee_dep": "35", "lib_dep": "Ille-et-Vilaine", "insee_com": "35238", "lib_com": "Rennes", "siren_epci": "243500139" }, "geometry": { "type": "MultiPolygon", "coordinates": [ [ [ [ -1.66158446591204, 48.123112530023263 ], [ -1.661696696398646, 48.123186106278247 ], [ -1.661682660698734, 48.123198219869543 ], [ -1.661913827910888, 48.123347996250544 ], [ -1.662547813290381, 48.123343131333499 ], [ -1.66280291075211, 48.123250682287228 ], [ -1.663001223031902, 48.123468216579688 ], [ -1.663036827725313, 48.123602615599552 ], [ -1.663036479115496, 48.123671978368343 ], [ -1.663017783290537, 48.12372906446268 ], [ -1.663341610781548, 48.123730693295613 ], [ -1.663329830695104, 48.123695040370798 ], [ -1.663560552763299, 48.123546486216242 ], [ -1.663719773225959, 48.123467944196378 ], [ -1.66405819033735, 48.123292731262516 ], [ -1.664178401712495, 48.123383326569055 ], [ -1.664167025550234, 48.123401114259003 ], [ -1.664487163502119, 48.123629715138172 ], [ -1.664311203104789, 48.123750819405615 ], [ -1.66428513853276, 48.123736681331906 ], [ -1.663919867935797, 48.123974360720204 ], [ -1.663975834727014, 48.124094950412484 ], [ -1.663956781001063, 48.124196838734477 ], [ -1.664232853107858, 48.124413666948591 ], [ -1.664949288165099, 48.123975498191044 ], [ -1.665271601377672, 48.124194027844929 ], [ -1.66528681120533, 48.124303097899571 ], [ -1.666713344957296, 48.125110568585626 ], [ -1.666110649631453, 48.125580491374556 ], [ -1.665828887657079, 48.125856514536878 ], [ -1.664954354537671, 48.127204494384031 ], [ -1.664427071958349, 48.128177339407173 ], [ -1.664214189254056, 48.128503616524831 ], [ -1.662955837883074, 48.128232690695846 ], [ -1.661283256602232, 48.128109615608125 ], [ -1.66127838069743, 48.128249950625552 ], [ -1.661322418849489, 48.128284327308613 ], [ -1.661386310371175, 48.128299136516048 ], [ -1.661422753017117, 48.128320810818344 ], [ -1.661426586473124, 48.128413124027816 ], [ -1.66139676324858, 48.128490876516985 ], [ -1.661348321766941, 48.128822199252397 ], [ -1.661208824914714, 48.128807769914665 ], [ -1.661156542147111, 48.129143300606685 ], [ -1.661254015155889, 48.129294033762434 ], [ -1.661218120659756, 48.129376360626843 ], [ -1.660396451564996, 48.129382860896214 ], [ -1.660382666854827, 48.129265799563562 ], [ -1.658939671680872, 48.129284444196571 ], [ -1.658993735390268, 48.130435224545302 ], [ -1.659574919807356, 48.130418019392224 ], [ -1.659622252840564, 48.130465269215357 ], [ -1.65962340017952, 48.130820634727947 ], [ -1.661907172422324, 48.130776522258664 ], [ -1.662440854766791, 48.130905658967748 ], [ -1.661791066608408, 48.132052506365582 ], [ -1.661704021056509, 48.13204439239918 ], [ -1.661234094575828, 48.132213102241508 ], [ -1.659882857536636, 48.132243501147826 ], [ -1.659867675097995, 48.132050974436837 ], [ -1.658642631255661, 48.132081684915896 ], [ -1.658614613937861, 48.131256761364924 ], [ -1.658570968025752, 48.130960162218017 ], [ -1.658439582355039, 48.130956582959669 ], [ -1.658491756596476, 48.130755636690168 ], [ -1.658472015721724, 48.130347479079838 ], [ -1.65727694311903, 48.130378763201996 ], [ -1.656519762507859, 48.130403748907682 ], [ -1.656557903473921, 48.131625386514131 ], [ -1.655884214276713, 48.131626544776672 ], [ -1.655835494590396, 48.13158801690598 ], [ -1.655691202666789, 48.13137122657271 ], [ -1.655615778862736, 48.131299079739726 ], [ -1.655602351933657, 48.131244709626834 ], [ -1.653196280444532, 48.131304223178596 ], [ -1.652893115299828, 48.131383518855948 ], [ -1.652565434526011, 48.131379342603225 ], [ -1.652576565101226, 48.131931158838121 ], [ -1.652605485343236, 48.132353963883368 ], [ -1.652043555199791, 48.132347485848172 ], [ -1.652031088327856, 48.13205902809046 ], [ -1.65199020626553, 48.131448068112405 ], [ -1.652067797197963, 48.127882967164055 ], [ -1.652052840969276, 48.127762198391657 ], [ -1.652205143968366, 48.127727289107774 ], [ -1.652370845545124, 48.127648507860407 ], [ -1.65245254240645, 48.127547038248025 ], [ -1.652475799766651, 48.127468103011203 ], [ -1.652861387440203, 48.127484659553225 ], [ -1.654912312648664, 48.127640580990786 ], [ -1.654930619919958, 48.127517775611615 ], [ -1.655767121807638, 48.126884423129354 ], [ -1.655873654739159, 48.126942337551149 ], [ -1.655947033832345, 48.126966887951987 ], [ -1.655996118703741, 48.126972894213182 ], [ -1.657478399380922, 48.126003380252811 ], [ -1.657539370454781, 48.125997357827252 ], [ -1.657525817308177, 48.125574578348306 ], [ -1.657575658816838, 48.12557694209341 ], [ -1.657917209778274, 48.125767149448436 ], [ -1.657906998412101, 48.125504606382677 ], [ -1.658950739306074, 48.125496562570191 ], [ -1.658622538055126, 48.125323167341314 ], [ -1.659135704268645, 48.124878112029414 ], [ -1.659151628232086, 48.124838473582614 ], [ -1.660011597828559, 48.124288676843335 ], [ -1.659954524900868, 48.124228809576856 ], [ -1.660264623084537, 48.124050394235184 ], [ -1.660282346821601, 48.123986602013829 ], [ -1.660678754035328, 48.123733834504314 ], [ -1.660806754355091, 48.12366486460003 ], [ -1.66158446591204, 48.123112530023263 ] ] ] ] } },
{ "type": "Feature", "properties": { "fid": 362.0, "code_qp": "QN03505M", "lib_qp": "Le Blosne", "insee_reg": "53", "lib_reg": "Bretagne", "insee_dep": "35", "lib_dep": "Ille-et-Vilaine", "insee_com": "35238", "lib_com": "Rennes", "siren_epci": "243500139" }, "geometry": { "type": "MultiPolygon", "coordinates": [ [ [ [ -1.650893152447503, 48.087601453259111 ], [ -1.650973272129708, 48.084545225317228 ], [ -1.661091255560262, 48.084689761718273 ], [ -1.661077608896488, 48.084899586362717 ], [ -1.661086439057426, 48.085400154223137 ], [ -1.661543634257036, 48.085392031796708 ], [ -1.661964776337975, 48.08542767435717 ], [ -1.663611829227311, 48.085419424710821 ], [ -1.664361406445989, 48.085258866494527 ], [ -1.664960034235248, 48.085379796848166 ], [ -1.665711317293131, 48.085460818701506 ], [ -1.666128994899564, 48.085561215951088 ], [ -1.666299117773788, 48.085459062793525 ], [ -1.666565986729113, 48.085516193209543 ], [ -1.666734266580164, 48.085497210926498 ], [ -1.666727787519308, 48.085448867262095 ], [ -1.667900956314458, 48.08544479579389 ], [ -1.667927382968486, 48.085015944100256 ], [ -1.668342744091597, 48.084570128981156 ], [ -1.668677699531651, 48.084566077417911 ], [ -1.668942655238451, 48.084575573504381 ], [ -1.669090483540927, 48.084585098458362 ], [ -1.669110162235579, 48.084625867215678 ], [ -1.669179242859547, 48.084653904310578 ], [ -1.669308355736703, 48.084659554788274 ], [ -1.669471542221691, 48.084686936423232 ], [ -1.669649409313918, 48.084724507501555 ], [ -1.669594475232999, 48.085662316265399 ], [ -1.669516388643641, 48.085662336176881 ], [ -1.6694053785705, 48.086510300674455 ], [ -1.66924515424826, 48.08659302590209 ], [ -1.669179458845311, 48.08839948701214 ], [ -1.664621616196569, 48.088310880658128 ], [ -1.664527872950619, 48.088237652450161 ], [ -1.662992042377814, 48.088220017322158 ], [ -1.662980064978533, 48.088839110789934 ], [ -1.662580714146751, 48.088830747407641 ], [ -1.66244611451689, 48.08932402973339 ], [ -1.661961041680864, 48.089316504554162 ], [ -1.661952808977271, 48.089587668391623 ], [ -1.661814664641838, 48.089583905928443 ], [ -1.661814291871235, 48.089657785531124 ], [ -1.661383971520585, 48.089648665087473 ], [ -1.66095564845622, 48.089584065404587 ], [ -1.660935838938285, 48.089541761924423 ], [ -1.66087912636777, 48.089471681380019 ], [ -1.660722899969315, 48.089367069476943 ], [ -1.660641270396739, 48.089274892573769 ], [ -1.660808169604786, 48.089135943708108 ], [ -1.660902095170555, 48.089002961528784 ], [ -1.660930304470772, 48.088177020563272 ], [ -1.660292931057478, 48.08818994411731 ], [ -1.657434263297136, 48.088121495467874 ], [ -1.657435828680295, 48.088277784802187 ], [ -1.657378501029359, 48.089917045312426 ], [ -1.657360198549383, 48.090640698493687 ], [ -1.657325492572488, 48.091369685268617 ], [ -1.655018184707902, 48.091356300099903 ], [ -1.655036224854604, 48.092265041700571 ], [ -1.654445519048791, 48.09226069792475 ], [ -1.654453109523961, 48.09243813380607 ], [ -1.654471354083352, 48.092436643078088 ], [ -1.654468802304595, 48.092459826557089 ], [ -1.65461927302626, 48.09246003287452 ], [ -1.65462832320519, 48.093266796265972 ], [ -1.654642570970983, 48.094119518888995 ], [ -1.654252615906338, 48.094125702383138 ], [ -1.654025640030019, 48.093817674553897 ], [ -1.654016689295291, 48.09358566388488 ], [ -1.654135790520726, 48.093347052259269 ], [ -1.654144370228356, 48.0932097564759 ], [ -1.654129290092203, 48.092725618464286 ], [ -1.653437666354898, 48.092749110917943 ], [ -1.653412024373476, 48.092014559709213 ], [ -1.653376190158002, 48.091946728376016 ], [ -1.653214765542425, 48.092017740059468 ], [ -1.653135467658166, 48.092056267582969 ], [ -1.652837845054979, 48.09185874860831 ], [ -1.652678682920193, 48.091825029138441 ], [ -1.652621323160803, 48.091825757190684 ], [ -1.651768057496381, 48.091813310304317 ], [ -1.651633940059742, 48.091777061021908 ], [ -1.651563098509236, 48.091702918243364 ], [ -1.651431669558618, 48.091645018803085 ], [ -1.65028312270401, 48.091618067368742 ], [ -1.650154545236016, 48.091670850079119 ], [ -1.650109051139738, 48.091754205330581 ], [ -1.649973190981136, 48.091750338580425 ], [ -1.648868677723769, 48.091753949574127 ], [ -1.648877098846282, 48.091405840556959 ], [ -1.648927033069223, 48.091194880899828 ], [ -1.648238386833442, 48.091148176532727 ], [ -1.646860774841887, 48.091092573962548 ], [ -1.645934566836538, 48.091086770018798 ], [ -1.645357398978071, 48.091083127188547 ], [ -1.645173714113519, 48.090822618592163 ], [ -1.645014807793689, 48.090582675691152 ], [ -1.644869631239663, 48.090289870638664 ], [ -1.644789888887926, 48.089957551780074 ], [ -1.644719567597572, 48.089575618530084 ], [ -1.644696894211022, 48.08903022792186 ], [ -1.647044935162774, 48.088919973518053 ], [ -1.64706159298871, 48.088569271198985 ], [ -1.647525412354858, 48.088577478757031 ], [ -1.647702794538476, 48.088374595216031 ], [ -1.647811886192977, 48.088099434647035 ], [ -1.648111632567322, 48.088096024132177 ], [ -1.64811369711963, 48.087545038997199 ], [ -1.650893152447503, 48.087601453259111 ] ] ] ] } },
{ "type": "Feature", "properties": { "fid": 363.0, "code_qp": "QN03506I", "lib_qp": "Cleunay", "insee_reg": "53", "lib_reg": "Bretagne", "insee_dep": "35", "lib_dep": "Ille-et-Vilaine", "insee_com": "35238", "lib_com": "Rennes", "siren_epci": "243500139" }, "geometry": { "type": "MultiPolygon", "coordinates": [ [ [ [ -1.708565297283789, 48.099598246892498 ], [ -1.708659870316929, 48.099982125157403 ], [ -1.708939639639659, 48.100920362434117 ], [ -1.709116909131033, 48.101405086689773 ], [ -1.709133201083665, 48.101528105798337 ], [ -1.706364079752966, 48.101890918328685 ], [ -1.704586816871505, 48.102389861360848 ], [ -1.703483274387191, 48.10268972501261 ], [ -1.703475811870107, 48.102239051198431 ], [ -1.704593726551629, 48.102020522345036 ], [ -1.70465396785554, 48.101956623825153 ], [ -1.704833600036778, 48.101919099945526 ], [ -1.705053317054246, 48.10181921445362 ], [ -1.705374863219846, 48.101764491146298 ], [ -1.705345800875816, 48.101598215109156 ], [ -1.705348635958361, 48.101281735537889 ], [ -1.70561816977044, 48.101250056179552 ], [ -1.705750925248677, 48.101225724426328 ], [ -1.705708528467812, 48.101108504981703 ], [ -1.70558600483024, 48.100866106709979 ], [ -1.70559512273427, 48.100638665548757 ], [ -1.705605832404383, 48.100460106940659 ], [ -1.70591884541905, 48.100471130376157 ], [ -1.705783434406496, 48.100095932413538 ], [ -1.705700135274016, 48.099815010398551 ], [ -1.705534297227575, 48.09981163744736 ], [ -1.705284470058457, 48.099598419933095 ], [ -1.705156818087369, 48.099350084945669 ], [ -1.70511473435159, 48.09918454700356 ], [ -1.704976676915992, 48.098870120420472 ], [ -1.70557830324615, 48.099006440679503 ], [ -1.706245920393166, 48.099110702227982 ], [ -1.706385881573469, 48.099165874727575 ], [ -1.706450459119629, 48.09922911214062 ], [ -1.706505323905587, 48.099307222332094 ], [ -1.706656786749691, 48.099794746135707 ], [ -1.706856284723164, 48.100447895407477 ], [ -1.707465710904665, 48.100347375351035 ], [ -1.707868720432829, 48.100248022216824 ], [ -1.707570592828706, 48.099771205272084 ], [ -1.707467521043276, 48.099650466422105 ], [ -1.707415350949728, 48.099622823704124 ], [ -1.707363451320826, 48.099319289389001 ], [ -1.707732103074816, 48.099292658491876 ], [ -1.708511268690102, 48.099236210435556 ], [ -1.708565297283789, 48.099598246892498 ] ] ] ] } },
{ "type": "Feature", "properties": { "fid": 556.0, "code_qp": "QN05601M", "lib_qp": "Gumenen Goaner-Parco Pointer", "insee_reg": "53", "lib_reg": "Bretagne", "insee_dep": "56", "lib_dep": "Morbihan", "insee_com": "56007", "lib_com": "Auray", "siren_epci": "200043123" }, "geometry": { "type": "MultiPolygon", "coordinates": [ [ [ [ -2.997249082496992, 47.673957460814123 ], [ -2.996793972193217, 47.674067529528195 ], [ -2.996451344861368, 47.674112180012102 ], [ -2.995963611362586, 47.674219253772804 ], [ -2.994953860844928, 47.674396761593584 ], [ -2.994949891624135, 47.674387649848128 ], [ -2.994401251944475, 47.67443657915765 ], [ -2.994364042631309, 47.674294726124288 ], [ -2.993695454894546, 47.674469709716071 ], [ -2.993368273034725, 47.673996565735017 ], [ -2.992733534653695, 47.673142743742368 ], [ -2.992416712404574, 47.672709680858723 ], [ -2.993167622354322, 47.672464958985699 ], [ -2.993375345604326, 47.672382418759049 ], [ -2.993474578167705, 47.672318690221786 ], [ -2.993502905934235, 47.672271843053309 ], [ -2.993652172512002, 47.672355766545465 ], [ -2.993710097199853, 47.672946973558545 ], [ -2.993893932871359, 47.672919944307161 ], [ -2.994387895489615, 47.672890052090132 ], [ -2.994579506353765, 47.672894685544684 ], [ -2.994707670965647, 47.672891903178979 ], [ -2.99484169430922, 47.672871293201361 ], [ -2.995244856245884, 47.672805279148569 ], [ -2.995341737084508, 47.673053871975696 ], [ -2.995347052725309, 47.673182729325582 ], [ -2.995338463482839, 47.67331016175342 ], [ -2.995355252215819, 47.673385817680355 ], [ -2.995458447149433, 47.67337798067922 ], [ -2.995526499878132, 47.67335523521119 ], [ -2.996352002472991, 47.673322510965704 ], [ -2.996391388136499, 47.673379571160233 ], [ -2.996531570049803, 47.673344219725216 ], [ -2.996750827035075, 47.673319693109967 ], [ -2.99715909360018, 47.67331954077936 ], [ -2.997268304674736, 47.673325886441113 ], [ -2.997274421147546, 47.673341100035181 ], [ -2.997325163637087, 47.673343935183773 ], [ -2.997316771860388, 47.673306107156741 ], [ -2.99738532967526, 47.67330267314609 ], [ -2.997328820624257, 47.672751413954131 ], [ -2.997359866720218, 47.672579597282571 ], [ -2.997440058100069, 47.672409037229535 ], [ -2.997443143494669, 47.672337007556088 ], [ -2.997333137553599, 47.67210624373439 ], [ -2.997345308267624, 47.671947147710839 ], [ -2.996860000722932, 47.671777485674212 ], [ -2.996966188222291, 47.671529278092464 ], [ -2.997058508326716, 47.671338110768019 ], [ -2.996608947108517, 47.671174707182594 ], [ -2.996708496879347, 47.670687687089618 ], [ -2.996762889547309, 47.670424831638805 ], [ -2.996786386326653, 47.670297849549158 ], [ -2.99665425263222, 47.670305586293843 ], [ -2.996577010841738, 47.670332145554525 ], [ -2.996624597161103, 47.669618738224635 ], [ -2.996314560958844, 47.669607152975182 ], [ -2.99631054203842, 47.669627994887136 ], [ -2.995777499275656, 47.669527492217775 ], [ -2.995515935544845, 47.669496120348967 ], [ -2.9954957994738, 47.669311138975736 ], [ -2.995498937788063, 47.669144714143272 ], [ -2.995523586497264, 47.668766605777058 ], [ -2.995556363596057, 47.668606050826597 ], [ -2.995569329123036, 47.668404745430387 ], [ -2.996519605256764, 47.66852613046138 ], [ -2.997009254509627, 47.66858512861787 ], [ -2.997264118554251, 47.668635388565839 ], [ -2.997416961728274, 47.66867481575251 ], [ -2.997475000021161, 47.668668049695519 ], [ -2.997514851881554, 47.668648979026862 ], [ -2.997598792695868, 47.668648446804994 ], [ -2.997630879779308, 47.668592840552826 ], [ -2.997637360297587, 47.668572483995341 ], [ -2.997983015547173, 47.668669195595029 ], [ -2.998222403530021, 47.668739717219417 ], [ -2.998366622123258, 47.668794468680687 ], [ -2.998417803037251, 47.668858057514349 ], [ -2.998997137692099, 47.66906672003973 ], [ -2.999036077735663, 47.669104174337953 ], [ -2.99910309318432, 47.669071145747651 ], [ -2.999195088611189, 47.669104100955771 ], [ -2.99937700918838, 47.669194896393016 ], [ -2.999605126009144, 47.669349669065696 ], [ -2.999824593266222, 47.66953995013457 ], [ -2.999836518899974, 47.669567289508954 ], [ -2.999869591500736, 47.66956164045601 ], [ -3.000256064135295, 47.669846499125264 ], [ -3.000625313520302, 47.670176262264434 ], [ -3.000724312900011, 47.670293980653661 ], [ -3.000899823751008, 47.670273605895275 ], [ -3.001040729409261, 47.670258667152041 ], [ -3.00129818471637, 47.670279909759493 ], [ -3.001217784721689, 47.67046848059649 ], [ -3.001195472296398, 47.670623431037804 ], [ -3.001162071768068, 47.670871771420053 ], [ -3.00117632711327, 47.670998149353274 ], [ -3.001177002368194, 47.671080743081873 ], [ -3.001162150189943, 47.671115509427764 ], [ -3.001071057386221, 47.671183996346429 ], [ -2.999398548549928, 47.671226503719097 ], [ -2.999552248230548, 47.673072818985695 ], [ -2.999969936421014, 47.673110587130729 ], [ -3.00002189172376, 47.673108717506473 ], [ -3.000063422103698, 47.672827387249647 ], [ -3.000214184576807, 47.672668774280211 ], [ -3.000508182914572, 47.672388419089941 ], [ -3.000634311220057, 47.672439146090746 ], [ -3.000810684211271, 47.672513295036751 ], [ -3.000841478868566, 47.672444204503435 ], [ -3.001044670874045, 47.672206392512479 ], [ -3.00105434668383, 47.671870847723 ], [ -3.00098177811044, 47.671792662219417 ], [ -3.000991453920231, 47.671519012034523 ], [ -3.001070394249179, 47.671389242150653 ], [ -3.001465726163927, 47.671275759716373 ], [ -3.002109009950376, 47.671528785280046 ], [ -3.002185806505135, 47.671791107060471 ], [ -3.001809437556384, 47.671834470168619 ], [ -3.001783147381252, 47.672360608512427 ], [ -3.00171796418956, 47.672525736213245 ], [ -3.001707687648971, 47.672807130547021 ], [ -3.001698479651906, 47.673184928790079 ], [ -3.001747902251868, 47.673225887788263 ], [ -3.001449604087556, 47.673212860350908 ], [ -3.001346982352946, 47.673318977393116 ], [ -3.00101852692667, 47.673265340018702 ], [ -3.00095649407994, 47.673049086556922 ], [ -3.000806705925364, 47.672527684761363 ], [ -3.000625414818332, 47.672447169006148 ], [ -3.000505868671846, 47.672398940526705 ], [ -3.000226569925941, 47.672672418241099 ], [ -3.000077448658535, 47.672827611653574 ], [ -3.000034269449861, 47.673127719384048 ], [ -2.999552792722063, 47.673091953359922 ], [ -2.999553038549712, 47.673156246533388 ], [ -2.999535216334432, 47.673196881191544 ], [ -2.999399073026205, 47.67333060141641 ], [ -2.998828953751966, 47.673104838658418 ], [ -2.997818788241279, 47.672727086355891 ], [ -2.997502725332389, 47.672590793173512 ], [ -2.997469355680988, 47.67261936190004 ], [ -2.997417940652686, 47.672635244009264 ], [ -2.997376102880733, 47.672611861283968 ], [ -2.997347779784009, 47.672745711125067 ], [ -2.997404500895655, 47.673298850763082 ], [ -2.997405699096748, 47.673458607684474 ], [ -2.997446395194196, 47.673894361887129 ], [ -2.997249082496992, 47.673957460814123 ] ] ] ] } },
{ "type": "Feature", "properties": { "fid": 557.0, "code_qp": "QN05602M", "lib_qp": "Keriou Ker", "insee_reg": "53", "lib_reg": "Bretagne", "insee_dep": "56", "lib_dep": "Morbihan", "insee_com": "56083", "lib_com": "Hennebont", "siren_epci": "200042174" }, "geometry": { "type": "MultiPolygon", "coordinates": [ [ [ [ -3.267987703094137, 47.803814855155856 ], [ -3.26820190528846, 47.8036571266192 ], [ -3.268480909107815, 47.803726217761628 ], [ -3.268452231808089, 47.803751905133751 ], [ -3.268411769006268, 47.80378286844978 ], [ -3.268605258409862, 47.803880246094067 ], [ -3.268685484233905, 47.803882448251017 ], [ -3.268724920357653, 47.803912844716521 ], [ -3.268798327714011, 47.803950708987465 ], [ -3.268845672429009, 47.803954673409336 ], [ -3.268916821206015, 47.803926709501958 ], [ -3.268971311315839, 47.803897780727695 ], [ -3.269081039312117, 47.803869606585934 ], [ -3.269171088502406, 47.803849918047639 ], [ -3.269173330575719, 47.80385722876332 ], [ -3.269632762948711, 47.803773481096535 ], [ -3.269606039517674, 47.803574440497194 ], [ -3.269554208445761, 47.803191397364827 ], [ -3.269602043044848, 47.802954746421804 ], [ -3.269580510868628, 47.802698758446653 ], [ -3.270308710388412, 47.802511985282649 ], [ -3.270497429195786, 47.80170644920873 ], [ -3.271024917099649, 47.801787480934834 ], [ -3.271093949071818, 47.801526656896165 ], [ -3.271545191214657, 47.801598175218487 ], [ -3.271559414228485, 47.801591806153226 ], [ -3.271630529297644, 47.801569514418581 ], [ -3.271611805187407, 47.801538840851158 ], [ -3.271461653442417, 47.801251692936219 ], [ -3.27137629611621, 47.801042631087185 ], [ -3.2712595199912, 47.800777664299211 ], [ -3.271225036717279, 47.800642760118947 ], [ -3.271166421444441, 47.800513285084449 ], [ -3.271137712858516, 47.800401274864853 ], [ -3.271133699756142, 47.800249384582663 ], [ -3.271037228772686, 47.799929863920916 ], [ -3.271673268901234, 47.799856129838673 ], [ -3.271771332115148, 47.799956766185225 ], [ -3.272557863505378, 47.799812490919599 ], [ -3.27325941418749, 47.799734280929044 ], [ -3.273488212880991, 47.799694336641195 ], [ -3.273411386194645, 47.799562719028927 ], [ -3.274145503514694, 47.799415794436925 ], [ -3.274382372677327, 47.799379591980397 ], [ -3.274498970596043, 47.799568171601578 ], [ -3.274766492950939, 47.800023224700205 ], [ -3.274804627338722, 47.800021384497782 ], [ -3.275251978852982, 47.800682636677543 ], [ -3.275081565221407, 47.800666048730839 ], [ -3.274929462733546, 47.800677514293859 ], [ -3.274708941017449, 47.800737721680612 ], [ -3.274663842820355, 47.800818403649671 ], [ -3.27433088875107, 47.80094600307374 ], [ -3.274461187606171, 47.801163468959885 ], [ -3.274099981482959, 47.801195994601201 ], [ -3.273693330083764, 47.801223139928076 ], [ -3.273501168341383, 47.801262635796128 ], [ -3.273247209413647, 47.801301329039035 ], [ -3.273053047364547, 47.80137493515722 ], [ -3.272931455181215, 47.801445049427549 ], [ -3.273084090707401, 47.801621117496019 ], [ -3.273828544025452, 47.801981471925231 ], [ -3.273933222933293, 47.802030635358079 ], [ -3.274109456947937, 47.802300783033985 ], [ -3.27434895916379, 47.802698931074396 ], [ -3.274346705138023, 47.80279775873295 ], [ -3.274018023297639, 47.8028554912649 ], [ -3.273663961805318, 47.802691112136571 ], [ -3.27326007452755, 47.802532920370894 ], [ -3.273242063360721, 47.802633486926752 ], [ -3.273240998543689, 47.80330491261337 ], [ -3.273391544294272, 47.803899391554737 ], [ -3.273269385690549, 47.804173901079565 ], [ -3.273033685417182, 47.804274368217165 ], [ -3.272775388476607, 47.804310087303406 ], [ -3.27256806001917, 47.804312512006391 ], [ -3.271235573201219, 47.80433887891526 ], [ -3.270580498983307, 47.804351520143776 ], [ -3.26931818339627, 47.804298891121626 ], [ -3.269131304495492, 47.804271896001985 ], [ -3.268823390013866, 47.80418285417732 ], [ -3.268640774258099, 47.80410092939681 ], [ -3.268688935990434, 47.804635569635394 ], [ -3.268663065200821, 47.804976919286013 ], [ -3.268696601045312, 47.804980695054532 ], [ -3.268654598551917, 47.805185437857325 ], [ -3.268628914760206, 47.805575078086086 ], [ -3.270202440285847, 47.805659786817017 ], [ -3.270227886823564, 47.805805182825637 ], [ -3.270204257065034, 47.805908624372812 ], [ -3.270013290742126, 47.806486395900841 ], [ -3.269988301610375, 47.806484948885704 ], [ -3.269893147650802, 47.806681996259016 ], [ -3.269776522648924, 47.806942171780328 ], [ -3.269533462163439, 47.806886971357031 ], [ -3.269539841472169, 47.806867793959292 ], [ -3.269110074984142, 47.806780882788651 ], [ -3.269262392127524, 47.807264916109808 ], [ -3.269328699581793, 47.807671163430165 ], [ -3.269336567916217, 47.807877877450096 ], [ -3.269341723682412, 47.807956554191144 ], [ -3.269319367340355, 47.8080357766828 ], [ -3.26927114894544, 47.808106167866349 ], [ -3.26921392567859, 47.808138706439131 ], [ -3.269472554363273, 47.808363813219223 ], [ -3.269365582721012, 47.808454231508655 ], [ -3.269026135850603, 47.808670113389297 ], [ -3.26819218565158, 47.80922103399579 ], [ -3.269692104914995, 47.810596169315545 ], [ -3.269765601691531, 47.81068140037133 ], [ -3.269922700215432, 47.810820668394832 ], [ -3.268652070711513, 47.811457229024036 ], [ -3.268529913649571, 47.811305487198389 ], [ -3.26850370538062, 47.811228868215345 ], [ -3.268237849503775, 47.811102310168707 ], [ -3.268045778078191, 47.810959614983979 ], [ -3.267435728074355, 47.811073215790408 ], [ -3.267041578840972, 47.810472073075175 ], [ -3.268318499599717, 47.809902761644324 ], [ -3.268088499578534, 47.809626110840284 ], [ -3.268038153193095, 47.809611470158735 ], [ -3.268023777781064, 47.809534723820434 ], [ -3.267883114755604, 47.809417794368755 ], [ -3.268168300708619, 47.809205594487352 ], [ -3.268624537913686, 47.808900629700638 ], [ -3.268857777188289, 47.80875065865645 ], [ -3.269204457244529, 47.808522156003782 ], [ -3.269429970269474, 47.808365166840318 ], [ -3.269202393038716, 47.808154438291204 ], [ -3.268979521713123, 47.808041916255625 ], [ -3.268739042135508, 47.807955416731978 ], [ -3.267896957171174, 47.807655008736816 ], [ -3.267746381175651, 47.807617563454393 ], [ -3.267523841535874, 47.807589547235033 ], [ -3.267312418851664, 47.807573938952203 ], [ -3.266801152113865, 47.807576253275798 ], [ -3.266562901828643, 47.807602021874409 ], [ -3.266444971827341, 47.807747668542731 ], [ -3.266222514625856, 47.808070753358301 ], [ -3.266026165067683, 47.807972595793302 ], [ -3.265087258060071, 47.807575400387762 ], [ -3.264819305147919, 47.807466924054999 ], [ -3.264570854078949, 47.807277740431758 ], [ -3.264146511242879, 47.806906632177586 ], [ -3.26389639178631, 47.806609789458761 ], [ -3.264118836354144, 47.806431344683098 ], [ -3.265065407619482, 47.805603460156973 ], [ -3.265157288973756, 47.805626357117575 ], [ -3.265203180035377, 47.805602582352932 ], [ -3.265365766671401, 47.805557394603575 ], [ -3.265368282658536, 47.805615054974645 ], [ -3.265533295889276, 47.805609437659271 ], [ -3.265679023224046, 47.805604029339534 ], [ -3.265677606456335, 47.805546469312162 ], [ -3.266260724363513, 47.805523447596713 ], [ -3.267104766427825, 47.805465240118679 ], [ -3.267178211011477, 47.805000760629234 ], [ -3.267275836257928, 47.804402917081156 ], [ -3.267332946615387, 47.80406918269842 ], [ -3.267411967463216, 47.803887294284436 ], [ -3.267449747586216, 47.803862151644033 ], [ -3.267525658870639, 47.803856364399913 ], [ -3.267630965734138, 47.803884160191259 ], [ -3.267741597108875, 47.803899972665093 ], [ -3.26778939339374, 47.803883101082619 ], [ -3.267819021775416, 47.803865480947373 ], [ -3.267852030774897, 47.803836259199407 ], [ -3.267987703094137, 47.803814855155856 ] ] ] ] } },
{ "type": "Feature", "properties": { "fid": 558.0, "code_qp": "QN05603M", "lib_qp": "Enezeg", "insee_reg": "53", "lib_reg": "Bretagne", "insee_dep": "56", "lib_dep": "Morbihan", "insee_com": "56098", "lib_com": "Lanester", "siren_epci": "200042174" }, "geometry": { "type": "MultiPolygon", "coordinates": [ [ [ [ -3.346621241485883, 47.764425941163545 ], [ -3.346822503364396, 47.765116247048972 ], [ -3.346871776580977, 47.765314913009775 ], [ -3.346935798055473, 47.765325538809698 ], [ -3.346957850455482, 47.765352546708421 ], [ -3.346958283343699, 47.765373677371016 ], [ -3.347103691432082, 47.765382703503327 ], [ -3.3477790818118, 47.765299924814663 ], [ -3.347966150309429, 47.765504353910721 ], [ -3.34713739068006, 47.765599189220566 ], [ -3.346715910244908, 47.765643073229995 ], [ -3.34670824575422, 47.765625329315249 ], [ -3.346319232252916, 47.765667627446334 ], [ -3.346331402355856, 47.765780933400976 ], [ -3.345869695892212, 47.765849119157238 ], [ -3.345230512677667, 47.765899044011753 ], [ -3.345196099576583, 47.766223865450257 ], [ -3.344541622390298, 47.766173371057583 ], [ -3.344287807067023, 47.766167406179065 ], [ -3.344179220760672, 47.766151441630257 ], [ -3.344061978393954, 47.766176844801457 ], [ -3.343908498062058, 47.766214086869795 ], [ -3.343430565884563, 47.767116513535683 ], [ -3.343265966771913, 47.767401661826177 ], [ -3.34296766674174, 47.767827500208149 ], [ -3.34277894766414, 47.768038805932569 ], [ -3.339704799122622, 47.76719934321136 ], [ -3.339441674304068, 47.767126749519001 ], [ -3.339108265089973, 47.767043345306831 ], [ -3.33870678117229, 47.766951616048466 ], [ -3.337865830226711, 47.766825652324115 ], [ -3.337551745975035, 47.766796959806911 ], [ -3.337628681671726, 47.766583525429823 ], [ -3.337682127178303, 47.766439788875871 ], [ -3.337717680361742, 47.766410925178555 ], [ -3.337831112466409, 47.766358799524056 ], [ -3.337870093863029, 47.766328427038694 ], [ -3.337969633193728, 47.766289916166031 ], [ -3.33808270061918, 47.766270164267048 ], [ -3.338363362775001, 47.766223740349815 ], [ -3.338546613214711, 47.766129185640303 ], [ -3.338894606788519, 47.765364280138918 ], [ -3.339079267997386, 47.764773233790486 ], [ -3.33927868797217, 47.764130616489908 ], [ -3.339317224996815, 47.763086337551506 ], [ -3.339387145376883, 47.762480359573914 ], [ -3.338293547930276, 47.76258008621339 ], [ -3.338285036976358, 47.76253649675828 ], [ -3.337673299700723, 47.762587422230943 ], [ -3.337383098330996, 47.762552587373634 ], [ -3.337148546279958, 47.762571851594771 ], [ -3.3369969590496, 47.762519740650696 ], [ -3.336734704184869, 47.76254806441294 ], [ -3.336539567895816, 47.762630569073117 ], [ -3.334628819381559, 47.762776224087936 ], [ -3.334549987469408, 47.762793006637274 ], [ -3.334879903082016, 47.763273952850405 ], [ -3.334981160058124, 47.763506218081943 ], [ -3.334980178328209, 47.763533066286477 ], [ -3.333972644176775, 47.763872138081496 ], [ -3.333603503710709, 47.76377550724353 ], [ -3.333342695743787, 47.763716028339218 ], [ -3.333207080542858, 47.763678529668717 ], [ -3.332999061674293, 47.763933777644731 ], [ -3.33293426780918, 47.764021904454992 ], [ -3.332929722929721, 47.764071509813142 ], [ -3.332555322335571, 47.76402791026041 ], [ -3.332385169786357, 47.763995248947651 ], [ -3.332159848425316, 47.763929893852797 ], [ -3.332105518371097, 47.764000530060457 ], [ -3.331855288859578, 47.764087896488903 ], [ -3.331591453942356, 47.76403966495068 ], [ -3.331595053733489, 47.764087418658605 ], [ -3.331579636439635, 47.764131089794439 ], [ -3.331491994580742, 47.764191016663638 ], [ -3.33119929476596, 47.764236335336918 ], [ -3.330989190962512, 47.764335878691703 ], [ -3.330266080285593, 47.764377563915723 ], [ -3.329239696729978, 47.764454749464555 ], [ -3.329205525157379, 47.764273267197929 ], [ -3.329008265108163, 47.763776259121116 ], [ -3.32862004814122, 47.763080874604313 ], [ -3.328684881260695, 47.763063261022019 ], [ -3.328731252623549, 47.76303113442242 ], [ -3.328754671992462, 47.76298191749234 ], [ -3.328732871861458, 47.762939380229703 ], [ -3.329162021963755, 47.762837164145317 ], [ -3.331453978996258, 47.76265800955111 ], [ -3.331756297681371, 47.762614834729781 ], [ -3.334228963025296, 47.76244275657421 ], [ -3.336973231700066, 47.762198076363539 ], [ -3.339418582409859, 47.762007624062285 ], [ -3.339453731591865, 47.761986678611791 ], [ -3.339618775876622, 47.761976314722226 ], [ -3.339602389947794, 47.761654956881038 ], [ -3.339412328031658, 47.761113851970592 ], [ -3.339547977695352, 47.761093800506963 ], [ -3.339491463668482, 47.760865582000086 ], [ -3.34038761318335, 47.760704365993881 ], [ -3.340834359023318, 47.760590637003325 ], [ -3.340821141690781, 47.760569312789947 ], [ -3.340924236884614, 47.760535549434152 ], [ -3.341067802261304, 47.76046556298278 ], [ -3.341144737129121, 47.760409207994179 ], [ -3.34118165129314, 47.760359255522275 ], [ -3.341281104863298, 47.760324083707587 ], [ -3.34144764325334, 47.760265441799199 ], [ -3.341756722656515, 47.760253302915714 ], [ -3.3420110821966, 47.76024654974168 ], [ -3.342107377398181, 47.760238502932197 ], [ -3.342298629551758, 47.760211199500667 ], [ -3.342332856423709, 47.760182546582222 ], [ -3.342478558338449, 47.760159125379573 ], [ -3.342748133320862, 47.760115798952839 ], [ -3.342917072219773, 47.760083143099415 ], [ -3.343013982696048, 47.760043642823938 ], [ -3.342848554347556, 47.759658138205303 ], [ -3.342612988257658, 47.759103993454602 ], [ -3.343120674167154, 47.759169513842025 ], [ -3.344074578997258, 47.759136062184211 ], [ -3.34427832119378, 47.759143334105723 ], [ -3.3447393445745, 47.760015729940136 ], [ -3.344051086000488, 47.76006161135836 ], [ -3.343743003552012, 47.760087979962556 ], [ -3.343641932902348, 47.760093154488608 ], [ -3.343557331663295, 47.760120311649558 ], [ -3.343513763022606, 47.760105753493981 ], [ -3.343113271582289, 47.760114801368765 ], [ -3.342104893933883, 47.760252740471259 ], [ -3.342008058153185, 47.760279658025453 ], [ -3.34175692883486, 47.76028854316489 ], [ -3.34177406146323, 47.760494929164651 ], [ -3.341402704322696, 47.760572866826138 ], [ -3.341462501526252, 47.760723378388455 ], [ -3.341574529645759, 47.760686595855539 ], [ -3.341619468576406, 47.760709697034237 ], [ -3.341722563770249, 47.760704365993888 ], [ -3.341735781102791, 47.760892729087622 ], [ -3.341652401750379, 47.76089499815216 ], [ -3.341704620610815, 47.761612814209833 ], [ -3.341168813851265, 47.761622393369066 ], [ -3.341188170125182, 47.761938407754414 ], [ -3.339805939086059, 47.761976032764203 ], [ -3.339527349984392, 47.761998902964635 ], [ -3.339452166941807, 47.762008622678209 ], [ -3.339452471423112, 47.762028702508175 ], [ -3.33940188930762, 47.762284298010101 ], [ -3.339712756788652, 47.762308957535637 ], [ -3.33981510841436, 47.762311053970848 ], [ -3.339959640685787, 47.76229993452715 ], [ -3.341314504707417, 47.762270290854367 ], [ -3.34312109137807, 47.762218374407006 ], [ -3.343118142431988, 47.762262520765411 ], [ -3.34312925632164, 47.762401769945555 ], [ -3.342657697635806, 47.762908868271673 ], [ -3.342197542192431, 47.763379165872706 ], [ -3.341989104679343, 47.763583488385805 ], [ -3.341982069409667, 47.763625250480715 ], [ -3.341917962317964, 47.76363614089248 ], [ -3.341406586430688, 47.764165888497807 ], [ -3.339550297751674, 47.766064872632256 ], [ -3.339772770761263, 47.766193830953426 ], [ -3.339847040153759, 47.766237751094913 ], [ -3.339960630119799, 47.766278127834923 ], [ -3.340026060753763, 47.76628303987885 ], [ -3.340113826792118, 47.766247252694242 ], [ -3.340330827023661, 47.766032401566932 ], [ -3.34051564987053, 47.765933527428828 ], [ -3.340748414391684, 47.766128412791957 ], [ -3.34088549335631, 47.766028113771689 ], [ -3.341028938572933, 47.765850007818692 ], [ -3.341058822993071, 47.765831259788108 ], [ -3.341128553306707, 47.765781711389181 ], [ -3.341152460842808, 47.765799120291611 ], [ -3.341367628667758, 47.765674579554435 ], [ -3.341578494007754, 47.765586778119108 ], [ -3.341735900529161, 47.765736499440564 ], [ -3.341969301659724, 47.765626370156838 ], [ -3.342018044293949, 47.765716536622683 ], [ -3.342285338386909, 47.765600752127298 ], [ -3.342035863900151, 47.765381160135227 ], [ -3.342374436417892, 47.765233434091563 ], [ -3.342119022062399, 47.764995873763269 ], [ -3.342437922948736, 47.764684183927976 ], [ -3.342619352070496, 47.764663832385843 ], [ -3.343197202360852, 47.764358084593674 ], [ -3.34347527833942, 47.764587848693516 ], [ -3.343510986412713, 47.764562803960573 ], [ -3.343670623250055, 47.76467401045403 ], [ -3.343924233745354, 47.764871398211397 ], [ -3.34401645744624, 47.764872075021088 ], [ -3.344009743376241, 47.764952648465588 ], [ -3.344107268333647, 47.765038490734405 ], [ -3.344186598681481, 47.764990615083939 ], [ -3.344230673125701, 47.764900450333897 ], [ -3.344298768857203, 47.764819464738039 ], [ -3.344546587005595, 47.764874669467488 ], [ -3.345379103921008, 47.764963089989593 ], [ -3.345488976053089, 47.764356177358671 ], [ -3.346621241485883, 47.764425941163545 ] ] ] ] } },
{ "type": "Feature", "properties": { "fid": 559.0, "code_qp": "QN05604M", "lib_qp": "Kervenanec Nord", "insee_reg": "53", "lib_reg": "Bretagne", "insee_dep": "56", "lib_dep": "Morbihan", "insee_com": "56121", "lib_com": "Lorient", "siren_epci": "200042174" }, "geometry": { "type": "MultiPolygon", "coordinates": [ [ [ [ -3.393582681806068, 47.744378042197091 ], [ -3.393146518168109, 47.744388601794753 ], [ -3.39303632586511, 47.744379691980903 ], [ -3.393092030840188, 47.744157006618586 ], [ -3.39311878126062, 47.744108686755929 ], [ -3.392852336213214, 47.744041271087745 ], [ -3.392352030283571, 47.743888548258084 ], [ -3.392338386296427, 47.743829260893406 ], [ -3.392199248282963, 47.743791483277022 ], [ -3.392078733550174, 47.743330984208612 ], [ -3.392241414617604, 47.743311832294907 ], [ -3.392011033669405, 47.742930557444829 ], [ -3.392073983233859, 47.742912470324185 ], [ -3.391995169232198, 47.742780608403578 ], [ -3.392283511301001, 47.742687224709833 ], [ -3.392459690074176, 47.742620415492574 ], [ -3.392250035783156, 47.742299154571938 ], [ -3.392362574365455, 47.742243624535931 ], [ -3.392351494314647, 47.742169554377334 ], [ -3.392698883176937, 47.742152007353369 ], [ -3.392447055204376, 47.741014891729023 ], [ -3.392485266464442, 47.740700916020486 ], [ -3.393474071471325, 47.74063801157925 ], [ -3.393422345423554, 47.74035238592834 ], [ -3.393365236695109, 47.739841560573012 ], [ -3.394737532840026, 47.739754724593979 ], [ -3.394879287564389, 47.739814319302347 ], [ -3.394745134570369, 47.739962232029704 ], [ -3.394862741881995, 47.740831415077864 ], [ -3.394681066647356, 47.740836968486093 ], [ -3.394738757427124, 47.741226229083757 ], [ -3.395362760564065, 47.7411803515839 ], [ -3.395225464964947, 47.743157227543279 ], [ -3.395261722921282, 47.743430454315636 ], [ -3.395333803752964, 47.743501308513927 ], [ -3.395340701044689, 47.743648820013178 ], [ -3.395410002401871, 47.744062336669593 ], [ -3.395451659505915, 47.744354369897735 ], [ -3.395063336125783, 47.744356594355658 ], [ -3.394368118508426, 47.744352189282701 ], [ -3.393582681806068, 47.744378042197091 ] ] ] ] } },
{ "type": "Feature", "properties": { "fid": 560.0, "code_qp": "QN05605M", "lib_qp": "Polygone Frebault", "insee_reg": "53", "lib_reg": "Bretagne", "insee_dep": "56", "lib_dep": "Morbihan", "insee_com": "56121", "lib_com": "Lorient", "siren_epci": "200042174" }, "geometry": { "type": "MultiPolygon", "coordinates": [ [ [ [ -3.37280972041114, 47.740935772856979 ], [ -3.373973180189003, 47.740550179239278 ], [ -3.375073480688895, 47.740185830203679 ], [ -3.375260683011498, 47.740135881910021 ], [ -3.376637378327429, 47.739680905146898 ], [ -3.376446591317334, 47.739367115230209 ], [ -3.376304880071416, 47.739403457629209 ], [ -3.375515508637613, 47.739441778709192 ], [ -3.375434046380485, 47.739371530846618 ], [ -3.375910459665398, 47.739100783110004 ], [ -3.377371195714308, 47.73863961887858 ], [ -3.376865021836, 47.737925872740419 ], [ -3.376698158506855, 47.737704218310924 ], [ -3.377426576511079, 47.737470165482442 ], [ -3.37759371207058, 47.737696172114461 ], [ -3.378023833522812, 47.737550313686938 ], [ -3.378118944472428, 47.737537968377907 ], [ -3.378238274693862, 47.737570388554722 ], [ -3.378528161122284, 47.737708714920899 ], [ -3.378775595613295, 47.737885911728419 ], [ -3.379155197040419, 47.738178808379779 ], [ -3.379449685488797, 47.738408511161175 ], [ -3.379652110645415, 47.73861901156215 ], [ -3.379748662366544, 47.738710825484382 ], [ -3.379795901215389, 47.73880995713062 ], [ -3.379830896950661, 47.738924855337849 ], [ -3.379776109959878, 47.739145574686603 ], [ -3.37977398726154, 47.73916714546408 ], [ -3.379702498125645, 47.739199656603724 ], [ -3.379641015789189, 47.73926256263497 ], [ -3.37961077655955, 47.739358028624927 ], [ -3.379129606185512, 47.739431985613578 ], [ -3.378587254296193, 47.739545834266956 ], [ -3.378271323051376, 47.739639871454415 ], [ -3.375782263226448, 47.740437974793103 ], [ -3.37623354726808, 47.741096714185566 ], [ -3.375036297558045, 47.74147436292548 ], [ -3.374083546292197, 47.741779190035118 ], [ -3.373557625316004, 47.741965856232554 ], [ -3.373323010387033, 47.741640150455147 ], [ -3.373093458500628, 47.741317346534871 ], [ -3.371777181353182, 47.741736402310771 ], [ -3.371874157760611, 47.741857456317952 ], [ -3.372207730533462, 47.742320797163622 ], [ -3.372241430450026, 47.742385706530257 ], [ -3.370826004063006, 47.742842737411195 ], [ -3.370452845125102, 47.742167006178796 ], [ -3.370360916583618, 47.742186322656401 ], [ -3.36834454123263, 47.742762293745443 ], [ -3.368401969248972, 47.742158054193588 ], [ -3.368856438416195, 47.742116589315792 ], [ -3.368844980345713, 47.742050466516076 ], [ -3.368902010873517, 47.742054508564664 ], [ -3.369094593835788, 47.742029705122704 ], [ -3.369102635626938, 47.742096808801229 ], [ -3.369611903568649, 47.742051642906297 ], [ -3.369617653022963, 47.742039304777457 ], [ -3.369617598782672, 47.741832728977094 ], [ -3.370212541129838, 47.741695396360733 ], [ -3.370957996388487, 47.741516477612429 ], [ -3.37280972041114, 47.740935772856979 ] ] ] ] } },
{ "type": "Feature", "properties": { "fid": 561.0, "code_qp": "QN05606M", "lib_qp": "Bois du Château", "insee_reg": "53", "lib_reg": "Bretagne", "insee_dep": "56", "lib_dep": "Morbihan", "insee_com": "56121", "lib_com": "Lorient", "siren_epci": "200042174" }, "geometry": { "type": "MultiPolygon", "coordinates": [ [ [ [ -3.377440487238486, 47.766647108025332 ], [ -3.37739362884817, 47.766728039575426 ], [ -3.377055465860091, 47.767750153224576 ], [ -3.376988448354596, 47.76790843606107 ], [ -3.376916559025974, 47.768021588341448 ], [ -3.376796995027038, 47.768004777499968 ], [ -3.376720135014365, 47.768019893658561 ], [ -3.375522666998597, 47.768717516104189 ], [ -3.37319877870323, 47.767603004363224 ], [ -3.372705123651968, 47.767600765047384 ], [ -3.372741763514484, 47.767226479807292 ], [ -3.373574042750858, 47.766768084625198 ], [ -3.373524960074713, 47.766728913957905 ], [ -3.372965598341884, 47.766741241580142 ], [ -3.372912558923737, 47.766717380578875 ], [ -3.372873091922083, 47.766299719857031 ], [ -3.372385337793069, 47.766302624672043 ], [ -3.372395399894385, 47.76638168044316 ], [ -3.37223100282361, 47.766391814753717 ], [ -3.372160806213123, 47.766351866086389 ], [ -3.372022898483456, 47.766323503113313 ], [ -3.371974329499372, 47.765759758834342 ], [ -3.371967117731102, 47.765697760127004 ], [ -3.371860735150235, 47.765699199180354 ], [ -3.371689364987665, 47.765669805191699 ], [ -3.371584514293071, 47.765633365587504 ], [ -3.371425710453919, 47.765512634723379 ], [ -3.37139477961123, 47.765381843935778 ], [ -3.371330477663231, 47.764889801028431 ], [ -3.371319933417526, 47.764792036576033 ], [ -3.371290219018694, 47.764464619944057 ], [ -3.37163300877365, 47.764497893095751 ], [ -3.371764014770177, 47.764465004559554 ], [ -3.37185233907812, 47.764400191442796 ], [ -3.372381953492292, 47.764268368372797 ], [ -3.372822642343015, 47.764158171322222 ], [ -3.372931861744155, 47.764324551753433 ], [ -3.373365857580958, 47.764189849650975 ], [ -3.373992860302373, 47.763999374072561 ], [ -3.373828776589162, 47.7638297563674 ], [ -3.373638337739034, 47.763623640041295 ], [ -3.373605985260334, 47.763583643694318 ], [ -3.373954287275307, 47.763434243868893 ], [ -3.373368262438306, 47.762835496932681 ], [ -3.373092976644165, 47.762549884253183 ], [ -3.374793644800885, 47.761809170785682 ], [ -3.3751324627776, 47.761678305574058 ], [ -3.375383806692569, 47.761644464502432 ], [ -3.375672103835651, 47.761642154136709 ], [ -3.375848796348083, 47.761677243474935 ], [ -3.37589517879815, 47.761759699634801 ], [ -3.37596731507845, 47.761780365146485 ], [ -3.376001746078083, 47.762301771972957 ], [ -3.376025482308689, 47.762417795620628 ], [ -3.376041618150032, 47.762515282219937 ], [ -3.376133793689195, 47.76259014486503 ], [ -3.377425067304655, 47.763021946129953 ], [ -3.3776497316549, 47.762707361478704 ], [ -3.377381209543392, 47.762615841874073 ], [ -3.377482489257276, 47.76246344104549 ], [ -3.378297161258236, 47.762744158960551 ], [ -3.378366021141854, 47.762805631833963 ], [ -3.378564084144703, 47.763030271615264 ], [ -3.37860271988128, 47.763024592320214 ], [ -3.378632118640295, 47.762985349503779 ], [ -3.378899220233487, 47.763076317787394 ], [ -3.378955257502842, 47.762990508270128 ], [ -3.37910309808272, 47.763033877494685 ], [ -3.379546244423037, 47.762434455505279 ], [ -3.379326706599941, 47.762359488723995 ], [ -3.379466896345305, 47.762168618957894 ], [ -3.379659563433889, 47.762220432941966 ], [ -3.380001523637068, 47.762311641895437 ], [ -3.380249733090158, 47.762389786846633 ], [ -3.380464176322228, 47.762545816215649 ], [ -3.380329318840098, 47.762638166728557 ], [ -3.380176903612505, 47.762805280372568 ], [ -3.37968006574508, 47.763447973828626 ], [ -3.379560975101375, 47.763614974166892 ], [ -3.379247660333991, 47.764016756654463 ], [ -3.377440487238486, 47.766647108025332 ] ] ] ] } },
{ "type": "Feature", "properties": { "fid": 562.0, "code_qp": "QN05607M", "lib_qp": "Kerguillette - Petit Paradis - St Armel", "insee_reg": "53", "lib_reg": "Bretagne", "insee_dep": "56", "lib_dep": "Morbihan", "insee_com": "56121", "lib_com": "Lorient", "siren_epci": "200042174" }, "geometry": { "type": "MultiPolygon", "coordinates": [ [ [ [ -3.393294021562947, 47.764227048057691 ], [ -3.392139727937686, 47.764618475442681 ], [ -3.391459622663715, 47.764966347679568 ], [ -3.391292673755006, 47.76502075875441 ], [ -3.390638480150901, 47.765151461467141 ], [ -3.390614041593045, 47.764915742465909 ], [ -3.390370053259374, 47.764931992654368 ], [ -3.390253452431531, 47.7645627096569 ], [ -3.389823853048642, 47.764585918895065 ], [ -3.389689661741124, 47.764604133904754 ], [ -3.38960343674951, 47.764219327779337 ], [ -3.382848068087201, 47.764631594508934 ], [ -3.382863781466588, 47.764863395190531 ], [ -3.38286945099139, 47.764968308150721 ], [ -3.382315656562486, 47.764977510052958 ], [ -3.382431629093678, 47.76631802468151 ], [ -3.382768474574323, 47.767043200159357 ], [ -3.382218459627359, 47.767199505386159 ], [ -3.382726284314544, 47.767962108933887 ], [ -3.383530553171371, 47.767670323736951 ], [ -3.383701889114293, 47.767855042058116 ], [ -3.383126160995971, 47.768057182960455 ], [ -3.382311646936036, 47.768696758139569 ], [ -3.382277328921819, 47.768699801390206 ], [ -3.382276674337693, 47.768723219878829 ], [ -3.381748914735721, 47.768747363089062 ], [ -3.381732346155275, 47.768681627046092 ], [ -3.380975534526898, 47.768733472776965 ], [ -3.380963346887175, 47.768646453042578 ], [ -3.380901881341197, 47.768654485513927 ], [ -3.380849327607953, 47.768534595622711 ], [ -3.38071706106241, 47.768386322023815 ], [ -3.380601793495233, 47.768220752330627 ], [ -3.380507389136054, 47.768041183022682 ], [ -3.380499011636778, 47.768014750282177 ], [ -3.380346527896792, 47.767322762970153 ], [ -3.380528118236051, 47.767195935325297 ], [ -3.380608351504389, 47.767156480750756 ], [ -3.381183765260995, 47.767211579383357 ], [ -3.381216869219819, 47.767227308880841 ], [ -3.381828045243253, 47.767276944296313 ], [ -3.381806211933759, 47.767239555024226 ], [ -3.381961079013157, 47.76724395852446 ], [ -3.381968061635217, 47.76725877600088 ], [ -3.382083491409336, 47.767252472448945 ], [ -3.382080373071179, 47.767240951363 ], [ -3.382132640337245, 47.767235758765437 ], [ -3.382087854391334, 47.767173317382557 ], [ -3.381823681720673, 47.767168452788994 ], [ -3.381790483638867, 47.76678386566806 ], [ -3.38174941509905, 47.766788446602369 ], [ -3.381710571863465, 47.766746221613296 ], [ -3.381750677487608, 47.76669183401674 ], [ -3.381647515671923, 47.766469810694737 ], [ -3.381689209107982, 47.766335467873908 ], [ -3.38163456536954, 47.766284367622646 ], [ -3.381520890870253, 47.766021411799812 ], [ -3.380970319597714, 47.766128199239049 ], [ -3.380797900590054, 47.766152706704645 ], [ -3.380811011289666, 47.766246323685181 ], [ -3.380822516581095, 47.766357637110232 ], [ -3.380801704452341, 47.766526056971145 ], [ -3.380658866263476, 47.766703654819963 ], [ -3.380627494541931, 47.76679970043562 ], [ -3.380542380010775, 47.766787712738058 ], [ -3.380098321081317, 47.766789600111458 ], [ -3.380184133319234, 47.76615840093465 ], [ -3.380046921514357, 47.765824504129441 ], [ -3.37994934299511, 47.765733962112506 ], [ -3.379655590407938, 47.765713755412307 ], [ -3.379778877997559, 47.765180913692667 ], [ -3.379656610225492, 47.765173558870863 ], [ -3.379710832382578, 47.765018611074467 ], [ -3.380052497566325, 47.765004634972698 ], [ -3.380071916262121, 47.76474464925888 ], [ -3.380097817274978, 47.764602315878776 ], [ -3.380255508059006, 47.764347232259965 ], [ -3.380361498798783, 47.764227825334444 ], [ -3.38049117208304, 47.764072748831929 ], [ -3.380863946638287, 47.764202069826744 ], [ -3.380972562587017, 47.764050237426524 ], [ -3.381108625484742, 47.76390948386944 ], [ -3.381817970085026, 47.763292171778495 ], [ -3.381945345877605, 47.763296535456142 ], [ -3.382384123411437, 47.763315336061616 ], [ -3.382324745946408, 47.763458300679801 ], [ -3.382249013172319, 47.7636939266757 ], [ -3.382511886244025, 47.76371698204035 ], [ -3.382106336826164, 47.764238354119477 ], [ -3.382913016931047, 47.76425493553657 ], [ -3.38294339723554, 47.764492253412442 ], [ -3.382990171854557, 47.764586547237293 ], [ -3.384839585117681, 47.764472529038855 ], [ -3.384832581201586, 47.764421469419133 ], [ -3.384798670397756, 47.764087933689993 ], [ -3.386188556320902, 47.764004285053808 ], [ -3.386214289186611, 47.763101050638795 ], [ -3.386192002828115, 47.763024286212023 ], [ -3.386124383185659, 47.763020434904085 ], [ -3.385811930736073, 47.762997260780182 ], [ -3.38556138556492, 47.763023529706672 ], [ -3.38557804129138, 47.762525796637128 ], [ -3.38597333522486, 47.762469691995896 ], [ -3.386374046108974, 47.762474749576697 ], [ -3.386254118904578, 47.762873731273963 ], [ -3.386256245409348, 47.762930215175459 ], [ -3.386397945662812, 47.762945111170744 ], [ -3.388361321566066, 47.762564854015167 ], [ -3.388456189109086, 47.762779779766788 ], [ -3.38806620160344, 47.762955602352399 ], [ -3.388527162747685, 47.763451163677722 ], [ -3.388595545041421, 47.763420519602171 ], [ -3.388963197944296, 47.763970853017717 ], [ -3.389005727071718, 47.764231404495931 ], [ -3.389667814338492, 47.764198977921332 ], [ -3.389706188377884, 47.764409445153227 ], [ -3.390315632699703, 47.764373604519754 ], [ -3.390285165071959, 47.764011770834799 ], [ -3.390217240056125, 47.763912346867293 ], [ -3.391785655262014, 47.763288237182564 ], [ -3.391819377340267, 47.762700263702193 ], [ -3.391850428790271, 47.762648253723945 ], [ -3.391714372089816, 47.762604318421197 ], [ -3.390717443638858, 47.762332850419831 ], [ -3.389935112960128, 47.762108348810706 ], [ -3.389888198617974, 47.762029826370011 ], [ -3.38991854838249, 47.761909934905674 ], [ -3.389923854475573, 47.761798959600668 ], [ -3.389923148606123, 47.761638001602492 ], [ -3.389686308709912, 47.7605529053141 ], [ -3.390346295077843, 47.760487884725237 ], [ -3.390309776199225, 47.760323853938651 ], [ -3.390470395933554, 47.760390476389851 ], [ -3.390870954218671, 47.760584969732626 ], [ -3.391032635341174, 47.760626438402582 ], [ -3.39120212872846, 47.760639808225754 ], [ -3.392102375517178, 47.760525160419391 ], [ -3.392274112493962, 47.761084286639139 ], [ -3.392408676566055, 47.76148948029951 ], [ -3.391753303972989, 47.76163124033139 ], [ -3.391748655564006, 47.761644898650403 ], [ -3.391208210984973, 47.76174795382407 ], [ -3.391523501788031, 47.762438062306607 ], [ -3.391489985297544, 47.762520807842449 ], [ -3.391997490235807, 47.762676685407705 ], [ -3.392611505008409, 47.762847243415877 ], [ -3.394339793775826, 47.763310457664517 ], [ -3.394876254511835, 47.763452086583179 ], [ -3.395053485914631, 47.76348552849889 ], [ -3.395020234761414, 47.763550237737704 ], [ -3.394998253699725, 47.763615587999006 ], [ -3.395059327587243, 47.763735509265523 ], [ -3.394860783645206, 47.763821841893076 ], [ -3.394720167516069, 47.763865687162635 ], [ -3.393806172468233, 47.764049350504109 ], [ -3.393294021562947, 47.764227048057691 ] ] ] ] } },
{ "type": "Feature", "properties": { "fid": 563.0, "code_qp": "QN05608M", "lib_qp": "Kercado", "insee_reg": "53", "lib_reg": "Bretagne", "insee_dep": "56", "lib_dep": "Morbihan", "insee_com": "56260", "lib_com": "Vannes", "siren_epci": "200067932" }, "geometry": { "type": "MultiPolygon", "coordinates": [ [ [ [ -2.770561419027511, 47.649939944467597 ], [ -2.769713711755352, 47.650340089517883 ], [ -2.768809808775483, 47.650915761565685 ], [ -2.768149357278659, 47.650750464772145 ], [ -2.767728891683069, 47.650621281582971 ], [ -2.76746608640868, 47.650526468514187 ], [ -2.767294770790641, 47.650477204008347 ], [ -2.767062272876236, 47.65047503124557 ], [ -2.766538944530753, 47.650426348129635 ], [ -2.766530087723647, 47.650489592012526 ], [ -2.766496431856651, 47.650502718091786 ], [ -2.766156330463857, 47.650453793597642 ], [ -2.766230727643532, 47.64998721867979 ], [ -2.766273217386592, 47.64986080350392 ], [ -2.766349905078778, 47.649871731874278 ], [ -2.766491774949777, 47.64959493214775 ], [ -2.766295338836257, 47.649556795193618 ], [ -2.766272097682053, 47.648968682598635 ], [ -2.766989497329993, 47.649052752491365 ], [ -2.767000684329891, 47.648948104610064 ], [ -2.76702206473065, 47.648416014922482 ], [ -2.767011759023509, 47.648303471735197 ], [ -2.767805689621108, 47.648344242803255 ], [ -2.768097149417609, 47.64839715412235 ], [ -2.768237110017883, 47.648387692505516 ], [ -2.768253891486583, 47.648316998531612 ], [ -2.768368495844502, 47.648316412179831 ], [ -2.768534258186711, 47.647798841646996 ], [ -2.76954804430587, 47.647943050867291 ], [ -2.770166486629202, 47.647995026238959 ], [ -2.770287268129697, 47.647982443734662 ], [ -2.770319384537065, 47.648239960368393 ], [ -2.770439054300153, 47.648239960368358 ], [ -2.771661165545872, 47.6482447944298 ], [ -2.77230320582095, 47.648264940951776 ], [ -2.772427508520403, 47.648537975856314 ], [ -2.772736608255403, 47.648441382304561 ], [ -2.772795124520433, 47.648495648124722 ], [ -2.773133681513975, 47.64837600116671 ], [ -2.774225987695929, 47.648384661080371 ], [ -2.774229720457712, 47.648281973160877 ], [ -2.77575315863522, 47.648287765684493 ], [ -2.775782976816823, 47.646615662478261 ], [ -2.77681576729974, 47.646621113690323 ], [ -2.776284045878382, 47.646138069546403 ], [ -2.775960564631669, 47.646292547759785 ], [ -2.775723168692311, 47.646079465999655 ], [ -2.775751786070806, 47.645649968929177 ], [ -2.774877904488857, 47.644867377154995 ], [ -2.773332232191736, 47.643465000049048 ], [ -2.77339532925116, 47.643174849842993 ], [ -2.7743640080777, 47.642766581561496 ], [ -2.774604616163781, 47.642940128118894 ], [ -2.776402120708545, 47.64457253646156 ], [ -2.776395197742603, 47.644568011898137 ], [ -2.776751752860317, 47.644894030216072 ], [ -2.777063689524149, 47.64517440473572 ], [ -2.777131319803908, 47.645147883972761 ], [ -2.778407883434011, 47.644489493807761 ], [ -2.780236352895161, 47.646174099094175 ], [ -2.779562186135354, 47.646526221478645 ], [ -2.778910344873561, 47.646842546859709 ], [ -2.778237059816242, 47.6471947399003 ], [ -2.778178198340588, 47.647258628687567 ], [ -2.778140677035656, 47.647311298154285 ], [ -2.778122450436066, 47.647385876643078 ], [ -2.778097044383788, 47.648042609537455 ], [ -2.778188325902558, 47.648046968451425 ], [ -2.778728192712415, 47.648059147258763 ], [ -2.779131258724839, 47.648306232336637 ], [ -2.778844770832622, 47.648529170858986 ], [ -2.778786012261968, 47.648571979976552 ], [ -2.778585097590519, 47.648710557147723 ], [ -2.778129627749282, 47.648434783358105 ], [ -2.778027341349218, 47.648394656174681 ], [ -2.777059702522166, 47.649114948601273 ], [ -2.777014653021033, 47.64914615561382 ], [ -2.776903690874319, 47.649184081731086 ], [ -2.776724612572852, 47.649301213310757 ], [ -2.776679975884619, 47.649346844881357 ], [ -2.776620776525189, 47.649459654565952 ], [ -2.776597015052553, 47.649587222712974 ], [ -2.776595522988723, 47.650610827064902 ], [ -2.776418793716719, 47.650668314014652 ], [ -2.776020766718827, 47.650739307086866 ], [ -2.776025221611632, 47.650364358534496 ], [ -2.773297467121469, 47.650651089300041 ], [ -2.773260508535376, 47.65026754775888 ], [ -2.773262899069712, 47.649800697967763 ], [ -2.772648569576066, 47.649721365916562 ], [ -2.772592671667257, 47.649680454621304 ], [ -2.77252471720331, 47.64972061794186 ], [ -2.772415875661253, 47.649717145119546 ], [ -2.772400581062914, 47.649796295187578 ], [ -2.772297575403111, 47.649948491346017 ], [ -2.772139910676474, 47.650136136671378 ], [ -2.771947211143701, 47.650340812688036 ], [ -2.771954548869295, 47.650369403686035 ], [ -2.772174098571918, 47.650617897438202 ], [ -2.772232700607449, 47.650718581435612 ], [ -2.772046148542344, 47.650816429148136 ], [ -2.770537382075058, 47.650860128481305 ], [ -2.770609879540204, 47.650493747570501 ], [ -2.77059222375882, 47.65024462096985 ], [ -2.770561419027511, 47.649939944467597 ] ] ] ] } },
{ "type": "Feature", "properties": { "fid": 564.0, "code_qp": "QN05609M", "lib_qp": "Ménimur", "insee_reg": "53", "lib_reg": "Bretagne", "insee_dep": "56", "lib_dep": "Morbihan", "insee_com": "56260", "lib_com": "Vannes", "siren_epci": "200067932" }, "geometry": { "type": "MultiPolygon", "coordinates": [ [ [ [ -2.75830066164113, 47.67332062972617 ], [ -2.758127921318798, 47.673051067696115 ], [ -2.759053073691043, 47.672767188619233 ], [ -2.759085277681396, 47.672757068948222 ], [ -2.759068531606407, 47.672681331806167 ], [ -2.75897964859304, 47.672516236084391 ], [ -2.758772011432921, 47.67233589628394 ], [ -2.758741095602189, 47.672294260709286 ], [ -2.758758765765026, 47.672068097252414 ], [ -2.75877650126172, 47.672041823515421 ], [ -2.758757126588565, 47.671830037940197 ], [ -2.758757377129413, 47.671825988723668 ], [ -2.758761762102018, 47.671671855682867 ], [ -2.758761733263068, 47.671668049780521 ], [ -2.758761424461366, 47.671627296920626 ], [ -2.75876137397676, 47.671526399932141 ], [ -2.758636750540899, 47.671254908780234 ], [ -2.758585871805407, 47.670981591042235 ], [ -2.758627136256987, 47.670842823517397 ], [ -2.758729551642837, 47.670724142675674 ], [ -2.758807854668429, 47.670717112208159 ], [ -2.758817300747707, 47.670652833605594 ], [ -2.758823515273549, 47.670606298526174 ], [ -2.75880375748451, 47.670385551860122 ], [ -2.758803508903482, 47.670379525706203 ], [ -2.758803260322447, 47.670194053739849 ], [ -2.75880370631719, 47.670172467681986 ], [ -2.759632147945709, 47.670101337429529 ], [ -2.761997400434633, 47.669877162511469 ], [ -2.761497590187128, 47.670418492774516 ], [ -2.761464248814109, 47.670803048359936 ], [ -2.760734949971515, 47.670993036020803 ], [ -2.760744182494349, 47.671073175603922 ], [ -2.760873489158207, 47.67106646742338 ], [ -2.760914330163373, 47.671650164553498 ], [ -2.76141885678433, 47.671635789051457 ], [ -2.761485475099501, 47.672562963821903 ], [ -2.761539866649562, 47.672574779601007 ], [ -2.762151572652886, 47.672544837763731 ], [ -2.762779732560422, 47.672956125838944 ], [ -2.763151162355017, 47.673238349619254 ], [ -2.763221079988337, 47.673276960322767 ], [ -2.764287056450788, 47.67257700169619 ], [ -2.764529141575749, 47.67240029489696 ], [ -2.764878707645537, 47.672193740960125 ], [ -2.764938305440904, 47.672137048917648 ], [ -2.765078231552013, 47.672055356743151 ], [ -2.765708272920965, 47.671643320599919 ], [ -2.76582477775669, 47.671584984822012 ], [ -2.76578612749347, 47.671515619943968 ], [ -2.765182061456537, 47.671065237577587 ], [ -2.7650138047366, 47.671176100131134 ], [ -2.764797552472098, 47.671126959108591 ], [ -2.764504355119045, 47.670928993749428 ], [ -2.764446270377229, 47.670873360204425 ], [ -2.764372093249378, 47.670806890299609 ], [ -2.764275873621963, 47.670699949672098 ], [ -2.764254755560906, 47.670643583861313 ], [ -2.764193230213586, 47.670509739237829 ], [ -2.76412903011539, 47.670404796160916 ], [ -2.764079581342403, 47.67032332910361 ], [ -2.763853103319851, 47.670285212801431 ], [ -2.763855816561553, 47.670231633565784 ], [ -2.763799507576645, 47.670175949945126 ], [ -2.763729778193934, 47.670157138698137 ], [ -2.763627862350129, 47.670152772134315 ], [ -2.763731146441422, 47.669614832204218 ], [ -2.765481300974077, 47.669438124740616 ], [ -2.765894979933099, 47.670049775213919 ], [ -2.765595985311603, 47.670148858597805 ], [ -2.764927560669777, 47.670564050769983 ], [ -2.764881241660278, 47.670618262654898 ], [ -2.76486177366825, 47.670660729752719 ], [ -2.764849413255928, 47.670731745153326 ], [ -2.7648642070439, 47.67079418478459 ], [ -2.764900303871399, 47.670843837895802 ], [ -2.765799137767226, 47.67150796652566 ], [ -2.76585021045373, 47.671580222933223 ], [ -2.765950513755949, 47.671579940807355 ], [ -2.766102206197459, 47.67167464855207 ], [ -2.766745079560566, 47.672122682457989 ], [ -2.767284741812473, 47.671744265155638 ], [ -2.766420482870496, 47.671150942331032 ], [ -2.767504318613621, 47.67042523073534 ], [ -2.767917126725046, 47.670712060119676 ], [ -2.768302901282081, 47.670974422322367 ], [ -2.768399789461859, 47.671030107110631 ], [ -2.768242185503782, 47.671120830922284 ], [ -2.768415933257619, 47.671239602254751 ], [ -2.768417737592602, 47.671224323376059 ], [ -2.768657792327738, 47.671220636100422 ], [ -2.768756330742706, 47.67115617468567 ], [ -2.768757168732505, 47.671100048234251 ], [ -2.769263372256832, 47.671461192484458 ], [ -2.769203253234571, 47.671457153992407 ], [ -2.769213504866483, 47.671807178648919 ], [ -2.7688750803083, 47.672036564528455 ], [ -2.768610768028682, 47.672215548314952 ], [ -2.767715374770864, 47.672780927956353 ], [ -2.76862523172132, 47.673434681433413 ], [ -2.769510511280649, 47.672855773838862 ], [ -2.770142878924489, 47.673295389385657 ], [ -2.770101750022053, 47.673314949513319 ], [ -2.770156706311784, 47.673353178857489 ], [ -2.769293945803008, 47.673906389474311 ], [ -2.768775023363551, 47.67355580509458 ], [ -2.767812667797019, 47.674189926420226 ], [ -2.765967634575198, 47.675395783142491 ], [ -2.765291088630579, 47.675810115086698 ], [ -2.765252300203624, 47.675979116886758 ], [ -2.765201478518294, 47.676835750430115 ], [ -2.76363672394247, 47.676764644755657 ], [ -2.763643444170659, 47.676698880854445 ], [ -2.763130653240045, 47.676684477074701 ], [ -2.762923024588625, 47.675869234845351 ], [ -2.763693721123692, 47.675884923739709 ], [ -2.763707276579378, 47.675307049961553 ], [ -2.763819340053987, 47.67528749433643 ], [ -2.764069325902304, 47.675167652323935 ], [ -2.764300658997639, 47.675017685388433 ], [ -2.764877623582979, 47.674643997327749 ], [ -2.764689628621606, 47.674517737361747 ], [ -2.763073087956886, 47.673380079989947 ], [ -2.762918634427466, 47.673455476186675 ], [ -2.762649181994022, 47.673555245618068 ], [ -2.762461660045269, 47.67358086311885 ], [ -2.762195908694677, 47.673586974324166 ], [ -2.761276240536387, 47.673450203323355 ], [ -2.759986966955216, 47.673247296167489 ], [ -2.759334774040369, 47.673156734161822 ], [ -2.759135587316125, 47.673122860863479 ], [ -2.758952182310485, 47.673122564188773 ], [ -2.758817877591626, 47.673144381260819 ], [ -2.75840630239183, 47.673279874818292 ], [ -2.75830066164113, 47.67332062972617 ] ] ] ] } }
]
}
